id|name|start|end|location_id|school_id|season_id|url|special_message|created|updated|active|insurance|venue|photo_password|medical_report|photo_url|registration|public_price|show_payment_parent|show_rebate_parent|reminder_camp_days|reminder_discount_days|end_registration|start_registration|special_message_admin|show_paypal_button|paypal_button|currency_id|occupancy_camp|show_payment_order
20136|Coyote Producciones Sept. 2015|2015-09-21 07:00:00-05|2015-09-24 18:00:00-05|4|103|3|||2015-09-09|2015-09-21|t|0|-|-|||t|0|f|f|7|7|2019-05-08 07:42:52.250068-05|2019-05-08 07:42:52.347578-05||t||1|0|t
20176|Evento Linio Enero 2016|2016-01-21 07:00:00-06|2016-01-21 18:00:00-06||119|7|||2016-01-07|2016-01-18|t|0|-|-|||t|0|f|f|7|7|2019-05-08 07:42:52.250068-05|2019-05-08 07:42:52.347578-05||t||1|0|t
20083|Camp "Niños en Alegria" Beneficiencia 2015|2015-06-08 07:00:00-05|2015-06-12 18:00:00-05|34|103|2|||2015-04-09|2015-06-08|t|50000|la Casa Hogar|-|||t|0|f|f|7|7|2019-05-08 07:42:52.250068-05|2019-05-08 07:42:52.347578-05||t||1|0|t
20038|London 3ro Secundaria 2015|2015-05-31 06:30:00-05|2015-06-04 18:00:00-05|32|10|2|http://kincamp.com/london/||2014-10-01|2015-05-29|t|50000|el colegio |kincamplondon|||t|0|f|f|7|7|2019-05-08 07:42:52.250068-05|2019-05-08 07:42:52.347578-05||t||1|0|t
20084|RIA Lerma 2015|2015-06-20 06:30:00-05|2015-06-21 16:30:00-05|33|103|2|http://www.kincamp.com/rialerma||2015-04-15|2015-06-20|t|50000|el colegio |kincamprialerma|||t|0|f|f|7|7|2019-05-08 07:42:52.250068-05|2019-05-08 07:42:52.347578-05||t||1|0|t
20168|Convivio Tomás Moro 4to. primaria Enero 2016|2016-01-15 07:00:00-06|2016-01-15 18:00:00-06||119|7|http://www.kincamp.com/tomasmoro||2015-12-06|2016-01-14|t|150000|el colegio|-|||t|0|f|f|7|7|2019-05-08 07:42:52.250068-05|2019-05-08 07:42:52.347578-05||t||1|0|t
20114|Ciudad de México 4to. primaria Marzo 2016|2016-03-01 06:30:00-06|2016-03-03 18:00:00-06|34|50|7|http://www.kincamp.com/ccm|<p style="margin: 0px 0px 20px; padding: 0px; border: 0px; font-stretch: inherit; line-height: 21px; font-family: 'Droid Sans'; vertical-align: baseline; color: rgb(119, 119, 119);">El costo del campamento es de $4,000 pesos (Cuatro mil pesos 00/100MN).</p>\n\n<p style="margin: 0px 0px 20px; padding: 0px; border: 0px; font-stretch: inherit; line-height: 21px; font-family: 'Droid Sans'; vertical-align: baseline; color: rgb(119, 119, 119);"><strong style="margin: 0px; padding: 0px; border: 0px; font-style: inherit; font-variant: inherit; font-stretch: inherit; font-size: inherit; line-height: inherit; font-family: inherit; vertical-align: baseline;">Las fechas de pago son las siguientes:</strong></p>\n\n<p style="margin: 0px 0px 20px; padding: 0px; border: 0px; font-stretch: inherit; line-height: 21px; font-family: 'Droid Sans'; vertical-align: baseline; color: rgb(119, 119, 119);">Primer Pago 29 de enero 2016: $2,000 pesos<br />\nSegundo&nbsp;Pago 15 de febrero: $2,000 pesos</p>\n\n<p style="margin: 0px 0px 20px; padding: 0px; border: 0px; font-stretch: inherit; line-height: 21px; font-family: 'Droid Sans'; vertical-align: baseline; color: rgb(119, 119, 119);">Ponemos a tu disposici&oacute;n las siguientes formas de pago:</p>\n\n<p style="margin: 0px 0px 20px; padding: 0px; border: 0px; font-stretch: inherit; line-height: 21px; font-family: 'Droid Sans'; vertical-align: baseline; color: rgb(119, 119, 119);">*Dep&oacute;sito o transferencia a la cuenta:</p>\n\n<p style="margin: 0px 0px 20px; padding: 0px; border: 0px; font-stretch: inherit; line-height: 21px; font-family: 'Droid Sans'; vertical-align: baseline; color: rgb(119, 119, 119);">BBVA BANCOMER<br />\n&Aacute;NGELA PATRICIA &Aacute;VILA ROJAS<br />\nCta 0199909435 &nbsp;Clabe 012180001999094351</p>\n\n<p style="margin: 0px 0px 20px; padding: 0px; border: 0px; font-stretch: inherit; line-height: 21px; font-family: 'Droid Sans'; vertical-align: baseline; color: rgb(119, 119, 119);">*Con tarjeta de cr&eacute;dito v&iacute;a PAYPAL en nuestro sistema de inscripci&oacute;n (Ojo, en pago con tarjeta aplica 5% de comisi&oacute;n).</p>\n\n<p style="margin: 0px 0px 20px; padding: 0px; border: 0px; font-stretch: inherit; line-height: 21px; font-family: 'Droid Sans'; vertical-align: baseline; color: rgb(119, 119, 119);"><strong style="margin: 0px; padding: 0px; border: 0px; font-style: inherit; font-variant: inherit; font-stretch: inherit; font-size: inherit; line-height: inherit; font-family: inherit; vertical-align: baseline;">IMPORTANTE:</strong></p>\n\n<p style="margin: 0px 0px 20px; padding: 0px; border: 0px; font-stretch: inherit; line-height: 21px; font-family: 'Droid Sans'; vertical-align: baseline; color: rgb(119, 119, 119);">**Mandar el comprobante de pago a pagos@kincamp.com indicando: nombre completo del participante, escuela y grado.</p>\n\n<p style="margin: 0px 0px 20px; padding: 0px; border: 0px; font-stretch: inherit; line-height: 21px; font-family: 'Droid Sans'; vertical-align: baseline; color: rgb(119, 119, 119);">**En caso de requerir factura se agregar&aacute; el IVA correspondiente y te pedimos nos contactes para indicarte la forma de realizar el pago**</p>\n|2015-08-21|2016-03-01|t|150000|el Colegio|kincampccm|||t|0|f|f|7|7|2019-05-08 07:42:52.250068-05|2019-05-08 07:42:52.347578-05||t||1|0|t
20159|Marymount Prepa Enero 2016|2016-01-28 06:30:00-06|2016-01-31 14:00:00-06|3|65|7|http://www.grupo-kin.com/marymount||2015-11-12|2016-01-27|t|150000|el Colegio|kincampmarymount|||t|0|f|f|7|7|2019-05-08 07:42:52.250068-05|2019-05-08 07:42:52.347578-05||t||1|0|t
20098|Overnight London Special 2015|2015-06-29 07:00:00-05|2015-06-30 18:00:00-05|30|10|6|||2015-07-09|2015-09-11|t|0|Escuela|-|||t|0|f|f|7|7|2019-05-08 07:42:52.250068-05|2019-05-08 07:42:52.347578-05||t||1|0|t
228|VIAJE GENERACION MARYMOUNT 2012|2012-02-02 00:00:00-06|2012-02-05 00:00:00-06|25|65|15|http://www.marymount.kincamp.com/||2011-11-03|2015-03-23|t|50000|El Colegio|kincampmarymount|||t|0|f|f|7|7|2019-05-08 07:42:52.250068-05|2019-05-08 07:42:52.347578-05||t||1|0|t
20099|Americano de Tampico Enero 2016|2016-01-18 07:00:00-06|2016-01-22 18:00:00-06|14|118|7|http://www.kincamp.com/ats||2015-07-17|2016-01-18|t|150000|escuela|kincampats|||t|0|f|f|7|7|2019-05-08 07:42:52.250068-05|2019-05-08 07:42:52.347578-05||t||1|0|t
20201|Hair Camp|2016-07-17 07:00:00-05|2016-07-19 18:00:00-05||119|8|http://www.kincamp.com/||2016-06-06|2016-07-16|t|150000|el colegio|nohay||-|t|0|f|f|7|7|2019-05-08 07:42:52.250068-05|2019-05-08 07:42:52.347578-05||t||1|0|t
20172|Convivio Tomás Moro 2do. primaria Febrero 2016|2016-02-11 07:00:00-06|2016-02-11 18:00:00-06||119|7|http://www.kincamp.com/tomasmoro||2015-12-07|2016-02-10|t|150000|el colegio|-|||t|0|f|f|7|7|2019-05-08 07:42:52.250068-05|2019-05-08 07:42:52.347578-05||t||1|0|t
20179|Capacitación Primeros Auxilios|2016-02-20 09:30:00-06|2016-02-20 17:00:00-06|4|119|7|http://www.kincamp.com/||2016-02-02|2016-02-20|t|0|la oficina|kincamp|||t|0|f|f|7|7|2019-05-08 07:42:52.250068-05|2019-05-08 07:42:52.347578-05||t||1|0|t
20185|Alqimia CC 3.0|2016-05-06 07:00:00-05|2016-05-08 18:00:00-05|34|119|7|http://www.alqimia.cc/||2016-03-04|2016-05-04|t|150000|la oficina|nohay|||t|0|f|f|7|7|2019-05-08 07:42:52.250068-05|2019-05-08 07:42:52.347578-05||t||1|0|t
366|GREENGATES FORM1 2014|2014-06-23 01:00:00-05|2014-06-25 01:00:00-05|19|22|50|http://kincamp.com/greengates||2013-11-25|2014-06-27|t|50000|||||t|0|f|f|7|7|2019-05-08 07:42:52.250068-05|2019-05-08 07:42:52.347578-05||t||1|0|t
377|CEM (PRIMARIA)|2014-04-04 00:00:00-06|2014-04-06 00:00:00-06|35|57|15|||2014-02-07|2014-02-07|t||||||t|0|f|f|7|7|2019-05-08 07:42:52.250068-05|2019-05-08 07:42:52.347578-05||t||1|0|t
20120|Ciudad de México 2do. Primaria Day Camp Feb. 2016|2016-02-26 07:00:00-06|2016-02-26 18:00:00-06||50|7|http://www.kincamp.com/ccm||2015-08-24|2016-02-27|t|150000|el Colegio|kincampccm|||t|0|f|f|7|7|2019-05-08 07:42:52.250068-05|2019-05-08 07:42:52.347578-05||t||1|0|t
20188|Graduación CM2 - LFM Junio 2016|2016-06-04 08:00:00-05|2016-06-04 18:30:00-05||43|8|http://www.kincamp.com/lfm||2016-04-12|2016-06-03|t|150000|el colegio|kincamplfm|||t|0|f|f|7|7|2019-05-08 07:42:52.250068-05|2019-05-08 07:42:52.347578-05||t||1|0|t
20196|Kin Corp - AJR Junio 2016|2016-06-02 07:00:00-05|2016-06-03 18:00:00-05|25|119|8|http://www.kincamp.com/||2016-05-12|2016-05-30|t|150000|-|kincampnohay|||t|0|f|f|7|7|2019-05-08 07:42:52.250068-05|2019-05-08 07:42:52.347578-05||t||1|0|t
20096|Eton 6to Bajo Mayo 2016|2016-05-16 06:30:00-05|2016-05-20 13:00:00-05|32|20|7|http://www.kincamp.com/eton||2015-06-17|2016-05-16|t|150000|En la Escuela|kincampeton|||t|0|f|f|7|7|2019-05-08 07:42:52.250068-05|2019-05-08 07:42:52.347578-05||t||1|0|t
20187|Marymount Yumal - Padres e Hijos Mayo 2016|2016-05-28 09:00:00-05|2016-05-29 17:00:00-05||65|7|http://www.kincamp.com/marymount||2016-04-12|2016-05-27|t|150000|“Casa de descanso Tetela” (Calzada De Los Reyes num 31, Real Tetela, Cuernavaca, México / frenta a plaza norte y capufe)|kincampmarymount|||t|0|f|f|7|7|2019-05-08 07:42:52.250068-05|2019-05-08 07:42:52.347578-05||t||1|0|t
20195|Niños en Alegría |2016-06-13 07:00:00-05|2016-06-17 18:00:00-05|34|119|8|http://www.kincamp.com/||2016-05-09|2016-06-09|t|150000|-|-|||t|0|f|f|7|7|2019-05-08 07:42:52.250068-05|2019-05-08 07:42:52.347578-05||t||1|0|t
20080|Tomas Moro Lomas 6to 2015|2015-06-17 06:20:00-05|2015-06-19 17:00:00-05|5|128|2|http://kincamp.com/tml||2015-03-09|2016-08-22|t|50000|el colegio |kincamptml|||t|0|f|f|7|7|2019-05-08 07:42:52.250068-05|2019-05-08 07:42:52.347578-05||t||1|0|t
20213|Evento de integración UBER |2016-08-18 07:00:00-05|2016-08-18 18:00:00-05|25|119|7|http://www.kincamp.com/||2016-08-08|2016-08-18|t|150000|-|-|||t|0|f|f|7|7|2019-05-08 07:42:52.250068-05|2019-05-08 07:42:52.347578-05||t||1|0|t
20216|DayCamp CCM 4to. Nov 2016|2016-11-25 07:00:00-06|2016-11-25 18:00:00-06||119|9|http://www.kincamp.com/ccm||2016-08-09|2016-11-12|t|150000|el colegio|kincamp|||t|0|f|f|7|7|2019-05-08 07:42:52.250068-05|2019-05-08 07:42:52.347578-05||t||1|0|t
20021|Capacitación RutaKin y PITS|2014-10-18 01:00:00-05|2014-10-18 01:00:00-05|4|104|1|||2014-09-29|2014-10-17|t|0|||||t|0|f|f|7|7|2019-05-08 07:42:52.250068-05|2019-05-08 07:42:52.347578-05||t||1|0|t
20311|GNP Mayo 2017: Dirección de Gastos Médicos|2017-05-30 07:30:00-05|2017-05-30 18:00:00-05||119|51|||2017-05-23|2017-05-29|t|150000|Plaza GNP|-|||t|0|f|f|7|7|2019-05-08 07:42:52.250068-05|2019-05-08 07:42:52.347578-05||t||1|0|t
20244|Luis Vives Enero 2017|2017-01-27 07:00:00-06|2017-01-29 18:00:00-06|9|28|51|http://www.kincamp.com/luisvives||2016-09-14|2017-01-27|t|150000|el colegio|kincampluisvives|||t|0|f|f|7|7|2019-05-08 07:42:52.250068-05|2019-05-08 07:42:52.347578-05||t||1|0|t
20488|ASF 4th B|2018-10-08 17:54:51-05|2018-10-12 17:54:51-05|9|7|57|||2018-10-05|2022-10-03|t|0|colegio|fogataasf418|||f|0|f|f|15|15|2019-05-08 07:42:52.250068-05|2019-05-08 07:42:52.347578-05||t||1|0|f
20134|Recapacitación Oct. 2015|2015-10-10 09:00:00-05|2015-10-10 16:00:00-05|4|119|3|||2015-09-07|2015-10-07|t|0|la oficina kincampera|-|||t|0|f|f|7|7|2019-05-08 07:42:52.250068-05|2019-05-08 07:42:52.347578-05||t||1|0|t
127|ASF ART FAIR|2009-11-07 00:00:00-06|2009-11-07 00:00:00-06|24|1|30|||2009-10-28|2009-10-28|t||||||t|0|f|f|7|7|2019-05-08 07:42:52.250068-05|2019-05-08 07:42:52.347578-05||t||1|0|t
20025|Vallarta Primaria Feb 2015|2015-02-06 07:00:00-06|2015-02-08 18:00:00-06|25|51|2|http://www.kincamp.com/vallarta|<p>Ahora puedes pagar tu campamento con tarjeta de cr&eacute;dito v&iacute;a PAYPAL. (En pagos con tarjeta aplica un 5% de comisi&oacute;n).</p>\n|2014-09-30|2015-02-06|t|50000|el colegio|kincampvallarta|||t|0|f|f|7|7|2019-05-08 07:42:52.250068-05|2019-05-08 07:42:52.347578-05||t||1|0|t
20097|Eton 6to Alto Mayo 2016|2016-05-23 06:30:00-05|2016-05-27 13:00:00-05|32|20|7|http://www.kincamp.com/eton||2015-06-17|2016-05-23|t|150000|el Colegio|kincampeton|||t|0|f|f|7|7|2019-05-08 07:42:52.250068-05|2019-05-08 07:42:52.347578-05||t||1|0|t
20034|Ciudad de México 4º Prim. 2015|2015-03-11 06:30:00-06|2015-03-13 18:00:00-06|33|50|2|http://www.kincamp.com/ccm|<p>&iexcl;Adem&aacute;s del pago a cuenta bancaria, ahora puedes pagar el campamento con tarjeta de cr&eacute;dito y d&eacute;bido a trav&eacute;s de PAYPAL!</p>\n\n<p>**En pagos con tarjeta se cobra una comisi&oacute;n del 5%</p>\n|2014-10-01|2015-03-10|t|50000|el colegio|kincampccm|||t|0|f|f|7|7|2019-05-08 07:42:52.250068-05|2019-05-08 07:42:52.347578-05||t||1|0|t
20139|Sagrado Corazón 3ro. Sec. Nov. 2015|2015-11-27 07:30:00-06|2015-11-29 17:00:00-06|32|107|3|http://www.kincamp.com/sagradocorazon|<p style="margin: 0px 0px 20px; padding: 0px; border: 0px; font-stretch: inherit; line-height: 21px; font-family: 'Droid Sans'; vertical-align: baseline; color: rgb(119, 119, 119);">El costo del campamento es de $3,300 pesos (Tres mil trescientos&nbsp;pesos 00/100MN).</p>\n\n<p style="margin: 0px 0px 20px; padding: 0px; border: 0px; font-stretch: inherit; line-height: 21px; font-family: 'Droid Sans'; vertical-align: baseline; color: rgb(119, 119, 119);">Las fechas de pago son:</p>\n\n<p style="margin: 0px 0px 20px; padding: 0px; border: 0px; font-stretch: inherit; line-height: 21px; font-family: 'Droid Sans'; vertical-align: baseline; color: rgb(119, 119, 119);">&ndash; Fecha l&iacute;mite 1er pago: Jueves 15 de octubre 2015 por $1,100<br />\n&ndash; Fecha l&iacute;mite 2do pago: Viernes 30&nbsp;de octubre 2015 por $1,100<br />\n&ndash; Fecha l&iacute;mite 3er&nbsp;pago: Viernes 13&nbsp;de Noviembre&nbsp;2015 por $1,100</p>\n\n<p style="margin: 0px 0px 20px; padding: 0px; border: 0px; font-stretch: inherit; line-height: 21px; font-family: 'Droid Sans'; vertical-align: baseline; color: rgb(119, 119, 119);">Ponemos a tu disposici&oacute;n 2 formas de pago:</p>\n\n<p style="margin: 0px 0px 20px; padding: 0px; border: 0px; font-stretch: inherit; line-height: 21px; font-family: 'Droid Sans'; vertical-align: baseline; color: rgb(119, 119, 119);">*Dep&oacute;sito o transferencia a la cuenta:</p>\n\n<p style="margin: 0px 0px 20px; padding: 0px; border: 0px; font-stretch: inherit; line-height: 21px; font-family: 'Droid Sans'; vertical-align: baseline; color: rgb(119, 119, 119);">BBVA BANCOMER<br />\n&Aacute;NGELA PATRICIA &Aacute;VILA ROJAS<br />\nCta 0199909435 &nbsp;Clabe 012180001999094351</p>\n\n<p style="margin: 0px 0px 20px; padding: 0px; border: 0px; font-stretch: inherit; line-height: 21px; font-family: 'Droid Sans'; vertical-align: baseline; color: rgb(119, 119, 119);">*Con tarjeta de cr&eacute;dito v&iacute;a PAYPAL en nuestro sistema de inscripci&oacute;n (Ojo, en pago con tarjeta aplica 5% de comisi&oacute;n).</p>\n\n<p style="margin: 0px 0px 20px; padding: 0px; border: 0px; font-stretch: inherit; line-height: 21px; font-family: 'Droid Sans'; vertical-align: baseline; color: rgb(119, 119, 119);"><strong style="margin: 0px; padding: 0px; border: 0px; font-style: inherit; font-variant: inherit; font-stretch: inherit; font-size: inherit; line-height: inherit; font-family: inherit; vertical-align: baseline;">IMPORTANTE:</strong></p>\n\n<p style="margin: 0px 0px 20px; padding: 0px; border: 0px; font-stretch: inherit; line-height: 21px; font-family: 'Droid Sans'; vertical-align: baseline; color: rgb(119, 119, 119);">**Mandar el comprobante de pago a pagos@kincamp.com indicando: nombre completo del participante, escuela y grado.</p>\n\n<p style="margin: 0px 0px 20px; padding: 0px; border: 0px; font-stretch: inherit; line-height: 21px; font-family: 'Droid Sans'; vertical-align: baseline; color: rgb(119, 119, 119);">**En caso de requerir factura se agregar&aacute; el IVA correspondiente y te pedimos nos contactes para indicarte la forma de realizar el pago**</p>\n|2015-09-14|2015-11-25|t|50000|el colegio |kincampsagradocorazon|||t|0|f|f|7|7|2019-05-08 07:42:52.250068-05|2019-05-08 07:42:52.347578-05||t||1|0|t
20173|Convivio Tomás Moro 1ro. primaria Febrero 2016|2016-02-18 07:00:00-06|2016-02-18 18:00:00-06||119|7|http://www.kincamp.com/tomasmoro||2015-12-07|2016-02-18|t|150000|el colegio|-|||t|0|f|f|7|7|2019-05-08 07:42:52.250068-05|2019-05-08 07:42:52.347578-05||t||1|0|t
20169|Convivio Tomás Moro 3ro. Enero 2016|2016-01-18 07:00:00-06|2016-01-18 18:00:00-06||119|7|http://www.kincamp.com/tomasmoro||2015-12-06|2016-01-18|t|150000|el colegio|-|||t|0|f|f|7|7|2019-05-08 07:42:52.250068-05|2019-05-08 07:42:52.347578-05||t||1|0|t
20160|Luis Vives Secundaria Febrero 2016|2016-02-05 07:00:00-06|2016-02-07 18:00:00-06|32|28|7|http://www.kincamp.com/luisvives||2015-11-12|2016-02-03|t|150000|el Colegio|kincampluisvives|||t|0|f|f|7|7|2019-05-08 07:42:52.250068-05|2019-05-08 07:42:52.347578-05||t||1|0|t
20212|Evento de Integración MDLC - Maestros|2016-08-17 07:00:00-05|2016-08-17 18:00:00-05||119|8|http://www.kincamp.com/||2016-08-08|2016-08-15|t|150000|el colegio|kincamp|||t|0|f|f|7|7|2019-05-08 07:42:52.250068-05|2019-05-08 07:42:52.347578-05||t||1|0|t
20075|Tomas Moro Lomas 1º primaria (aviario) 2015|2015-03-11 07:30:00-06|2015-03-11 17:00:00-06||128|2|http://www.kincamp.com/tml||2015-02-06|2016-08-22|t|0|colegio|kincamptml|||t|0|f|f|7|7|2019-05-08 07:42:52.250068-05|2019-05-08 07:42:52.347578-05||t||1|0|t
20140|Aviario: Tomás Moro Lomas 1ro. primaria Nov. 2015|2015-11-18 08:00:00-06|2015-11-18 17:00:00-06||128|3|http://www.kincamp.com/tml||2015-09-14|2016-08-22|t|0|el colegio|kincamptml|||t|0|f|f|7|7|2019-05-08 07:42:52.250068-05|2019-05-08 07:42:52.347578-05||t||1|0|t
20085|LIMEH Coyoacan 2015|2015-07-06 07:00:00-05|2015-07-07 19:00:00-05|32|60|2|http://kincamp.com/limeh/||2015-04-15|2015-07-04|t|50000|el colegio |kincamplimeh|||t|0|f|f|7|7|2019-05-08 07:42:52.250068-05|2019-05-08 07:42:52.347578-05||t||1|0|t
20177|Alqimia C.C. 2.0 Febrero 2016|2016-02-05 07:00:00-06|2016-02-07 18:00:00-06|25|119|7|||2016-01-07|2016-02-05|t|0|-|-|||t|0|f|f|7|7|2019-05-08 07:42:52.250068-05|2019-05-08 07:42:52.347578-05||t||1|0|t
20210|Verano Kobal Senior 2017|2017-07-09 07:00:00-05|2017-07-22 11:00:00-05|32|103|53|http://www.kobal.camp/sr||2016-07-17|2017-07-15|t|150000|el Parque México|kobalsenior|||t|0|f|f|7|7|2019-05-08 07:42:52.250068-05|2019-05-08 07:42:52.347578-05||t||1|0|t
20286|TAC - Taller Anual de Campamentos|2017-02-18 07:00:00-06|2017-02-18 20:00:00-06||119|51|||2016-12-14|2017-02-15|t|0|cibeles|kincamptac|||t|0|f|f|7|7|2019-05-08 07:42:52.250068-05|2019-05-08 07:42:52.347578-05||t||1|0|t
20089|Ruta Kin - Tomas Moro Cuajimalpa 1º 2015|2015-06-15 08:00:00-05|2015-06-15 17:00:00-05||66|2|http://kincamp.com/tomasmoro-cuajimalpa||2015-05-08|2015-09-11|t|0|colegio|kincamptomasmoro|||t|0|f|f|7|7|2019-05-08 07:42:52.250068-05|2019-05-08 07:42:52.347578-05||t||1|0|t
20167|Buena Tierra Junio 2016|2016-06-24 07:00:00-05|2016-06-27 18:00:00-05|25|109|8|http://www.kincamp.com/buenatierra||2015-11-20|2016-06-22|t|150000|el Colegio|kincampbuenatierra|||t|0|f|f|7|7|2019-05-08 07:42:52.250068-05|2019-05-08 07:42:52.347578-05||t||1|0|t
20088|Colegio Internacional 1ro y 2do de SEC - Jun 2015|2015-06-05 07:30:00-05|2015-06-07 18:00:00-05|32|16|2|http://www.kincamp.com/inter|<ul class="tabs-content" style="padding-right: 0px; padding-left: 0px; margin: 0px 0px 20px; border: 0px; font-family: 'Droid Sans'; font-stretch: inherit; line-height: 20.1500015258789px; vertical-align: baseline; list-style: none; color: rgb(119, 119, 119);">\n\t<li class="active" data-href="tab-6" style="margin: 0px; padding: 0px; border: 0px; font-family: inherit; font-size: inherit; font-style: inherit; font-variant: inherit; font-weight: inherit; font-stretch: inherit; line-height: 18px; vertical-align: baseline;">El costo del campamento es de<strong style="margin: 0px; padding: 0px; border: 0px; font-family: inherit; font-size: inherit; font-style: inherit; font-variant: inherit; font-stretch: inherit; line-height: inherit; vertical-align: baseline;">&nbsp;$3,500 pesos</strong>&nbsp;(Tres mil quinientos&nbsp;pesos 00/100MN) <strong style="margin: 0px; padding: 0px; border: 0px; font-family: inherit; font-size: inherit; font-style: inherit; font-variant: inherit; font-stretch: inherit; line-height: inherit; vertical-align: baseline;">.</strong>\n\n\t<p style="margin: 0px 0px 20px; padding: 0px; border: 0px; font-family: inherit; font-size: inherit; font-style: inherit; font-variant: inherit; font-weight: inherit; font-stretch: inherit; line-height: 21px; vertical-align: baseline;">&nbsp;</p>\n\t</li>\n\t<li class="active" data-href="tab-6" style="margin: 0px; padding: 0px; border: 0px; font-family: inherit; font-size: inherit; font-style: inherit; font-variant: inherit; font-stretch: inherit; line-height: 18px; vertical-align: baseline;">\n\t<p style="font-weight: inherit; margin: 0px 0px 20px; padding: 0px; border: 0px; border-image-source: initial; border-image-slice: initial; border-image-width: initial; border-image-outset: initial; border-image-repeat: initial; font-family: inherit; font-size: inherit; font-style: inherit; font-variant: inherit; font-stretch: inherit; line-height: 21px; vertical-align: baseline;">Ponemos a tu disposici&oacute;n 2 formas de pago:</p>\n\n\t<p style="font-weight: inherit; margin: 0px 0px 20px; padding: 0px; border: 0px; border-image-source: initial; border-image-slice: initial; border-image-width: initial; border-image-outset: initial; border-image-repeat: initial; font-family: inherit; font-size: inherit; font-style: inherit; font-variant: inherit; font-stretch: inherit; line-height: 21px; vertical-align: baseline;">*Dep&oacute;sito o transferencia a la cuenta:</p>\n\n\t<p style="font-weight: inherit; margin: 0px 0px 20px; padding: 0px; border: 0px; border-image-source: initial; border-image-slice: initial; border-image-width: initial; border-image-outset: initial; border-image-repeat: initial; font-family: inherit; font-size: inherit; font-style: inherit; font-variant: inherit; font-stretch: inherit; line-height: 21px; vertical-align: baseline;"><strong style="margin: 0px; padding: 0px; border: 0px; font-family: inherit; font-size: inherit; font-style: inherit; font-variant: inherit; font-stretch: inherit; line-height: inherit; vertical-align: baseline;">BBVA BANCOMER</strong><br />\n\t<strong style="margin: 0px; padding: 0px; border: 0px; font-family: inherit; font-size: inherit; font-style: inherit; font-variant: inherit; font-stretch: inherit; line-height: inherit; vertical-align: baseline;">OLGA MORENO MU&Ntilde;OZ</strong><br />\n\t<strong style="margin: 0px; padding: 0px; border: 0px; font-family: inherit; font-size: inherit; font-style: inherit; font-variant: inherit; font-stretch: inherit; line-height: inherit; vertical-align: baseline;">Cta 0193076644 &nbsp;Clabe 012180001930766444</strong></p>\n\n\t<p style="font-weight: inherit; margin: 0px 0px 20px; padding: 0px; border: 0px; border-image-source: initial; border-image-slice: initial; border-image-width: initial; border-image-outset: initial; border-image-repeat: initial; font-family: inherit; font-size: inherit; font-style: inherit; font-variant: inherit; font-stretch: inherit; line-height: 21px; vertical-align: baseline;">*Con tarjeta de cr&eacute;dito v&iacute;a PAYPAL en nuestro sistema de inscripci&oacute;n (Ojo, en pago con tarjeta aplica 5% de comisi&oacute;n).</p>\n\n\t<p style="margin: 0px 0px 20px; padding: 0px; border: 0px; border-image-source: initial; border-image-slice: initial; border-image-width: initial; border-image-outset: initial; border-image-repeat: initial; font-family: inherit; font-size: inherit; font-style: inherit; font-variant: inherit; font-stretch: inherit; line-height: 21px; vertical-align: baseline;"><span style="font-family: inherit; font-size: inherit; font-style: inherit; font-variant: inherit; line-height: inherit; margin: 0px; padding: 0px; border: 0px; border-image-source: initial; border-image-slice: initial; border-image-width: initial; border-image-outset: initial; border-image-repeat: initial; font-stretch: inherit; vertical-align: baseline;">Por cuestiones de log&iacute;stica y organizaci&oacute;n, se establece la siguiente FECHA LIMITE para pago y registro:</span></p>\n\t</li>\n\t<li class="active" data-href="tab-6" style="margin: 0px; padding: 0px; border: 0px; font-family: inherit; font-size: inherit; font-style: inherit; font-variant: inherit; font-stretch: inherit; line-height: 18px; vertical-align: baseline;">\n\t<p style="margin: 0px 0px 20px; padding: 0px; border: 0px; border-image-source: initial; border-image-slice: initial; border-image-width: initial; border-image-outset: initial; border-image-repeat: initial; font-family: inherit; font-size: inherit; font-style: inherit; font-variant: inherit; font-stretch: inherit; line-height: 21px; vertical-align: baseline;"><strong>VIERNES 29 de MAYO de 2015</strong></p>\n\n\t<p style="font-weight: inherit; margin: 0px 0px 20px; padding: 0px; border: 0px; border-image-source: initial; border-image-slice: initial; border-image-width: initial; border-image-outset: initial; border-image-repeat: initial; font-family: inherit; font-size: inherit; font-style: inherit; font-variant: inherit; font-stretch: inherit; line-height: 21px; vertical-align: baseline;"><span style="font-family: inherit; font-size: inherit; font-style: inherit; font-variant: inherit; font-weight: inherit;">Te pedimos enviar tu comprobante de pago v&iacute;a mail a info@kincamp.com o v&iacute;a fax al 52574937 indicando nombre del acampador, grado escolar y nombre de la escuela.</span></p>\n\n\t<p style="font-weight: inherit; margin: 0px 0px 20px; padding: 0px; border: 0px; border-image-source: initial; border-image-slice: initial; border-image-width: initial; border-image-outset: initial; border-image-repeat: initial; font-family: inherit; font-size: inherit; font-style: inherit; font-variant: inherit; font-stretch: inherit; line-height: 21px; vertical-align: baseline;">**En caso de requerir factura se agregar&aacute; el IVA correspondiente y te pedimos nos contactes para indicarte la forma de realizar el pago**</p>\n\t</li>\n</ul>\n|2015-05-07|2015-06-04|t|50000|el Colegio|kincampinter|||t|0|f|f|7|7|2019-05-08 07:42:52.250068-05|2019-05-08 07:42:52.347578-05||t||1|0|t
20245|Capacitación PITS Oct. 2016 |2016-10-29 09:00:00-05|2016-10-29 18:00:00-05||119|9|||2016-09-14|2016-10-27|t|0|-|-|||t|0|f|f|7|7|2019-05-08 07:42:52.250068-05|2019-05-08 07:42:52.347578-05||t||1|0|t
20254|Seminario Integración Olinca 5to. Oct. 2016|2016-10-20 07:00:00-05|2016-10-20 18:00:00-05|43|5|9|http://www.kincamp.com/olinca||2016-09-20|2016-10-18|t|150000|el colegio|kincampolinca|||t|0|f|f|7|7|2019-05-08 07:42:52.250068-05|2019-05-08 07:42:52.347578-05||t||1|0|t
20303|Piaget Prefirst Mayo 2017|2017-05-31 08:00:00-05|2017-06-02 16:00:00-05|25|123|51|http://www.kincamp.com/piaget||2017-02-28|2017-05-31|t|150000|el colegio|kincamppiaget|||t|0|f|f|7|7|2019-05-08 07:42:52.250068-05|2019-05-08 07:42:52.347578-05||t||1|0|t
20284|Capacitación Proactivo Junio 2016|2017-06-10 09:00:00-05|2017-06-10 18:00:00-05||119|53|||2016-12-12|2017-06-07|t|0|Parque Tamayo|-|||t|0|f|f|7|7|2019-05-08 07:42:52.250068-05|2019-05-08 07:42:52.347578-05||t||1|0|t
20312|Campamento de Beneficencia Mayo 2017|2017-06-12 07:00:00-05|2017-06-16 18:00:00-05|34|103|51|||2017-05-23|2017-06-09|t|150000|el colegio|kincampbeneficencia|||t|0|f|f|7|7|2019-05-08 07:42:52.250068-05|2019-05-08 07:42:52.347578-05||t||1|0|t
337|PRUEBA VERANO|2013-10-01 01:00:00-05|2013-10-04 01:00:00-05|32|1|15|||2013-09-13|2014-04-30|t||||||t|0|f|f|7|7|2019-05-08 07:42:52.250068-05|2019-05-08 07:42:52.347578-05||t||1|0|t
167|MARYMOUNT|2011-02-03 00:00:00-06|2011-02-06 00:00:00-06|14|65|30|http://marymount.grupo-kin.com/||2010-09-21|2015-03-23|t|50000|El Colegio|kincampmarymount|||t|0|f|f|7|7|2019-05-08 07:42:52.250068-05|2019-05-08 07:42:52.347578-05||t||1|0|t
20144|Greengates J3 May 2016|2016-05-23 08:00:00-05|2016-05-26 16:00:00-05|34|22|7|http://www.kincamp.com/greengates||2015-09-14|2016-05-24|t|150000|at school|kincampgreengates|||t|0|f|f|7|7|2019-05-08 07:42:52.250068-05|2019-05-08 07:42:52.347578-05||t||1|0|t
20069|Verano Senior 2015|2015-07-19 07:00:00-05|2015-08-01 13:00:00-05|32|104|5|http://kincamp.com/senior|<p style="line-height: 20.7999992370605px;">&iexcl;Paga el campamento o aparta tu lugar con tu tarjeta de cr&eacute;dito en PAYPAL!</p>\n\n<p style="line-height: 20.7999992370605px;">* Pagando con Paypal los precios pueden variar.</p>\n\n<p>&nbsp;</p>\n|2014-12-11|2015-07-20|t|50000|el Parque México|kincampsenior|||t|0|f|f|7|7|2019-05-08 07:42:52.250068-05|2019-05-08 07:42:52.347578-05||t||1|0|t
20166|Capacitación PITS|2015-12-08 09:30:00-06|2015-12-08 16:00:00-06|13|104|6|||2015-11-19|2015-12-07|t|0|Monumento a Gandhí|no hay|||t|0|f|f|7|7|2019-05-08 07:42:52.250068-05|2019-05-08 07:42:52.347578-05||t||1|0|t
20020|Marymount Senior Integration 2015|2015-01-30 07:00:00-06|2015-02-02 18:00:00-06|32|65|2|http://www.grupo-kin.com/marymount|<p>Recuerda&nbsp;llevar una muda de ropa blanca&nbsp;&quot;presentable&quot; para la &uacute;ltima cena, un traje de ba&ntilde;o para la parrillada del Super Bowl y tenis,&nbsp;pantalones c&oacute;modos y un Sleeping Bag para el d&iacute;a &quot;Survivor&quot; que pasaremos en el bosque.&nbsp;</p>\n|2014-09-23|2015-01-29|t|150000|el colegio|kinmarymount|||t|0|f|f|7|7|2019-05-08 07:42:52.250068-05|2019-05-08 07:42:52.347578-05||t||1|0|t
20077|Francés Hidalgo 6to Prim. 2015|2015-05-29 07:30:00-05|2015-05-31 18:00:00-05|5|113|2|http://www.kincamp.com/cfh||2015-02-19|2015-05-28|t|50000|el colegio |kincampcfh|||t|0|f|f|7|7|2019-05-08 07:42:52.250068-05|2019-05-08 07:42:52.347578-05||t||1|0|t
20153|Columbia 3ro. Secundaria Nov. 2015|2015-11-20 07:30:00-06|2015-11-22 18:00:00-06|35|105|3|http://www.kincamp.com/columbia||2015-10-05|2015-11-23|t|50000|el Colegio|kincampcolumbia|uploads/camps/medical_report/reporte_medico_camp_20153_Columbia_3ro_Secundaria_Nov_2015.jpg||t|0|f|f|7|7|2019-05-08 07:42:52.250068-05|2019-05-08 07:42:52.347578-05||t||1|0|t
20066|Buena Tierra 6to Primaria 2015|2015-07-10 07:00:00-05|2015-07-12 18:00:00-05|25|109|2|http://www.kincamp.com/buenatierra|<p>** Ahora puedes pagar el campamento con tu tarjeta de cr&eacute;dito/d&eacute;bito a trav&eacute;s de PAYPAL. (** OJO, en pagos con tarjeta aplica un 5% de comisi&oacute;n).</p>\n|2014-11-14|2015-11-24|t|50000|el colegio |kincampbuenatierra|||t|0|f|f|7|7|2019-05-08 07:42:52.250068-05|2019-05-08 07:42:52.347578-05||t||1|0|t
20081|Dia del Niño London Cuerna 2015|2015-04-30 09:00:00-05|2015-04-30 12:00:00-05|30|10|2|||2015-03-13|2015-04-27|t|0|Escuela|-|||t|0|f|f|7|7|2019-05-08 07:42:52.250068-05|2019-05-08 07:42:52.347578-05||t||1|0|t
20154|LIMEH Coyoacán Mayo 2016|2016-05-20 07:00:00-05|2016-05-21 19:00:00-05|25|60|7|http://www.kincamp.com/limeh||2015-10-05|2016-05-19|t|150000|el Colegio|kincamplimeh|||t|0|f|f|7|7|2019-05-08 07:42:52.250068-05|2019-05-08 07:42:52.347578-05||t||1|0|t
20161|Olinca Prepri Abril 2016|2016-04-21 07:00:00-05|2016-04-23 18:00:00-05|9|5|7|http://www.kincamp.com/olinca||2015-11-12|2016-04-20|t|150000|el Colegio|kincampolinca|||t|0|f|f|7|7|2019-05-08 07:42:52.250068-05|2019-05-08 07:42:52.347578-05||t||1|0|t
20092|ASF New Student Retreat 2015|2015-08-28 06:30:00-05|2015-08-28 17:00:00-05|8|7|6|http://kincamp.com/asf||2015-05-19|2015-08-28|t|50000|School|kincampasf|||t|0|f|f|7|7|2019-05-08 07:42:52.250068-05|2019-05-08 07:42:52.347578-05||t||1|0|t
20149|Hamilton Secundaria Mayo 2016|2016-05-26 06:00:00-05|2016-05-29 18:30:00-05|14|54|7|http://www.kincamp.com/hamilton||2015-09-28|2016-05-26|t|150000|el Colegio|kincamphamilton|||t|0|f|f|7|7|2019-05-08 07:42:52.250068-05|2019-05-08 07:42:52.347578-05||t||1|0|t
20141|Xochimilco: Tomás Moro Lomas 2do. primaria Nov. 2015|2015-11-25 08:00:00-06|2015-11-25 17:00:00-06||128|3|http://www.kincamp.com/tml||2015-09-14|2016-08-22|t|0|el colegio|kincamptml|||t|0|f|f|7|7|2019-05-08 07:42:52.250068-05|2019-05-08 07:42:52.347578-05||t||1|0|t
20152|Centro Educativo Moderno Marzo 2016|2016-03-04 09:30:00-06|2016-03-06 18:00:00-06|9|57|7|http://www.kincamp.com/cem||2015-10-05|2016-03-04|t|150000|el Colegio|kincampcem|||t|0|f|f|7|7|2019-05-08 07:42:52.250068-05|2019-05-08 07:42:52.347578-05||t||1|0|t
20170|Convivio Tomás Moro 5to. Enero 2016|2016-01-26 07:00:00-06|2016-01-26 18:00:00-06||119|7|http://www.kincamp.com/tomasmoro||2015-12-06|2016-01-26|t|150000|el colegio|-|||t|0|f|f|7|7|2019-05-08 07:42:52.250068-05|2019-05-08 07:42:52.347578-05||t||1|0|t
20214|Alqimia 4.0 Agosto 2016|2016-08-26 07:00:00-05|2016-08-28 18:00:00-05|25|119|8|http://www.kincamp.com/||2016-08-08|2016-08-25|t|150000|-|-|||t|0|f|f|7|7|2019-05-08 07:42:52.250068-05|2019-05-08 07:42:52.347578-05||t||1|0|t
20205|New Students Retreat August 2016|2016-08-26 06:30:00-05|2016-08-26 16:15:00-05|41|7|8|http://www.kincamp.com/nsr||2016-06-21|2016-09-19|t|150000|at college|kincampnsr|||t|0|f|f|7|7|2019-05-08 07:42:52.250068-05|2019-05-08 07:42:52.347578-05||t||1|0|t
20223|Capacitación 2016-2|2016-09-10 11:29:12-05|2016-09-10 20:00:00-05|32|104|9|||2016-08-29|2016-09-10|t|0|Cibeles|kincamp|||t|0|f|f|7|7|2019-05-08 07:42:52.250068-05|2019-05-08 07:42:52.347578-05||t||1|0|t
20137|Fernando de Magallanes Dic. 2015|2015-12-04 12:00:00-06|2015-12-06 18:00:00-06|32|120|3|http://www.kincamp.com/magallanes|<p style="margin: 0px 0px 20px; padding: 0px; border: 0px; font-stretch: inherit; line-height: 21px; font-family: 'Droid Sans'; vertical-align: baseline; color: rgb(119, 119, 119); text-align: center;">El costo del campamento es de $3,300 pesos (Tres mil trescientos pesos 00/100MN).</p>\n\n<p style="margin: 0px 0px 20px; padding: 0px; border: 0px; font-stretch: inherit; line-height: 21px; font-family: 'Droid Sans'; vertical-align: baseline; color: rgb(119, 119, 119); text-align: center;">El pago se realiza directamente en la caja del colegio.</p>\n|2015-09-10|2015-12-07|t|50000|el Colegio|kincampfm|uploads/camps/medical_report/reporte_medico_camp_20137_Fernando_de_Magallanes_Dic_2015.JPG||t|0|f|f|7|7|2019-05-08 07:42:52.250068-05|2019-05-08 07:42:52.347578-05||t||1|0|t
20224|Columbia 1ro. sec. Nov. 2016|2016-11-11 07:30:00-06|2016-11-13 18:00:00-06|25|105|9|http://www.kincamp.com/columbia||2016-08-29|2016-11-11|t|150000|el colegio|kincampcolumbia|||t|0|f|f|7|7|2019-05-08 07:42:52.250068-05|2019-05-08 07:42:52.347578-05||t||1|0|t
20253|Seminario Inetgración Olinca Prepri Oct. 2016|2016-10-26 07:00:00-05|2016-10-26 18:00:00-05|43|5|9|http://www.kincamp.com/olinca||2016-09-20|2016-10-26|t|150000|el colegio|kincampolinca|||t|0|f|f|7|7|2019-05-08 07:42:52.250068-05|2019-05-08 07:42:52.347578-05||t||1|0|t
20304|Kin Corp: Clarke Modet|2017-03-24 07:00:00-06|2017-03-24 06:00:00-06||119|51|||2017-03-02|2017-03-21|t|0|Barranca del muerto e Insurgentes / Santa Fé|-|||t|0|f|f|7|7|2019-05-08 07:42:52.250068-05|2019-05-08 07:42:52.347578-05||t||1|0|t
20246|Capacitación Inclusión Dic. 2016|2016-12-03 09:00:00-06|2016-12-04 18:00:00-06||119|9|||2016-09-14|2016-12-03|t|0|-|-|||t|0|f|f|7|7|2019-05-08 07:42:52.250068-05|2019-05-08 07:42:52.347578-05||t||1|0|t
20220|Decroly 3ra. Sección Febrero 2017|2017-02-13 07:00:00-06|2017-02-16 18:00:00-06|32|119|51|http://www.kincamp.com/||2016-08-25|2017-02-13|t|150000|el colegio|kincamp|||t|0|f|f|7|7|2019-05-08 07:42:52.250068-05|2019-05-08 07:42:52.347578-05||t||1|0|t
20247|Reclutamiento Masivo Enero 2017|2017-01-07 09:00:00-06|2017-01-07 18:00:00-06||119|51|||2016-09-14|2017-01-07|t|0|-|-|||t|0|f|f|7|7|2019-05-08 07:42:52.250068-05|2019-05-08 07:42:52.347578-05||t||1|0|t
20283|Capacitación Protección Civil Mayo 2016|2017-05-13 09:00:00-05|2017-05-13 18:00:00-05||119|51|||2016-12-12|2017-05-10|t|0|oficina|-|||t|0|f|f|7|7|2019-05-08 07:42:52.250068-05|2019-05-08 07:42:52.347578-05||t||1|0|t
20305|Kin Corp: GNP Operaciones|2017-03-25 07:00:00-06|2017-03-25 18:00:00-06||119|51|||2017-03-02|2017-03-23|t|0|Sport City San Antonio|-|||t|0|f|f|7|7|2019-05-08 07:42:52.250068-05|2019-05-08 07:42:52.347578-05||t||1|0|t
20306|Fiesta Linio Marzo 2017|2017-03-16 17:00:00-06|2017-03-16 04:00:00-06||119|51|||2017-03-03|2017-03-16|t|0|Oficina|-|||t|0|f|f|7|7|2019-05-08 07:42:52.250068-05|2019-05-08 07:42:52.347578-05||t||1|0|t
20313|GNP Mayo 2017: Vicepresidencia|2017-06-02 07:00:00-05|2017-06-02 18:00:00-05||119|7|||2017-05-25|2017-06-02|t|0|-|-|||t|0|f|f|7|7|2019-05-08 07:42:52.250068-05|2019-05-08 07:42:52.347578-05||t||1|0|t
20314|UBER 1|2017-07-13 06:00:00-05|2017-07-13 18:00:00-05||1|53|||2017-06-03|2017-07-11|t|0|oficina|N/A|||t|0|f|f|7|7|2019-05-08 07:42:52.250068-05|2019-05-08 07:42:52.347578-05||t||1|0|t
159|EMMANUEL MOUNIER|2011-01-26 00:00:00-06|2011-01-28 00:00:00-06|26|21|30|http://www.mounier.kincamp.com||2010-07-08|2010-07-08|t||||||t|0|f|f|7|7|2019-05-08 07:42:52.250068-05|2019-05-08 07:42:52.347578-05||t||1|0|t
165|EVENTO AEROLINEA|2010-11-22 00:00:00-06|2010-11-26 00:00:00-06|14|1|30|||2010-09-21|2010-09-21|t||||||t|0|f|f|7|7|2019-05-08 07:42:52.250068-05|2019-05-08 07:42:52.347578-05||t||1|0|t
20068|Verano Junior 2015|2015-07-19 07:00:00-05|2015-08-01 13:00:00-05|5|104|5|http://kincamp.com/junior|<p>&iexcl;Paga el campamento o aparta tu lugar con tu tarjeta de cr&eacute;dito en PAYPAL!</p>\n\n<p>* Pagando con Paypal los precios pueden variar.</p>\n|2014-12-11|2015-07-24|t|50000|el Parque México|kincampjunior|||t|0|f|f|7|7|2019-05-08 07:42:52.250068-05|2019-05-08 07:42:52.347578-05||t||1|0|t
20036|Bosque Real Prim. Alta/ Sec. 2015|2015-03-16 07:00:00-06|2015-03-20 15:00:00-06|5|53|2|http://www.kincamp.com/bosquereal||2014-10-01|2015-03-14|t|50000|el colegio para la salida / el Parque para el regreso|kincampbosquereal|||t|0|f|f|7|7|2019-05-08 07:42:52.250068-05|2019-05-08 07:42:52.347578-05||t||1|0|t
20090|Ruta Kin - Tomas Moro Cuajimalpa 2º 2015|2015-06-17 08:00:00-05|2015-06-17 17:00:00-05||66|2|http://kincamp.com/tomasmoro-cuajimalpa||2015-05-08|2015-09-11|t|0|colegio|kincamptomasmoro|||t|0|f|f|7|7|2019-05-08 07:42:52.250068-05|2019-05-08 07:42:52.347578-05||t||1|0|t
20093|ASF 7th Grade Camp February 2016|2016-02-22 06:00:00-06|2016-02-26 17:00:00-06|3|7|7|http://www.kincamp.com/asf||2015-05-19|2016-02-22|t|150000|School|kincampasf|||t|0|f|f|7|7|2019-05-08 07:42:52.250068-05|2019-05-08 07:42:52.347578-05||t||1|0|t
20186|Instituto Piaget Prefirst Junio 2016|2016-06-13 08:00:00-05|2016-06-15 16:00:00-05|32|123|8|http://www.kincamp.com/piaget||2016-03-17|2016-06-20|t|150000|el colegio|kincamppiaget|||t|0|f|f|7|7|2019-05-08 07:42:52.250068-05|2019-05-08 07:42:52.347578-05||t||1|0|t
20142|Teotihuacán: Tomás Moro Lomas 3ro. primaria Feb. 2016|2016-02-10 07:00:00-06|2016-02-10 17:00:00-06||128|7|http://www.kincamp.com/tml||2015-09-14|2016-08-22|t|0|el colegio|kincamptml|||t|0|f|f|7|7|2019-05-08 07:42:52.250068-05|2019-05-08 07:42:52.347578-05||t||1|0|t
20162|Formus MTY Mayo 2016|2016-05-03 08:00:00-05|2016-05-05 17:00:00-05|29|17|7|http://www.kincamp.com/formus||2015-11-12|2016-04-30|t|150000|el Hotel Bahía Escondida|kincampformus|||t|0|f|f|7|7|2019-05-08 07:42:52.250068-05|2019-05-08 07:42:52.347578-05||t||1|0|t
20171|Convivio Tomás Moro 6to. Febrero 2016|2016-02-04 07:00:00-06|2016-02-04 18:00:00-06||119|7|http://www.kincamp.com/tomasmoro||2015-12-06|2016-02-02|t|150000|el colegio|-|||t|0|f|f|7|7|2019-05-08 07:42:52.250068-05|2019-05-08 07:42:52.347578-05||t||1|0|t
247|COLEGIO COYOACAN 2012|2012-06-21 01:00:00-05|2012-06-22 01:00:00-05|2|60|30|http://limeh.kincamp.com||2012-03-07|2012-06-06|t||||||t|0|f|f|7|7|2019-05-08 07:42:52.250068-05|2019-05-08 07:42:52.347578-05||t||1|0|t
253|GREENGATES SCHOOL 2012|2012-06-18 01:00:00-05|2012-06-20 01:00:00-05|19|22|15|http://greengates.kincamp.com||2012-05-24|2012-05-24|t||||||t|0|f|f|7|7|2019-05-08 07:42:52.250068-05|2019-05-08 07:42:52.347578-05||t||1|0|t
20029|Sagrado Corazón 2do SEC 2015|2015-02-27 07:30:00-06|2015-03-01 17:30:00-06|32|107|2|http://www.kincamp.com/sagradocorazon|<ul class="tabs-content" style="margin: 0px 0px 20px; padding-right: 0px; padding-left: 0px; border: 0px; font-family: 'Droid Sans'; font-stretch: inherit; line-height: 20.1500015258789px; vertical-align: baseline; list-style: none; color: rgb(119, 119, 119);">\n\t<li class="active" data-href="tab-6" style="margin: 0px; padding: 0px; border: 0px; font-family: inherit; font-size: inherit; font-style: inherit; font-variant: inherit; font-weight: inherit; font-stretch: inherit; line-height: 18px; vertical-align: baseline;">El costo del campamento es de $3,100 pesos (Tres mil cien pesos 00/100MN).\n\t<p style="margin: 0px 0px 20px; padding: 0px; border: 0px; font-family: inherit; font-size: inherit; font-style: inherit; font-variant: inherit; font-weight: inherit; font-stretch: inherit; line-height: 21px; vertical-align: baseline;">Ponemos a tu disposici&oacute;n 3 FECHAS de pago y 2 FORMAS de pago:</p>\n\n\t<p style="margin: 0px 0px 20px; padding: 0px; border: 0px; font-family: inherit; font-size: inherit; font-style: inherit; font-variant: inherit; font-weight: inherit; font-stretch: inherit; line-height: 21px; vertical-align: baseline;">1ra. Fecha de pago 15 de diciembre 2014 por $1,000<br />\n\t2da. Fecha de pago 15 de enero de 2015 por $1,000<br />\n\t3ra. Fecha de pago 13 de Febrero de 2015 por $1,100</p>\n\n\t<p style="margin: 0px 0px 20px; padding: 0px; border: 0px; font-family: inherit; font-size: inherit; font-style: inherit; font-variant: inherit; font-weight: inherit; font-stretch: inherit; line-height: 21px; vertical-align: baseline;">*Dep&oacute;sito o transferencia a la cuenta:</p>\n\n\t<p style="margin: 0px 0px 20px; padding: 0px; border: 0px; font-family: inherit; font-size: inherit; font-style: inherit; font-variant: inherit; font-weight: inherit; font-stretch: inherit; line-height: 21px; vertical-align: baseline;">BBVA BANCOMER<br />\n\tOLGA MORENO MU&Ntilde;OZ<br />\n\tCta 0193076644 &nbsp;Clabe 012180001930766444</p>\n\n\t<p style="margin: 0px 0px 20px; padding: 0px; border: 0px; font-family: inherit; font-size: inherit; font-style: inherit; font-variant: inherit; font-weight: inherit; font-stretch: inherit; line-height: 21px; vertical-align: baseline;">*Con tarjeta de cr&eacute;dito v&iacute;a PAYPAL en nuestro sistema de inscripci&oacute;n (Ojo, en pago con tarjeta aplica 5% de comisi&oacute;n).</p>\n\n\t<p style="margin: 0px 0px 20px; padding: 0px; border: 0px; font-family: inherit; font-size: inherit; font-style: inherit; font-variant: inherit; font-weight: inherit; font-stretch: inherit; line-height: 21px; vertical-align: baseline;">La fecha l&iacute;mite de pago es el d&iacute;a viernes 13 de Febrero de 2015. Ese d&iacute;a se cierran inscripciones.</p>\n\n\t<p style="margin: 0px 0px 20px; padding: 0px; border: 0px; font-family: inherit; font-size: inherit; font-style: inherit; font-variant: inherit; font-weight: inherit; font-stretch: inherit; line-height: 21px; vertical-align: baseline;">Te recordamos enviar tu comprobante de pago v&iacute;a mail a info@kincamp.com o v&iacute;a fax al 52574937 indicando nombre del acampador, grado escolar y nombre de la escuela.</p>\n\n\t<p style="margin: 0px 0px 20px; padding: 0px; border: 0px; font-family: inherit; font-size: inherit; font-style: inherit; font-variant: inherit; font-weight: inherit; font-stretch: inherit; line-height: 21px; vertical-align: baseline;">**En caso de requerir factura se agregar&aacute; el IVA correspondiente y te pedimos nos contactes para indicarte la forma de realizar el pago**</p>\n\t</li>\n</ul>\n|2014-10-01|2015-02-26|t|50000|El Colegio|kincampsagradocorazon|||t|0|f|f|7|7|2019-05-08 07:42:52.250068-05|2019-05-08 07:42:52.347578-05||t||1|0|t
20072|Capacitación Primeros Auxilios 2015|2015-02-21 10:00:00-06|2015-02-21 15:00:00-06|4|103|2|||2015-01-14|2015-04-15|t|0|Oficina|Oficina|||t|0|f|f|7|7|2019-05-08 07:42:52.250068-05|2019-05-08 07:42:52.347578-05||t||1|0|t
20091|Ruta Kin - Tomas Moro Cuajimalpa 3º 2015|2015-06-19 08:00:00-05|2015-06-19 17:00:00-05||66|2|http://kincamp.com/tomasmoro-cuajimalpa||2015-05-08|2015-09-11|t|0|colegio|kincamptomasmoro|||t|0|f|f|7|7|2019-05-08 07:42:52.250068-05|2019-05-08 07:42:52.347578-05||t||1|0|t
20285|Concentración Kobal Junio 2017|2017-07-06 09:00:00-05|2017-07-07 18:00:00-05||119|53|||2016-12-12|2017-07-06|t|0|-|-|||t|0|f|f|7|7|2019-05-08 07:42:52.250068-05|2019-05-08 07:42:52.347578-05||t||1|0|t
20315|UBER 2|2017-07-21 06:00:00-05|2017-07-21 18:00:00-05||1|53|||2017-06-03|2017-07-17|t|0|oficina|N/A|||t|0|f|f|7|7|2019-05-08 07:42:52.250068-05|2019-05-08 07:42:52.347578-05||t||1|0|t
20225|Columbia 2do. sec. Nov. 2016|2016-11-11 07:30:00-06|2016-11-13 18:00:00-06|2|105|9|http://www.kincamp.com/columbia||2016-08-29|2016-11-11|t|150000|el colegio|kincampcolumbia|||t|0|f|f|7|7|2019-05-08 07:42:52.250068-05|2019-05-08 07:42:52.347578-05||t||1|0|t
20138|Nuevo Continente Cuerna Julio 2016|2016-07-07 07:30:00-05|2016-07-10 18:00:00-05|32|68|8|http://www.kincamp.com/ncc||2015-09-10|2016-07-06|t|150000|el Colegio|kincampncc|||t|0|f|f|7|7|2019-05-08 07:42:52.250068-05|2019-05-08 07:42:52.347578-05||t||1|0|t
20121|Tomás Moro Cuajimalpa 4to. Primaria Enero 2016|2016-01-27 07:00:00-06|2016-01-28 17:00:00-06|5|66|7|http://www.kincamp.com/tomasmoro||2015-09-01|2016-01-27|t|150000|el colegio |kincamptomasmoro|||t|0|f|f|7|7|2019-05-08 07:42:52.250068-05|2019-05-08 07:42:52.347578-05||t||1|0|t
20155|Decroly Secundaria Enero 2016|2016-01-19 07:00:00-06|2016-01-22 18:00:00-06|9|69|7|http://www.kincamp.com/decroly|<p>El pago se realiza en la caja de la escuela.</p>\n|2015-10-29|2016-01-19|t|150000|el Colegio|kincampdecroly|||t|0|f|f|7|7|2019-05-08 07:42:52.250068-05|2019-05-08 07:42:52.347578-05||t||1|0|t
20143|Tomás Moro Lomas 5to. primaria Mayo 2016|2016-05-11 06:30:00-05|2016-05-13 18:00:00-05|32|128|7|http://www.kincamp.com/tml||2015-09-14|2016-08-22|t|150000|el colegio |kincamptml|||t|0|f|f|7|7|2019-05-08 07:42:52.250068-05|2019-05-08 07:42:52.347578-05||t||1|0|t
20251|Capacitación de Aventura Abril 2017|2017-04-01 09:00:00-06|2017-04-01 18:00:00-06||119|51|||2016-09-14|2017-03-29|t|0|-|-|||t|0|f|f|7|7|2019-05-08 07:42:52.250068-05|2019-05-08 07:42:52.347578-05||t||1|0|t
20082|London Special English 2015|2015-06-29 08:30:00-05|2015-06-30 18:00:00-05|34|10|2|http://www.kincamp.com/london||2015-03-17|2015-07-08|t|50000|el colegio |kincamplondon|||t|0|f|f|7|7|2019-05-08 07:42:52.250068-05|2019-05-08 07:42:52.347578-05||t||1|0|t
20316|Coordinador|2017-08-01 00:00:00-05|2018-07-31 00:00:00-05||119|52|||2017-06-20|2017-10-30|t|0|Oficina|kin|||f|0|f|f|7|7|2019-05-08 07:42:52.250068-05|2019-05-08 07:42:52.347578-05||t||1|0|t
162|VISTA HERMOSA 2 SECUNDARIA|2010-11-18 00:00:00-06|2010-11-20 00:00:00-06|2|36|30|http://vistahermosa.kincamp.com||2010-09-06|2010-09-21|t||||||t|0|f|f|7|7|2019-05-08 07:42:52.250068-05|2019-05-08 07:42:52.347578-05||t||1|0|t
169|MERICI 1 SECUNDARIA|2010-11-12 00:00:00-06|2010-11-14 00:00:00-06|25|27|15|http://merici.kincamp.com||2010-10-08|2010-11-03|t||||||t|0|f|f|7|7|2019-05-08 07:42:52.250068-05|2019-05-08 07:42:52.347578-05||t||1|0|t
170|MERICI 2 SECUNDARIA|2010-11-12 00:00:00-06|2010-11-14 00:00:00-06|16|27|15|http://merici.kincamp.com||2010-10-08|2010-11-03|t||||||t|0|f|f|7|7|2019-05-08 07:42:52.250068-05|2019-05-08 07:42:52.347578-05||t||1|0|t
161|BILBAO|2010-11-03 00:00:00-06|2010-11-05 00:00:00-06|27|9|30|http://www.bilbao.kincamp.com||2010-09-05|2010-09-05|t||||||t|0|f|f|7|7|2019-05-08 07:42:52.250068-05|2019-05-08 07:42:52.347578-05||t||1|0|t
164|IPEFH|2010-10-21 01:00:00-05|2010-10-23 01:00:00-05|2|37|30|http://www.kincamp.com||2010-09-07|2010-09-07|t||||||t|0|f|f|7|7|2019-05-08 07:42:52.250068-05|2019-05-08 07:42:52.347578-05||t||1|0|t
20156|Decroly Primaria Febrero 2016|2016-02-17 07:00:00-06|2016-02-19 18:00:00-06|9|69|7|http://www.kincamp.com/decroly|<p>El pago se realiza en la caja de la escuela.</p>\n|2015-10-29|2016-02-17|t|150000|el Colegio|kincampdecroly|||t|0|f|f|7|7|2019-05-08 07:42:52.250068-05|2019-05-08 07:42:52.347578-05||t||1|0|t
20122|Tomás Moro Cuajimalpa 5to. Primaria Marzo 2016|2016-03-02 08:00:00-06|2016-03-03 17:00:00-06|32|66|7|http://www.kincamp.com/tomasmoro||2015-09-01|2016-03-02|t|150000|el colegio|kincamptomasmoro|||t|0|f|f|7|7|2019-05-08 07:42:52.250068-05|2019-05-08 07:42:52.347578-05||t||1|0|t
20157|Decroly Pre-escolar Marzo 2016|2016-03-09 07:00:00-06|2016-03-10 18:00:00-06|9|69|7|http://www.kincamp.com/decroly|<p>El pago se realiza en la caja de la escuela.</p>\n|2015-10-29|2016-03-09|t|150000|el Colegio|kincampdecroly|||t|0|f|f|7|7|2019-05-08 07:42:52.250068-05|2019-05-08 07:42:52.347578-05||t||1|0|t
20145|Tomás Moro Lomas 6to. primaria Junio 2016|2016-06-01 06:30:00-05|2016-06-03 18:00:00-05|5|128|8|http://www.kincamp.com/tml||2015-09-14|2016-08-22|t|150000|el colegio|kincamptml|||t|0|f|f|7|7|2019-05-08 07:42:52.250068-05|2019-05-08 07:42:52.347578-05||t||1|0|t
20063|Nuevo Continente Metepec 6to Prim. 2015|2015-05-15 07:00:00-05|2015-05-17 18:00:00-05|25|52|2|http://www.kincamp.com/ncm|<ul class="tabs-content" style="margin: 0px 0px 20px; padding-right: 0px; padding-left: 0px; border: 0px; font-family: 'Droid Sans'; font-stretch: inherit; line-height: 20.1500015258789px; vertical-align: baseline; list-style: none; color: rgb(119, 119, 119);">\n\t<li class="active" data-href="tab-6" style="margin: 0px; padding: 0px; border: 0px; font-family: inherit; font-size: inherit; font-style: inherit; font-variant: inherit; font-weight: inherit; font-stretch: inherit; line-height: 18px; vertical-align: baseline;">El costo del campamento es de<strong style="margin: 0px; padding: 0px; border: 0px; font-family: inherit; font-size: inherit; font-style: inherit; font-variant: inherit; font-stretch: inherit; line-height: inherit; vertical-align: baseline;">&nbsp;$3,300 pesos</strong>&nbsp;(Tres mil trescientos&nbsp;pesos 00/100MN) si se juntan menos de&nbsp;<strong style="margin: 0px; padding: 0px; border: 0px; font-family: inherit; font-size: inherit; font-style: inherit; font-variant: inherit; font-stretch: inherit; line-height: inherit; vertical-align: baseline;">50 acampadores</strong>&nbsp;y de&nbsp;<strong style="margin: 0px; padding: 0px; border: 0px; font-family: inherit; font-size: inherit; font-style: inherit; font-variant: inherit; font-stretch: inherit; line-height: inherit; vertical-align: baseline;">$3,100 pesos</strong>&nbsp;(tres mil cien pesos 00/100 MN) si se juntan mas de&nbsp;<strong style="margin: 0px; padding: 0px; border: 0px; font-family: inherit; font-size: inherit; font-style: inherit; font-variant: inherit; font-stretch: inherit; line-height: inherit; vertical-align: baseline;">51 acampadores.</strong>\n\n\t<p style="margin: 0px 0px 20px; padding: 0px; border: 0px; font-family: inherit; font-size: inherit; font-style: inherit; font-variant: inherit; font-weight: inherit; font-stretch: inherit; line-height: 21px; vertical-align: baseline;">Ponemos a tu disposici&oacute;n 2 formas de pago:</p>\n\n\t<p style="margin: 0px 0px 20px; padding: 0px; border: 0px; font-family: inherit; font-size: inherit; font-style: inherit; font-variant: inherit; font-weight: inherit; font-stretch: inherit; line-height: 21px; vertical-align: baseline;">*Dep&oacute;sito o transferencia a la cuenta:</p>\n\n\t<p style="margin: 0px 0px 20px; padding: 0px; border: 0px; font-family: inherit; font-size: inherit; font-style: inherit; font-variant: inherit; font-weight: inherit; font-stretch: inherit; line-height: 21px; vertical-align: baseline;"><strong style="margin: 0px; padding: 0px; border: 0px; font-family: inherit; font-size: inherit; font-style: inherit; font-variant: inherit; font-stretch: inherit; line-height: inherit; vertical-align: baseline;">BBVA BANCOMER</strong><br />\n\t<strong style="margin: 0px; padding: 0px; border: 0px; font-family: inherit; font-size: inherit; font-style: inherit; font-variant: inherit; font-stretch: inherit; line-height: inherit; vertical-align: baseline;">OLGA MORENO MU&Ntilde;OZ</strong><br />\n\t<strong style="margin: 0px; padding: 0px; border: 0px; font-family: inherit; font-size: inherit; font-style: inherit; font-variant: inherit; font-stretch: inherit; line-height: inherit; vertical-align: baseline;">Cta 0193076644 &nbsp;Clabe 012180001930766444</strong></p>\n\n\t<p style="margin: 0px 0px 20px; padding: 0px; border: 0px; font-family: inherit; font-size: inherit; font-style: inherit; font-variant: inherit; font-weight: inherit; font-stretch: inherit; line-height: 21px; vertical-align: baseline;">*Con tarjeta de cr&eacute;dito v&iacute;a PAYPAL en nuestro sistema de inscripci&oacute;n (Ojo, en pago con tarjeta aplica 5% de comisi&oacute;n).</p>\n\n\t<p style="margin: 0px 0px 20px; padding: 0px; border: 0px; font-family: inherit; font-size: inherit; font-style: inherit; font-variant: inherit; font-weight: inherit; font-stretch: inherit; line-height: 21px; vertical-align: baseline;">Para tu comodidad, proponemos las siguientes fechas y montos de pago:</p>\n\n\t<p style="margin: 0px 0px 20px; padding: 0px; border: 0px; font-family: inherit; font-size: inherit; font-style: inherit; font-variant: inherit; font-weight: inherit; font-stretch: inherit; line-height: 21px; vertical-align: baseline;"><strong style="margin: 0px; padding: 0px; border: 0px; font-family: inherit; font-size: inherit; font-style: inherit; font-variant: inherit; font-stretch: inherit; line-height: inherit; vertical-align: baseline;">1er Pago:</strong>&nbsp;Hasta el&nbsp;<strong style="margin: 0px; padding: 0px; border: 0px; font-family: inherit; font-size: inherit; font-style: inherit; font-variant: inherit; font-stretch: inherit; line-height: inherit; vertical-align: baseline;">12 de Diciembre</strong>&nbsp;de 2014 por un monto de&nbsp;<strong style="margin: 0px; padding: 0px; border: 0px; font-family: inherit; font-size: inherit; font-style: inherit; font-variant: inherit; font-stretch: inherit; line-height: inherit; vertical-align: baseline;">$1,100 pesos</strong>&nbsp;** &iexcl;Muy importante para apartar tu lugar y confirmar tu participaci&oacute;n en el campamento!</p>\n\n\t<p style="margin: 0px 0px 20px; padding: 0px; border: 0px; font-family: inherit; font-size: inherit; font-style: inherit; font-variant: inherit; font-weight: inherit; font-stretch: inherit; line-height: 21px; vertical-align: baseline;"><strong style="margin: 0px; padding: 0px; border: 0px; font-family: inherit; font-size: inherit; font-style: inherit; font-variant: inherit; font-stretch: inherit; line-height: inherit; vertical-align: baseline;">2do Pago:</strong>&nbsp;Hasta el&nbsp;<strong style="margin: 0px; padding: 0px; border: 0px; font-family: inherit; font-size: inherit; font-style: inherit; font-variant: inherit; font-stretch: inherit; line-height: inherit; vertical-align: baseline;">27&nbsp;de Febrero&nbsp;</strong>&nbsp;de 2015 por un monto de&nbsp;<strong style="margin: 0px; padding: 0px; border: 0px; font-family: inherit; font-size: inherit; font-style: inherit; font-variant: inherit; font-stretch: inherit; line-height: inherit; vertical-align: baseline;">$1,100 pesos</strong></p>\n\n\t<p style="margin: 0px 0px 20px; padding: 0px; border: 0px; font-family: inherit; font-size: inherit; font-style: inherit; font-variant: inherit; font-weight: inherit; font-stretch: inherit; line-height: 21px; vertical-align: baseline;"><strong style="margin: 0px; padding: 0px; border: 0px; font-family: inherit; font-size: inherit; font-style: inherit; font-variant: inherit; font-stretch: inherit; line-height: inherit; vertical-align: baseline;">3er Pago:</strong>&nbsp;Hasta el&nbsp;<strong style="margin: 0px; padding: 0px; border: 0px; font-family: inherit; font-size: inherit; font-style: inherit; font-variant: inherit; font-stretch: inherit; line-height: inherit; vertical-align: baseline;">01&nbsp;de Mayo</strong>&nbsp;de 2015 por un monto de&nbsp;<strong style="margin: 0px; padding: 0px; border: 0px; font-family: inherit; font-size: inherit; font-style: inherit; font-variant: inherit; font-stretch: inherit; line-height: inherit; vertical-align: baseline;">$1,100 pesos</strong>. (en caso de ser menos de 50 acampadores)</p>\n\n\t<p style="margin: 0px 0px 20px; padding: 0px; border: 0px; font-family: inherit; font-size: inherit; font-style: inherit; font-variant: inherit; font-weight: inherit; font-stretch: inherit; line-height: 21px; vertical-align: baseline;"><strong style="margin: 0px; padding: 0px; border: 0px; font-family: inherit; font-size: inherit; font-style: inherit; font-variant: inherit; font-stretch: inherit; line-height: inherit; vertical-align: baseline;">3er Pago:</strong>&nbsp;Hasta el&nbsp;<strong style="margin: 0px; padding: 0px; border: 0px; font-family: inherit; font-size: inherit; font-style: inherit; font-variant: inherit; font-stretch: inherit; line-height: inherit; vertical-align: baseline;">01&nbsp;de Mayo</strong>&nbsp;de 2015 por un monto de&nbsp;<strong style="margin: 0px; padding: 0px; border: 0px; font-family: inherit; font-size: inherit; font-style: inherit; font-variant: inherit; font-stretch: inherit; line-height: inherit; vertical-align: baseline;">$900 pesos</strong>. (en caso de ser mas&nbsp;de 51 acampadores)</p>\n\n\t<p style="margin: 0px 0px 20px; padding: 0px; border: 0px; font-family: inherit; font-size: inherit; font-style: inherit; font-variant: inherit; font-weight: inherit; font-stretch: inherit; line-height: 21px; vertical-align: baseline;">Te recordamos enviar tu comprobante de pago v&iacute;a mail a info@kincamp.com o v&iacute;a fax al 52574937 indicando nombre del acampador, grado escolar y nombre de la escuela.</p>\n\n\t<p style="margin: 0px 0px 20px; padding: 0px; border: 0px; font-family: inherit; font-size: inherit; font-style: inherit; font-variant: inherit; font-weight: inherit; font-stretch: inherit; line-height: 21px; vertical-align: baseline;">**En caso de requerir factura se agregar&aacute; el IVA correspondiente y te pedimos nos contactes para indicarte la forma de realizar el pago**</p>\n\t</li>\n</ul>\n|2014-10-20|2015-05-14|t|50000|el colegio|kincampncm|||t|0|f|f|7|7|2019-05-08 07:42:52.250068-05|2019-05-08 07:42:52.347578-05||t||1|0|t
20123|Ateret Yoseph Oct. 2015|2015-10-11 07:00:00-05|2015-10-13 18:00:00-05|10|45|6|||2015-09-01|2015-10-08|t|50000|el colegio|kincampateretyoseph|||t|0|f|f|7|7|2019-05-08 07:42:52.250068-05|2019-05-08 07:42:52.347578-05||t||1|0|t
20100|Tomás Moro 6to 2015|2015-06-17 07:00:00-05|2015-06-19 18:00:00-05|5|66|5|http://www.kincamp.com/tomasmoro||2015-08-18|2015-08-21|t|50000|el colegio|kincamptomasmoro|||t|0|f|f|7|7|2019-05-08 07:42:52.250068-05|2019-05-08 07:42:52.347578-05||t||1|0|t
144|CAMP GREENGATES F1 JUNIO 2010|2010-06-21 01:00:00-05|2010-06-23 01:00:00-05|2|22|15|http://www.greengates.kincamp.com||2010-02-03|2010-02-03|t||||||t|0|f|f|7|7|2019-05-08 07:42:52.250068-05|2019-05-08 07:42:52.347578-05||t||1|0|t
145|CAMP GREENGATES F2 JUNIO 2010|2010-06-21 01:00:00-05|2010-06-23 01:00:00-05|25|22|30|http://www.greengates.kincamp.com||2010-02-03|2010-02-03|t||||||t|0|f|f|7|7|2019-05-08 07:42:52.250068-05|2019-05-08 07:42:52.347578-05||t||1|0|t
146|OLINCA CUERNA PREPRI JUNIO 2010|2010-06-18 01:00:00-05|2010-06-19 01:00:00-05|2|6|30|http://www.olincacuerna.kincamp.com||2010-02-03|2010-02-03|t||||||t|0|f|f|7|7|2019-05-08 07:42:52.250068-05|2019-05-08 07:42:52.347578-05||t||1|0|t
20146|Ciudad de México 1ro. primaria Day Camp Mayo 2016|2016-05-27 07:00:00-05|2016-05-27 18:00:00-05||50|7|http://www.kincamp.com/ccm||2015-09-14|2016-05-26|t|150000|el colegio|kincampccm|||t|0|f|f|7|7|2019-05-08 07:42:52.250068-05|2019-05-08 07:42:52.347578-05||t||1|0|t
132|CAMP ASFG 5TH GRADE FEB 2010|2010-02-02 00:00:00-06|2010-02-05 00:00:00-06|25|8|30|http://www.asfg.kincamp.com||2009-12-01|2009-12-01|t||||||t|0|f|f|7|7|2019-05-08 07:42:52.250068-05|2019-05-08 07:42:52.347578-05||t||1|0|t
20073|Casa Montessori Cd. Juarez 2015|2015-05-09 07:00:00-05|2015-05-11 18:00:00-05|32|112|2|http://www.kincamp.com/casamontessori||2015-01-19|2015-08-24|t|50000|el hotel|kincampcasamontessori|||t|0|f|f|7|7|2019-05-08 07:42:52.250068-05|2019-05-08 07:42:52.347578-05||t||1|0|t
20206|Instituto Mexicano Regina Septiembre 2016|2016-09-22 06:30:00-05|2016-09-24 18:00:00-05|32|15|9|http://www.kincamp.com/regina|<p>El costo del campamento es de $3,600&nbsp;pesos (Tres mil seiscientos&nbsp;pesos 00/100MN).</p>\n\n<p><strong>La fecha l&iacute;mite de pago es el d&iacute;a Viernes 9 de&nbsp;septiembre&nbsp;del presente.</strong></p>\n\n<p>Ponemos a tu disposici&oacute;n 3 formas de pago:</p>\n\n<p>*En efectivo directamente con la escuela.</p>\n\n<p>*Dep&oacute;sito o transferencia a la cuenta:</p>\n\n<p>BBVA BANCOMER<br />\n&Aacute;NGELA PATRICIA &Aacute;VILA ROJAS<br />\nCta 0199909435 &nbsp;Clabe 012180001999094351</p>\n\n<p>*Con tarjeta de cr&eacute;dito v&iacute;a PAYPAL en nuestro sistema de inscripci&oacute;n (Ojo, en pago con tarjeta aplica 5% de comisi&oacute;n).</p>\n\n<p><strong>IMPORTANTE:</strong></p>\n\n<p>**Mandar el comprobante de pago a pagos@kincamp.com indicando: nombre completo del participante, escuela y grado.</p>\n\n<p>**En caso de requerir factura se agregar&aacute; el IVA correspondiente y te pedimos nos contactes para indicarte la forma de realizar el pago**</p>\n|2016-06-22|2016-09-19|t|150000|el colegio|kincampregina|||t|0|f|f|7|7|2019-05-08 07:42:52.250068-05|2019-05-08 07:42:52.347578-05||t||1|0|t
20249|Capacitación 1er. Semestre Feb. 2017|2017-02-11 07:00:00-06|2017-02-12 18:00:00-06|9|119|51|||2016-09-14|2017-02-10|t|0|-|-|||t|0|f|f|7|7|2019-05-08 07:42:52.250068-05|2019-05-08 07:42:52.347578-05||t||1|0|t
306|CEM|2013-04-26 01:00:00-05|2013-04-28 01:00:00-05|22|57|15|http://www.kincamp.com/cem/||2013-01-21|2017-06-19|t||.|.|||t|0|f|f|7|7|2019-05-08 07:42:52.250068-05|2019-05-08 07:42:52.347578-05||t||1|0|t
20248|2do. Reclutamiento Masivo Enero 2017|2017-01-14 09:00:00-06|2017-01-14 18:00:00-06||119|51|||2016-09-14|2017-01-08|t|0|-|-|||t|0|f|f|7|7|2019-05-08 07:42:52.250068-05|2019-05-08 07:42:52.347578-05||t||1|0|t
20250|Capacitación Primeros Auxilios Marzo 2017|2017-03-04 09:00:00-06|2017-03-04 18:00:00-06|4|119|51|||2016-09-14|2017-03-01|t|0|-|-|||t|0|f|f|7|7|2019-05-08 07:42:52.250068-05|2019-05-08 07:42:52.347578-05||t||1|0|t
20319|CIDE: Semana 3 (7 al 11 de agosto 2017)|2017-08-07 09:00:00-05|2017-08-11 14:00:00-05|46|133|53|||2017-06-28|2017-08-03|t|150000|CIDE|kincampcide|||f|0|f|f|7|7|2019-05-08 07:42:52.250068-05|2019-05-08 07:42:52.347578-05||t||1|0|t
20015|Capacitación 2014-2|2014-09-20 01:00:00-05|2014-09-21 01:00:00-05|32|104|1|||2014-09-05|2014-09-20|t|0|||||t|0|f|f|7|7|2019-05-08 07:42:52.250068-05|2019-05-08 07:42:52.347578-05||t||1|0|t
20014|Day Camp Maped|2014-08-30 01:00:00-05|2014-08-30 01:00:00-05|30|103|1|||2014-08-21|2014-08-25|t|0|||||t|0|f|f|7|7|2019-05-08 07:42:52.250068-05|2019-05-08 07:42:52.347578-05||t||1|0|t
20009|Camp Regina 3ro Sec Octubre 2014|2014-10-10 01:00:00-05|2014-10-12 01:00:00-05|32|15|1|http://kincamp.com/regina|<p>&iexcl;Ahora puedes pagar el campamento con tarjeta de cr&eacute;dito** a trav&eacute;s de Paypal!<br />\n<br />\n** En pago con tarjeta aplica un cargo del 5% de comisi&oacute;n.</p>\n|2014-08-13|2014-10-09|t|50000|||||t|0|f|f|7|7|2019-05-08 07:42:52.250068-05|2019-05-08 07:42:52.347578-05||t||1|0|t
20110|Montessori de la Condesa Nov. 2015|2015-11-09 07:30:00-06|2015-11-13 18:00:00-06|5|75|6|http://www.kincamp.com/mdlc|<p style="margin: 0px 0px 20px; padding: 0px; border: 0px; font-stretch: inherit; line-height: 21px; font-family: 'Droid Sans'; vertical-align: baseline; color: rgb(119, 119, 119);">El costo del campamento es de $6,550 pesos (Seis mil quinientos cincuenta&nbsp;pesos 00/100MN).</p>\n\n<p style="margin: 0px 0px 20px; padding: 0px; border: 0px; font-stretch: inherit; line-height: 21px; font-family: 'Droid Sans'; vertical-align: baseline; color: rgb(119, 119, 119);"><strong style="margin: 0px; padding: 0px; border: 0px; font-style: inherit; font-variant: inherit; font-stretch: inherit; font-size: inherit; line-height: inherit; font-family: inherit; vertical-align: baseline;">Las fechas de pago son las siguientes:</strong></p>\n\n<p style="margin: 0px 0px 20px; padding: 0px; border: 0px; font-stretch: inherit; line-height: 21px; font-family: 'Droid Sans'; vertical-align: baseline; color: rgb(119, 119, 119);">Primer Pago 15 de septiembre: $1,650 pesos<br />\nSegundo&nbsp;Pago&nbsp;30&nbsp;de septiembre: $1,650 pesos<br />\nTercer&nbsp;Pago 15 de octubre: $1,650 pesos<br />\n&Uacute;ltimo Pago 30 de octubre: $1,600 pesos</p>\n\n<p style="margin: 0px 0px 20px; padding: 0px; border: 0px; font-stretch: inherit; line-height: 21px; font-family: 'Droid Sans'; vertical-align: baseline; color: rgb(119, 119, 119);">Ponemos a tu disposici&oacute;n las siguientes formas de pago:</p>\n\n<p style="margin: 0px 0px 20px; padding: 0px; border: 0px; font-stretch: inherit; line-height: 21px; font-family: 'Droid Sans'; vertical-align: baseline; color: rgb(119, 119, 119);">*En efectivo directamente con la escuela.</p>\n\n<p style="margin: 0px 0px 20px; padding: 0px; border: 0px; font-stretch: inherit; line-height: 21px; font-family: 'Droid Sans'; vertical-align: baseline; color: rgb(119, 119, 119);">*Dep&oacute;sito o transferencia a la cuenta:</p>\n\n<p style="margin: 0px 0px 20px; padding: 0px; border: 0px; font-stretch: inherit; line-height: 21px; font-family: 'Droid Sans'; vertical-align: baseline; color: rgb(119, 119, 119);">BBVA BANCOMER<br />\n&Aacute;NGELA PATRICIA &Aacute;VILA ROJAS<br />\nCta 0199909435 &nbsp;Clabe 012180001999094351</p>\n\n<p style="margin: 0px 0px 20px; padding: 0px; border: 0px; font-stretch: inherit; line-height: 21px; font-family: 'Droid Sans'; vertical-align: baseline; color: rgb(119, 119, 119);">*Con tarjeta de cr&eacute;dito v&iacute;a PAYPAL en nuestro sistema de inscripci&oacute;n (Ojo, en pago con tarjeta aplica 5% de comisi&oacute;n).</p>\n\n<p style="margin: 0px 0px 20px; padding: 0px; border: 0px; font-stretch: inherit; line-height: 21px; font-family: 'Droid Sans'; vertical-align: baseline; color: rgb(119, 119, 119);"><strong style="margin: 0px; padding: 0px; border: 0px; font-style: inherit; font-variant: inherit; font-stretch: inherit; font-size: inherit; line-height: inherit; font-family: inherit; vertical-align: baseline;">IMPORTANTE:</strong></p>\n\n<p style="margin: 0px 0px 20px; padding: 0px; border: 0px; font-stretch: inherit; line-height: 21px; font-family: 'Droid Sans'; vertical-align: baseline; color: rgb(119, 119, 119);">**Mandar el comprobante de pago a pagos@kincamp.com indicando: nombre completo del participante, escuela y grado.</p>\n\n<p style="margin: 0px 0px 20px; padding: 0px; border: 0px; font-stretch: inherit; line-height: 21px; font-family: 'Droid Sans'; vertical-align: baseline; color: rgb(119, 119, 119);">**En caso de requerir factura se agregar&aacute; el IVA correspondiente y te pedimos nos contactes para indicarte la forma de realizar el pago**</p>\n|2015-08-21|2015-11-30|t|150000|el Colegio|kincampmdlc|||t|0|f|f|7|7|2019-05-08 07:42:52.250068-05|2019-05-08 07:42:52.347578-05||t||1|0|t
20150|London 6to. Primaria Abril 2016 |2016-04-04 06:30:00-05|2016-04-08 17:00:00-05|32|10|7|http://www.kincamp.com/london||2015-09-29|2016-04-02|t|150000|el Colegio|kincamplondon|||t|0|f|f|7|7|2019-05-08 07:42:52.250068-05|2019-05-08 07:42:52.347578-05||t||1|0|t
20158|Maguén Teams - Kin Corp |2015-12-18 07:00:00-06|2015-12-19 18:00:00-06|4|103|3|http://www.kincamp.com/||2015-11-07|2015-12-16|t|0|-|-|||t|0|f|f|7|7|2019-05-08 07:42:52.250068-05|2019-05-08 07:42:52.347578-05||t||1|0|t
20124|Greengates J5 Feb. 2016|2016-02-08 08:00:00-06|2016-02-11 16:30:00-06|5|22|6|http://www.kincamp.com/greengates||2015-09-01|2016-02-08|t|150000|at school|kincampgreengates|||t|0|f|f|7|7|2019-05-08 07:42:52.250068-05|2019-05-08 07:42:52.347578-05||t||1|0|t
20102|CIMAT Junio 2016|2016-06-24 06:30:00-05|2016-06-26 16:00:00-05|34|76|8|http://kincamp.com/cimat||2015-08-21|2016-06-23|t|150000|el colegio |kincampcimat|||t|0|f|f|7|7|2019-05-08 07:42:52.250068-05|2019-05-08 07:42:52.347578-05||t||1|0|t
20103|Overnight London 1ro. Primaria Sept. 2015|2015-09-11 16:00:00-05|2015-09-12 14:00:00-05|30|10|6|http://www.kincamp.com/london||2015-08-21|2015-09-11|t|50000|el Colegio|kincamplondon|||t|0|f|f|7|7|2019-05-08 07:42:52.250068-05|2019-05-08 07:42:52.347578-05||t||1|0|t
20051|Churchill 3ro Sec Junio 2015|2015-06-09 06:00:00-05|2015-06-12 18:00:00-05|32|48|2|http://kincamp.com/tcs|<ul class="tabs-content" style="margin: 0px 0px 20px; padding-right: 0px; padding-left: 0px; border: 0px; font-family: 'Droid Sans'; font-stretch: inherit; line-height: 20.1500015258789px; vertical-align: baseline; list-style: none; color: rgb(119, 119, 119);">\n\t<li class="active" data-href="tab-6" style="margin: 0px; padding: 0px; border: 0px; font-family: inherit; font-size: inherit; font-style: inherit; font-variant: inherit; font-weight: inherit; font-stretch: inherit; line-height: 18px; vertical-align: baseline;">El costo del campamento es de $4,600 pesos (Cuatro mil seis cientos pesos 00/100MN).\n\t<p style="margin: 0px 0px 20px; padding: 0px; border: 0px; font-family: inherit; font-size: inherit; font-style: inherit; font-variant: inherit; font-weight: inherit; font-stretch: inherit; line-height: 21px; vertical-align: baseline;">Ponemos a tu disposici&oacute;n 2 formas de pago:</p>\n\n\t<p style="margin: 0px 0px 20px; padding: 0px; border: 0px; font-family: inherit; font-size: inherit; font-style: inherit; font-variant: inherit; font-weight: inherit; font-stretch: inherit; line-height: 21px; vertical-align: baseline;">*Dep&oacute;sito o transferencia a la cuenta:</p>\n\n\t<p style="margin: 0px 0px 20px; padding: 0px; border: 0px; font-family: inherit; font-size: inherit; font-style: inherit; font-variant: inherit; font-weight: inherit; font-stretch: inherit; line-height: 21px; vertical-align: baseline;">BBVA BANCOMER<br />\n\tOLGA MORENO MU&Ntilde;OZ<br />\n\tCta 0193076644 &nbsp;Clabe 012180001930766444</p>\n\n\t<p style="margin: 0px 0px 20px; padding: 0px; border: 0px; font-family: inherit; font-size: inherit; font-style: inherit; font-variant: inherit; font-weight: inherit; font-stretch: inherit; line-height: 21px; vertical-align: baseline;">*Con tarjeta de cr&eacute;dito v&iacute;a PAYPAL en nuestro sistema de inscripci&oacute;n (Ojo, en pago con tarjeta aplica 5% de comisi&oacute;n).</p>\n\n\t<p style="margin: 0px 0px 20px; padding: 0px; border: 0px; font-family: inherit; font-size: inherit; font-style: inherit; font-variant: inherit; font-weight: inherit; font-stretch: inherit; line-height: 21px; vertical-align: baseline;">La fecha l&iacute;mite de pago es el d&iacute;a martes&nbsp;29 de Mayo de 2015.</p>\n\n\t<p style="margin: 0px 0px 20px; padding: 0px; border: 0px; font-family: inherit; font-size: inherit; font-style: inherit; font-variant: inherit; font-weight: inherit; font-stretch: inherit; line-height: 21px; vertical-align: baseline;">Te recordamos que puedes solicitar un aumento en la suma asegurada nuestro seguro de gastos vs accidentes de $50,000 pesos (que todos los ni&ntilde;os llevan) a $150,000 pesos en caso de que no tengas un seguro de gastos m&eacute;dicos mayores particular y quieras estar cubierto durante el evento. El costo de este seguro es de $250 pesos</p>\n\n\t<p style="margin: 0px 0px 20px; padding: 0px; border: 0px; font-family: inherit; font-size: inherit; font-style: inherit; font-variant: inherit; font-weight: inherit; font-stretch: inherit; line-height: 21px; vertical-align: baseline;">Te recordamos enviar tu comprobante de pago v&iacute;a mail a info@kincamp.com o v&iacute;a fax al 52574937 indicando nombre del acampador, grado escolar y nombre de la escuela.</p>\n\n\t<p style="margin: 0px 0px 20px; padding: 0px; border: 0px; font-family: inherit; font-size: inherit; font-style: inherit; font-variant: inherit; font-weight: inherit; font-stretch: inherit; line-height: 21px; vertical-align: baseline;">**En caso de requerir factura se agregar&aacute; el IVA correspondiente y te pedimos nos contactes para indicarte la forma de realizar el pago**</p>\n\t</li>\n</ul>\n|2014-10-03|2015-06-08|t|50000|el colegio |kincamptcs|||t|0|f|f|7|7|2019-05-08 07:42:52.250068-05|2019-05-08 07:42:52.347578-05||t||1|0|t
20125|Seminario de Integración Prepri Olinca Oct. 2015|2015-10-23 07:00:00-05|2015-10-23 18:00:00-05|12|5|6|http://www.kincamp.com/olinca||2015-09-01|2015-10-20|t|50000|el colegio|kincampolinca|||t|0|f|f|7|7|2019-05-08 07:42:52.250068-05|2019-05-08 07:42:52.347578-05||t||1|0|t
20119|Verano KOBAL Senior 2016|2016-07-17 07:00:00-05|2016-07-30 11:00:00-05|32|103|8|http://www.kobal.camp/sr||2015-08-21|2016-07-21|t|150000|Parque México|kobalsenior|||t|0|f|f|7|7|2019-05-08 07:42:52.250068-05|2019-05-08 07:42:52.347578-05||t||1|0|t
20151|London School Cuernavaca Sec. Abril 2016|2016-04-04 06:30:00-05|2016-04-08 18:00:00-05|25|10|7|http://www.kincamp.com/london||2015-09-29|2016-04-01|t|150000|el Colegio|kincamplondonsec|||t|0|f|f|7|7|2019-05-08 07:42:52.250068-05|2019-05-08 07:42:52.347578-05||t||1|0|t
35|CAMP BILBAO SECUNDARIA NOVIEMBRE 2007|2007-11-28 00:00:00-06|2007-12-01 00:00:00-06|2|9|30|http://www.bilbao.kincamp.com/secundaria.html||2007-09-03|2008-09-26|t||||||t|0|f|f|7|7|2019-05-08 07:42:52.250068-05|2019-05-08 07:42:52.347578-05||t||1|0|t
34|CAMP NAUTILUS 3 A 6 NOVIEMBRE 2007|2007-11-23 00:00:00-06|2007-11-25 00:00:00-06|2|2|30|http://||2007-09-03|2008-09-26|t||||||t|0|f|f|7|7|2019-05-08 07:42:52.250068-05|2019-05-08 07:42:52.347578-05||t||1|0|t
33|CAMP BILBAO PRIMARIA NOVIEMBRE 2007|2007-11-14 00:00:00-06|2007-11-16 00:00:00-06|19|9|30|http://www.bilbao.kincamp.com/primaria.html||2007-09-03|2008-09-26|t||||||t|0|f|f|7|7|2019-05-08 07:42:52.250068-05|2019-05-08 07:42:52.347578-05||t||1|0|t
31|CAMP ASF GUADALAJARA 7TH GRADE OCTOBER 2007|2007-10-22 01:00:00-05|2007-10-26 01:00:00-05|2|8|30|http://www.asfg.kincamp.com/|RECUERDA HACER EL PRIMER PAGO ANTES DEL VIERNES 14 DE SEPTIEMBRE POR $3,500 PESOS Y EL SEGUNDO ANTES DEL PRIMERO DE OCTUBRE POR $4,000 |2007-09-03|2008-09-26|t||||||t|0|f|f|7|7|2019-05-08 07:42:52.250068-05|2019-05-08 07:42:52.347578-05||t||1|0|t
27|CAMP ASF D.F. 6TH GRADE OCTOBER 2007|2007-10-15 01:00:00-05|2007-10-19 01:00:00-05|2|7|30|http://www.asf.kincamp.com/|YOU CAN PRINT A RECEIPT VERIFYING YOUR INSCRIPTION BY CLICKING ON "IMPRIMIR COMPROBANTE".|2007-08-27|2008-09-26|t||||||t|0|f|f|7|7|2019-05-08 07:42:52.250068-05|2019-05-08 07:42:52.347578-05||t||1|0|t
28|CAMP OLINCA CUERNA 3 A 5 OCTUBRE 2007|2007-10-11 01:00:00-05|2007-10-13 01:00:00-05|2|6|30|http://||2007-09-03|2008-09-26|t||||||t|0|f|f|7|7|2019-05-08 07:42:52.250068-05|2019-05-08 07:42:52.347578-05||t||1|0|t
20318|CIDE: Semana 2 (24 al 28 de julio 2017)|2017-07-24 09:00:00-05|2017-07-28 14:00:00-05|46|133|53|||2017-06-28|2017-07-24|t|150000|CIDE|kincampcide|||f|0|f|f|7|7|2019-05-08 07:42:52.250068-05|2019-05-08 07:42:52.347578-05||t||1|0|t
20227|Tomás Moro Lomas 5to. Oct. 2016|2016-10-25 06:15:00-05|2016-10-27 18:00:00-05|32|128|9|http://www.kincamp.com/tml||2016-08-31|2016-10-25|t|150000|el colegio|kincamptml|||t|0|f|f|7|7|2019-05-08 07:42:52.250068-05|2019-05-08 07:42:52.347578-05||t||1|0|t
20320|CIDE: Semana 4 (14 al 18 de agosto 2017)|2017-08-14 09:00:00-05|2017-08-18 14:00:00-05|46|133|53|||2017-06-28|2017-08-13|t|150000|CIDE|kincampcide|||f|0|f|f|7|7|2019-05-08 07:42:52.250068-05|2019-05-08 07:42:52.347578-05||t||1|0|t
20126|Alqimia Colonia Creativa Oct. 2015|2015-10-09 14:00:00-05|2015-10-11 21:00:00-05|34|104|6|http://www.kincamp.com/alquimia||2015-09-01|2015-10-12|t|50000|-|kincampalquimia|uploads/camps/medical_report/reporte_medico_camp_20126_Alqimia_Colonia_Creativa_Oct_2015.pdf||t|0|f|f|7|7|2019-05-08 07:42:52.250068-05|2019-05-08 07:42:52.347578-05||t||1|0|t
20147|New South Wales Enero 2016|2016-01-30 07:30:00-06|2016-02-02 13:30:00-06|32|121|7|http://www.kincamp.com/nsw||2015-09-15|2016-01-30|t|150000|el Colegio|kincampnsw|||t|0|f|f|7|7|2019-05-08 07:42:52.250068-05|2019-05-08 07:42:52.347578-05||t||1|0|t
15001|Beth Yakov (SOLO MUJERES)|2014-06-11 01:00:00-05|2014-06-12 01:00:00-05|25|4|50|||2014-05-02|2014-06-08|t|0|||||t|0|f|f|7|7|2019-05-08 07:42:52.250068-05|2019-05-08 07:42:52.347578-05||t||1|0|t
20003|Graduación London 6to|2014-06-28 01:00:00-05|2014-06-28 01:00:00-05||10|50|||2014-05-22|2014-06-27|t|0|||||t|0|f|f|7|7|2019-05-08 07:42:52.250068-05|2019-05-08 07:42:52.347578-05||t||1|0|t
332|MONTESSORI CONDESA|2013-10-28 00:00:00-06|2013-11-01 00:00:00-06|32|75|15|||2013-08-07|2013-08-07|t||||||t|0|f|f|7|7|2019-05-08 07:42:52.250068-05|2019-05-08 07:42:52.347578-05||t||1|0|t
20197|Graduación London 6to. |2016-06-25 07:00:00-05|2016-06-25 18:00:00-05||119|8|http://www.kincamp.com/london||2016-05-23|2016-06-22|t|0|-|-|||t|0|f|f|7|7|2019-05-08 07:42:52.250068-05|2019-05-08 07:42:52.347578-05||t||1|0|t
20104|Tomás Moro Secundaria Oct. 2015|2015-10-01 06:30:00-05|2015-10-02 17:00:00-05|19|66|6|http://www.kincamp.com/tomasmoro||2015-08-21|2015-09-30|t|50000|el Colegio |kincamptomasmoro|||t|0|f|f|7|7|2019-05-08 07:42:52.250068-05|2019-05-08 07:42:52.347578-05||t||1|0|t
20181|Capacitacón 1er Semestre 2016|2016-02-13 07:00:00-06|2016-02-14 18:00:00-06|32|119|7|http://www.kincamp.com/||2016-02-12|2016-02-17|t|150000|la cibeles|nohay|||t|0|f|f|7|7|2019-05-08 07:42:52.250068-05|2019-05-08 07:42:52.347578-05||t||1|0|t
20070|Teifaros 2015|2015-05-01 07:00:00-05|2015-05-04 18:00:00-05|32|111|2|http://www.kincamp.com/teifaros|<p>** &iexcl;Ahora puedes pagar tu campamento con Tarjeta de Cr&eacute;dito v&iacute;a PayPal!</p>\n\n<p>(En pagos con tarjeta aplica 5% de comisi&oacute;n sobre el precio acordado).</p>\n|2015-01-07|2015-05-01|t|50000|el colegio|kincampteifaros|||t|0|f|f|7|7|2019-05-08 07:42:52.250068-05|2019-05-08 07:42:52.347578-05||t||1|0|t
20191|Tomás Moro Cuajimalpa 2do. -  Xochitla  Mayo 2016|2016-05-16 07:00:00-05|2016-05-16 18:00:00-05||66|8|http://www.kincamp.com/tomasmoro||2016-04-22|2016-05-15|t|50000|el colegio|kincamptomasmoro|||t|0|f|f|7|7|2019-05-08 07:42:52.250068-05|2019-05-08 07:42:52.347578-05||t||1|0|t
243|COLEGIO VISTA HERMOSA 2 SECUNDARIA 2012|2012-02-08 00:00:00-06|2012-02-10 00:00:00-06|25|36|15|http://www.cvh.kincamp.com||2012-01-24|2014-11-05|t||||||t|0|f|f|7|7|2019-05-08 07:42:52.250068-05|2019-05-08 07:42:52.347578-05||t||1|0|t
20016|Day Camp TEC Puebla|2014-11-08 00:00:00-06|2014-11-08 00:00:00-06|32|103|1|http://kincamp.com/itesm/||2014-09-08|2014-11-06|t|0|||||t|0|f|f|7|7|2019-05-08 07:42:52.250068-05|2019-05-08 07:42:52.347578-05||t||1|0|t
20004|Colegio Vista Hermosa 2º Secundaria 2014|2014-11-06 00:00:00-06|2014-11-08 00:00:00-06|19|36|1|||2014-05-27|2014-11-09|t|50000|||||t|0|f|f|7|7|2019-05-08 07:42:52.250068-05|2019-05-08 07:42:52.347578-05||t||1|0|t
20135|Hellen Keller Cuernavaca 6to. Mayo 2016|2016-05-02 07:00:00-05|2016-05-06 18:00:00-05|32|108|7|http://www.kincamp.com/hellenkeller|<p>El costo del campamento es de $5,800 pesos (Tres mil trescientos&nbsp;pesos 00/100MN).</p>\n\n<p>Las fechas de pago son:</p>\n\n<p>-Fecha limite pago 1: Viernes 30 de Octubre por un monto de $1,000 pesos&nbsp;<br />\n-Fecha l&iacute;mite pago 2: Viernes 30 de Noviembre por un monto de $800 pesos&nbsp;<br />\n-Fecha limite pago 3: Martes 15 de Diciembre por un monto de $800 pesos&nbsp;<br />\n-Fecha l&iacute;mite pago 4: Vienes 29 de enero 2016 por un monto de $800 pesos&nbsp;<br />\n-Fecha l&iacute;mite pago 5: Lunes 29 de Febrero 2016 por un monto de $800 pesos&nbsp;<br />\n-Fecha limite pago 6: Martes 15 de Marzo 2016 por un monto de $800 pesos&nbsp;<br />\n-Fecha de liquidaci&oacute;n: Viernes 15 de Abril 2016 por un monto de $800 pesos</p>\n\n<p>Ponemos a tu disposici&oacute;n 2 formas de pago:</p>\n\n<p>*Dep&oacute;sito o transferencia a la cuenta:</p>\n\n<p>BBVA BANCOMER<br />\n&Aacute;NGELA PATRICIA &Aacute;VILA ROJAS<br />\nCta 0199909435 &nbsp;Clabe 012180001999094351</p>\n\n<p>*Con tarjeta de cr&eacute;dito v&iacute;a PAYPAL en nuestro sistema de inscripci&oacute;n (Ojo, en pago con tarjeta aplica 5% de comisi&oacute;n).</p>\n\n<p><strong>IMPORTANTE:</strong></p>\n\n<p>**Mandar el comprobante de pago a pagos@kincamp.com indicando: nombre completo del participante, escuela y grado.</p>\n\n<p>**En caso de requerir factura se agregar&aacute; el IVA correspondiente y te pedimos nos contactes para indicarte la forma de realizar el pago**</p>\n|2015-09-08|2016-04-26|t|150000|el Colegio|kincamphellenkeller|||t|0|f|f|7|7|2019-05-08 07:42:52.250068-05|2019-05-08 07:42:52.347578-05||t||1|0|t
20050|Ciudad de México 6º Prim. 2015|2015-07-01 06:30:00-05|2015-07-03 18:00:00-05|34|50|2|http://kincamp.com/ccm-sexto/|<ul class="tabs-content" style="padding-right: 0px; padding-left: 0px; margin: 0px 0px 20px; border: 0px; font-family: 'Droid Sans'; font-stretch: inherit; line-height: 20.1500015258789px; vertical-align: baseline; list-style: none; color: rgb(119, 119, 119);">\n\t<li class="active" data-href="tab-6" style="margin: 0px; padding: 0px; border: 0px; font-family: inherit; font-size: inherit; font-style: inherit; font-variant: inherit; font-weight: inherit; font-stretch: inherit; line-height: 18px; vertical-align: baseline;">El costo del campamento es de<strong style="margin: 0px; padding: 0px; border: 0px; font-family: inherit; font-size: inherit; font-style: inherit; font-variant: inherit; font-stretch: inherit; line-height: inherit; vertical-align: baseline;">&nbsp;$4,200 pesos</strong>&nbsp;(Cuatro mil doscientos pesos 00/100MN)&nbsp;<strong style="margin: 0px; padding: 0px; border: 0px; font-family: inherit; font-size: inherit; font-style: inherit; font-variant: inherit; font-stretch: inherit; line-height: inherit; vertical-align: baseline;">.</strong></li>\n\t<li class="active" data-href="tab-6" style="margin: 0px; padding: 0px; border: 0px; font-family: inherit; font-size: inherit; font-style: inherit; font-variant: inherit; font-weight: inherit; font-stretch: inherit; line-height: 18px; vertical-align: baseline;">&nbsp;</li>\n\t<li class="active" data-href="tab-6" style="margin: 0px; padding: 0px; border: 0px; font-family: inherit; font-size: inherit; font-style: inherit; font-variant: inherit; font-stretch: inherit; line-height: 18px; vertical-align: baseline;">\n\t<p style="font-weight: inherit; margin: 0px 0px 20px; padding: 0px; border: 0px; border-image-source: initial; border-image-slice: initial; border-image-width: initial; border-image-outset: initial; border-image-repeat: initial; font-family: inherit; font-size: inherit; font-style: inherit; font-variant: inherit; font-stretch: inherit; line-height: 21px; vertical-align: baseline;">Ponemos a tu disposici&oacute;n 2 formas de pago:</p>\n\n\t<p style="font-weight: inherit; margin: 0px 0px 20px; padding: 0px; border: 0px; border-image-source: initial; border-image-slice: initial; border-image-width: initial; border-image-outset: initial; border-image-repeat: initial; font-family: inherit; font-size: inherit; font-style: inherit; font-variant: inherit; font-stretch: inherit; line-height: 21px; vertical-align: baseline;">*Dep&oacute;sito o transferencia a la cuenta:</p>\n\n\t<p style="font-weight: inherit; margin: 0px 0px 20px; padding: 0px; border: 0px; border-image-source: initial; border-image-slice: initial; border-image-width: initial; border-image-outset: initial; border-image-repeat: initial; font-family: inherit; font-size: inherit; font-style: inherit; font-variant: inherit; font-stretch: inherit; line-height: 21px; vertical-align: baseline;"><strong style="margin: 0px; padding: 0px; border: 0px; font-family: inherit; font-size: inherit; font-style: inherit; font-variant: inherit; font-stretch: inherit; line-height: inherit; vertical-align: baseline;">BBVA BANCOMER</strong><br />\n\t<strong style="margin: 0px; padding: 0px; border: 0px; font-family: inherit; font-size: inherit; font-style: inherit; font-variant: inherit; font-stretch: inherit; line-height: inherit; vertical-align: baseline;">OLGA MORENO MU&Ntilde;OZ</strong><br />\n\t<strong style="margin: 0px; padding: 0px; border: 0px; font-family: inherit; font-size: inherit; font-style: inherit; font-variant: inherit; font-stretch: inherit; line-height: inherit; vertical-align: baseline;">Cta 0193076644 &nbsp;Clabe 012180001930766444</strong></p>\n\n\t<p style="font-weight: inherit; margin: 0px 0px 20px; padding: 0px; border: 0px; border-image-source: initial; border-image-slice: initial; border-image-width: initial; border-image-outset: initial; border-image-repeat: initial; font-family: inherit; font-size: inherit; font-style: inherit; font-variant: inherit; font-stretch: inherit; line-height: 21px; vertical-align: baseline;">*Con tarjeta de cr&eacute;dito v&iacute;a PAYPAL en nuestro sistema de inscripci&oacute;n (Ojo, en pago con tarjeta aplica 5% de comisi&oacute;n).</p>\n\n\t<p style="margin: 0px 0px 20px; padding: 0px; border: 0px; border-image-source: initial; border-image-slice: initial; border-image-width: initial; border-image-outset: initial; border-image-repeat: initial; font-family: inherit; font-size: inherit; font-style: inherit; font-variant: inherit; font-stretch: inherit; line-height: 21px; vertical-align: baseline;">Proponemos dos fechas de pago para cubrir la totalidad del campamento:</p>\n\t</li>\n\t<li class="active" data-href="tab-6" style="margin: 0px; padding: 0px; border: 0px; font-family: inherit; font-size: inherit; font-style: inherit; font-variant: inherit; font-stretch: inherit; line-height: 18px; vertical-align: baseline;">\n\t<p style="margin: 0px 0px 20px; padding: 0px; border: 0px; border-image-source: initial; border-image-slice: initial; border-image-width: initial; border-image-outset: initial; border-image-repeat: initial; font-family: inherit; font-size: inherit; font-style: inherit; font-variant: inherit; font-stretch: inherit; line-height: 21px; vertical-align: baseline;"><strong>1ra fecha de pago</strong>, hasta el <strong>viernes 29 de Mayo</strong> de 2015 por un monto de <strong>$2,100 pesos</strong> (Dos mil cien pesos 00/100)</p>\n\t</li>\n\t<li class="active" data-href="tab-6" style="margin: 0px; padding: 0px; border: 0px; font-family: inherit; font-size: inherit; font-style: inherit; font-variant: inherit; font-stretch: inherit; line-height: 18px; vertical-align: baseline;">\n\t<p style="margin: 0px 0px 20px; padding: 0px; border: 0px; border-image-source: initial; border-image-slice: initial; border-image-width: initial; border-image-outset: initial; border-image-repeat: initial; font-family: inherit; font-size: inherit; font-style: inherit; font-variant: inherit; font-stretch: inherit; line-height: 21px; vertical-align: baseline;"><strong>2da fecha de pago</strong>, hasta el <strong>viernes 19 de Junio</strong> de 2015 por un monto de <strong>$2,100 pesos</strong> (Dos mil cien pesos 00/100)</p>\n\t</li>\n</ul>\n\n<p class="active" style="margin: 0px; padding: 0px; border: 0px; font-family: inherit; font-size: inherit; font-style: inherit; font-variant: inherit; font-stretch: inherit; line-height: 18px; vertical-align: baseline;margin: 0px 0px 20px; padding: 0px; border: 0px; border-image-source: initial; border-image-slice: initial; border-image-width: initial; border-image-outset: initial; border-image-repeat: initial; font-family: inherit; font-size: inherit; font-style: inherit; font-variant: inherit; font-stretch: inherit; line-height: 21px; vertical-align: baseline;"><strong>La fecha l&iacute;mite: 19 de Junio de 2015</strong></p>\n\n<ul class="tabs-content" style="padding-right: 0px; padding-left: 0px; margin: 0px 0px 20px; border: 0px; font-family: 'Droid Sans'; font-stretch: inherit; line-height: 20.1500015258789px; vertical-align: baseline; list-style: none; color: rgb(119, 119, 119);">\n\t<li class="active" data-href="tab-6" style="margin: 0px; padding: 0px; border: 0px; font-family: inherit; font-size: inherit; font-style: inherit; font-variant: inherit; font-stretch: inherit; line-height: 18px; vertical-align: baseline;">\n\t<p style="font-weight: inherit; margin: 0px 0px 20px; padding: 0px; border: 0px; border-image-source: initial; border-image-slice: initial; border-image-width: initial; border-image-outset: initial; border-image-repeat: initial; font-family: inherit; font-size: inherit; font-style: inherit; font-variant: inherit; font-stretch: inherit; line-height: 21px; vertical-align: baseline;"><span style="font-family: inherit; font-size: inherit; font-style: inherit; font-variant: inherit; font-weight: inherit;">Te pedimos enviar tu comprobante de pago v&iacute;a mail a info@kincamp.com o v&iacute;a fax al 52574937 indicando nombre del acampador, grado escolar y nombre de la escuela.</span></p>\n\n\t<p style="font-weight: inherit; margin: 0px 0px 20px; padding: 0px; border: 0px; border-image-source: initial; border-image-slice: initial; border-image-width: initial; border-image-outset: initial; border-image-repeat: initial; font-family: inherit; font-size: inherit; font-style: inherit; font-variant: inherit; font-stretch: inherit; line-height: 21px; vertical-align: baseline;">**En caso de requerir factura se agregar&aacute; el IVA correspondiente y te pedimos nos contactes para indicarte la forma de realizar el pago**</p>\n\t</li>\n</ul>\n|2014-10-01|2015-07-01|t|50000|el colegio |kincampccm|||t|0|f|f|7|7|2019-05-08 07:42:52.250068-05|2019-05-08 07:42:52.347578-05||t||1|0|t
353|TOMAS MORO SECUNDARIA|2014-03-26 00:00:00-06|2014-03-27 00:00:00-06|32|66|15|http://kincamp.com/tomasmoro/||2013-11-25|2015-09-24|t|50000|Escuela|kincamptomasmoro|||t|0|f|f|7|7|2019-05-08 07:42:52.250068-05|2019-05-08 07:42:52.347578-05||t||1|0|t
20128|Seminario de Integración Olinca 5to. primaria Oct. 2015|2015-10-22 07:00:00-05|2015-10-22 18:00:00-05||5|6|http://www.kincamp.com/olinca||2015-09-01|2015-10-21|t|50000|el colegio|kincampolinca|||t|0|f|f|7|7|2019-05-08 07:42:52.250068-05|2019-05-08 07:42:52.347578-05||t||1|0|t
374|MARYMOUNT PREPARATORIA|2014-01-30 00:00:00-06|2014-02-02 00:00:00-06|25|65|15|||2014-01-15|2015-03-23|t|50000|El colegio|kincampmarymount|||t|0|f|f|7|7|2019-05-08 07:42:52.250068-05|2019-05-08 07:42:52.347578-05||t||1|0|t
20192|Tomás Moro Cuajimalpa 1ro. - Batán Mayo 2016|2016-05-25 07:00:00-05|2016-05-25 18:00:00-05||66|8|http://www.kincamp.com/tomasmoro||2016-04-22|2016-05-23|t|50000|el colegio|kincamptomasmoro|||t|0|f|f|7|7|2019-05-08 07:42:52.250068-05|2019-05-08 07:42:52.347578-05||t||1|0|t
351|MARTINAK BACHILLERATO|2014-03-20 00:00:00-06|2014-03-22 00:00:00-06|22|67|15|http://||2013-11-25|2013-11-26|t||||||t|0|f|f|7|7|2019-05-08 07:42:52.250068-05|2019-05-08 07:42:52.347578-05||t||1|0|t
352|VON GLUMER ROMA SECUNDARIA|2014-03-21 00:00:00-06|2014-03-22 00:00:00-06|25|47|15|||2013-11-25|2013-11-25|t||||||t|0|f|f|7|7|2019-05-08 07:42:52.250068-05|2019-05-08 07:42:52.347578-05||t||1|0|t
336|OLINCA PREPRI|2014-03-13 00:00:00-06|2014-03-15 00:00:00-06|34|5|15|http://||2013-08-28|2013-12-04|t||||||t|0|f|f|7|7|2019-05-08 07:42:52.250068-05|2019-05-08 07:42:52.347578-05||t||1|0|t
372|TOMAS MORO 5|2014-03-11 00:00:00-06|2014-03-12 00:00:00-06|25|66|15|||2014-01-13|2014-01-13|t||||||t|0|f|f|7|7|2019-05-08 07:42:52.250068-05|2019-05-08 07:42:52.347578-05||t||1|0|t
344|LONDON 3 SECUNDARIA|2014-03-03 00:00:00-06|2014-03-07 00:00:00-06|25|10|15|||2013-09-29|2013-09-29|t||||||t|0|f|f|7|7|2019-05-08 07:42:52.250068-05|2019-05-08 07:42:52.347578-05||t||1|0|t
350|BOSQUE REAL PRIMARIA|2014-03-03 00:00:00-06|2014-03-07 00:00:00-06|32|53|15|http://||2013-11-25|2014-02-11|t||||||t|0|f|f|7|7|2019-05-08 07:42:52.250068-05|2019-05-08 07:42:52.347578-05||t||1|0|t
343|LONDON 6 PRIMARIA|2014-02-24 00:00:00-06|2014-02-28 00:00:00-06|32|10|15|http://||2013-09-29|2013-09-29|t||||||t|0|f|f|7|7|2019-05-08 07:42:52.250068-05|2019-05-08 07:42:52.347578-05||t||1|0|t
346|LFM CM2 GRUPO CYF|2014-02-24 00:00:00-06|2014-02-28 00:00:00-06|27|43|15|http://||2013-10-26|2013-10-26|t||||||t|0|f|f|7|7|2019-05-08 07:42:52.250068-05|2019-05-08 07:42:52.347578-05||t||1|0|t
370|GREEN GATES 4TH GRADE|2014-02-10 00:00:00-06|2014-02-13 00:00:00-06|27|22|15|||2013-12-18|2013-12-18|t||||||t|0|f|f|7|7|2019-05-08 07:42:52.250068-05|2019-05-08 07:42:52.347578-05||t||1|0|t
20228|Tomás Moro Lomas 4to. Mayo 2017|2017-05-17 06:30:00-05|2017-05-19 18:00:00-05|2|128|51|http://www.kincamp.com/tml||2016-08-31|2017-05-17|t|150000|el colegio|kincamptml|||t|0|f|f|7|7|2019-05-08 07:42:52.250068-05|2019-05-08 07:42:52.347578-05||t||1|0|t
342|WILLIAMS PREPA 2014|2014-02-07 00:00:00-06|2014-02-09 00:00:00-06|32|72|50|http://||2013-09-26|2013-09-26|t||||||t|0|f|f|7|7|2019-05-08 07:42:52.250068-05|2019-05-08 07:42:52.347578-05||t||1|0|t
349|ATERET JOSEPH|2014-02-04 00:00:00-06|2014-02-06 00:00:00-06|32|1|15|||2013-11-25|2013-11-25|t||||||t|0|f|f|7|7|2019-05-08 07:42:52.250068-05|2019-05-08 07:42:52.347578-05||t||1|0|t
348|EMMANUEL MOUNIER|2014-01-27 00:00:00-06|2014-01-29 00:00:00-06|25|21|15|http://||2013-11-25|2013-12-10|t||||||t|0|f|f|7|7|2019-05-08 07:42:52.250068-05|2019-05-08 07:42:52.347578-05||t||1|0|t
340|OLINCA CUERNAVACA PAI|2013-11-29 00:00:00-06|2013-12-01 00:00:00-06|32|6|15|http://||2013-09-23|2013-10-18|t||||||t|0|f|f|7|7|2019-05-08 07:42:52.250068-05|2019-05-08 07:42:52.347578-05||t||1|0|t
328|LFM CM1|2013-11-11 00:00:00-06|2013-11-15 00:00:00-06|27|43|15|http://||2013-08-07|2013-09-02|t||||||t|0|f|f|7|7|2019-05-08 07:42:52.250068-05|2019-05-08 07:42:52.347578-05||t||1|0|t
324|CAMP CVH 2DO SECUNDARIA 2013|2013-10-25 01:00:00-05|2013-10-27 01:00:00-05|19|36|15|http://||2013-05-21|2013-10-11|t||||||t|0|f|f|7|7|2019-05-08 07:42:52.250068-05|2019-05-08 07:42:52.347578-05||t||1|0|t
331|INSTITUTO TLALPAN SECUNDARIA|2013-10-25 01:00:00-05|2013-10-27 01:00:00-05|25|74|15|||2013-08-07|2013-08-07|t||||||t|0|f|f|7|7|2019-05-08 07:42:52.250068-05|2019-05-08 07:42:52.347578-05||t||1|0|t
360|MARTINAK SECUNDARIA 2014|2014-05-28 01:00:00-05|2014-05-30 01:00:00-05|22|67|15|http://kincamp.com/martinak||2013-11-25|2014-05-28|t|50000|||||t|0|f|f|7|7|2019-05-08 07:42:52.250068-05|2019-05-08 07:42:52.347578-05||t||1|0|t
345|NUEVO CONTINENTE METEPEC 2014|2014-06-06 01:00:00-05|2014-06-08 01:00:00-05|25|52|15|http://kincamp.com/ncm||2013-10-22|2014-06-06|t|50000|||||t|0|f|f|7|7|2019-05-08 07:42:52.250068-05|2019-05-08 07:42:52.347578-05||t||1|0|t
364|GREENGATES FORM2 2014|2014-06-23 01:00:00-05|2014-06-25 01:00:00-05|25|22|50|http://kincamp.com/greengates||2013-11-25|2014-06-23|t|50000|||||t|0|f|f|7|7|2019-05-08 07:42:52.250068-05|2019-05-08 07:42:52.347578-05||t||1|0|t
376|CIMAT 2014|2014-06-26 01:00:00-05|2014-06-28 01:00:00-05|32|76|50|http://kincamp.com/cimat/||2014-02-07|2014-06-25|t|50000|||||t|0|f|f|7|7|2019-05-08 07:42:52.250068-05|2019-05-08 07:42:52.347578-05||t||1|0|t
309|FORGER SECUNDARIA|2013-05-03 01:00:00-05|2013-05-05 01:00:00-05|34|70|15|||2013-01-30|2013-01-30|t||||||t|0|f|f|7|7|2019-05-08 07:42:52.250068-05|2019-05-08 07:42:52.347578-05||t||1|0|t
311|MIRAFLORES CUERNAVACA 6TO PRIM|2013-04-21 01:00:00-05|2013-04-24 01:00:00-05|32|14|15|kincamp.com/miraflores-primaria/||2013-03-07|2013-03-07|t||||||t|0|f|f|7|7|2019-05-08 07:42:52.250068-05|2019-05-08 07:42:52.347578-05||t||1|0|t
20198|Kin Corp - STPS|2016-07-06 07:00:00-05|2016-07-07 18:00:00-05||119|8|http://www.kincamp.con/||2016-05-23|2016-07-05|t|150000|oficina|-|||t|0|f|f|7|7|2019-05-08 07:42:52.250068-05|2019-05-08 07:42:52.347578-05||t||1|0|t
20041|Tomás Moro Lomas 5º Prim. 2015|2015-05-06 06:30:00-05|2015-05-08 17:00:00-05|32|128|2|http://kincamp.com/tml||2014-10-01|2016-08-22|t|50000|el Colegio|kincamptml|||t|0|f|f|7|7|2019-05-08 07:42:52.250068-05|2019-05-08 07:42:52.347578-05||t||1|0|t
20027|Emmanuel Mounier 2015|2015-01-21 07:30:00-06|2015-01-23 18:00:00-06|32|21|2|http://kincamp.com/mounier||2014-10-01|2015-01-20|t|50000|el colegio, plantel secundaria,|kincampmounier|||t|0|f|f|7|7|2019-05-08 07:42:52.250068-05|2019-05-08 07:42:52.347578-05||t||1|0|t
20112|Emmanuel Mounier Enero 2016|2016-01-20 08:00:00-06|2016-01-22 17:00:00-06|5|21|7|http://www.kincamp.com/mounier||2015-08-21|2016-01-19|t|150000|el Colegio|kincampmounier|||t|0|f|f|7|7|2019-05-08 07:42:52.250068-05|2019-05-08 07:42:52.347578-05||t||1|0|t
173|MIRAFLORES CUERNAVACA 6 PRIMARIA|2011-03-29 00:00:00-06|2011-04-03 00:00:00-06|25|14|15|http://www.miraflores.kincamp.com||2010-11-04|2011-01-17|t||||||t|0|f|f|7|7|2019-05-08 07:42:52.250068-05|2019-05-08 07:42:52.347578-05||t||1|0|t
20148|Marymount 6to primaria Mayo 2016|2016-05-05 09:00:00-05|2016-05-07 18:00:00-05||65|7|http://www.kincamp.com/marymount|<p>El costo del campamento es de $3,600 pesos (Tres mil seiscientos&nbsp;pesos 00/100MN).</p>\n\n<p>Fecha limite pago 1: 15&nbsp;de octubre 2015<br />\nFecha l&iacute;mite pago 2:&nbsp;15 de abril 2016</p>\n\n<p>Ponemos a tu disposici&oacute;n 2 formas de pago:</p>\n\n<p>*Dep&oacute;sito o transferencia a la cuenta:</p>\n\n<p>BBVA BANCOMER<br />\nANGELA PATRICIA&nbsp;AVILA ROJAS<br />\nCta 01999094 35 Clabe 012180001999094351</p>\n\n<p>*Con tarjeta de cr&eacute;dito v&iacute;a PAYPAL en nuestro sistema de inscripci&oacute;n (Ojo, en pago con tarjeta aplica 5% de comisi&oacute;n).</p>\n\n<p><strong>IMPORTANTE:</strong></p>\n\n<p>**Te recordamos enviar tu comprobante de pago v&iacute;a mail a&nbsp;<strong>pagos@kincamp.com</strong>&nbsp;o v&iacute;a fax al 52574937 indicando nombre del acampador, grado escolar y nombre de la escuela.</p>\n\n<p>**En caso de requerir factura se agregar&aacute; el IVA correspondiente y te pedimos nos contactes para indicarte la forma de realizar el pago**</p>\n|2015-09-17|2016-05-04|t|150000|en Casa de Descanso Tetela (Calzada De Los Reyes num 31, Real Tetela, Cuernavaca, México / frenta a plaza norte y capufe)|kincampmarymount|||t|0|f|f|7|7|2019-05-08 07:42:52.250068-05|2019-05-08 07:42:52.347578-05||t||1|0|t
20174|Teifaros Mayo 2016|2016-05-06 07:00:00-05|2016-05-09 18:00:00-05|32|111|7|http://www.kincamp.com/teifaros|<p>El precio del campamento es de 4,500 $(Cuatro mil quinientos pesos 00/100 MN)</p>\n\n<p>Ponemos a tu disposici&oacute;n 2 formas de pago y 5 fechas de pago.</p>\n\n<p>1. Dep&oacute;sito o transferencia</p>\n\n<p>BBVA BANCOMER<br />\n&Aacute;NGELA PATRICIA &Aacute;VILA ROJAS<br />\nCta 0199909435 Clabe 012180001999094351</p>\n\n<p>2. Con tarjeta de cr&eacute;dito v&iacute;a PAYPAL en nuestro sistema de inscripci&oacute;n (Ojo, en pago con tarjeta aplica 5% de comisi&oacute;n).</p>\n\n<p><strong>IMPORTANTE:&nbsp;</strong>**Mandar el comprobante de pago al mail&nbsp;<a href="mailto:pagos@kincamp.com" style="margin: 0px; padding: 0px; border: 0px; font-style: inherit; font-variant: inherit; font-weight: inherit; font-stretch: inherit; font-size: inherit; line-height: inherit; font-family: inherit; vertical-align: baseline; color: rgb(79, 79, 79); text-decoration: none; outline: 0px;">pagos@kincamp.com</a>&nbsp;indicando: nombre completo del participante, escuela y grado.</p>\n\n<p><em>**<strong>En caso de requerir factura</strong>&nbsp;se agregar&aacute; el IVA correspondiente y te pedimos nos contactes para indicarte la forma de realizar el pago**</em></p>\n\n<p><strong>Fechas de pago:</strong></p>\n\n<p>1er pago 18 de Diciembre $900 para reservar lugar.</p>\n\n<p>2do pago 15 de Enero &nbsp;$900</p>\n\n<p>3er pago 15 de Febrero $900</p>\n\n<p>4to pago 15 de Marzo $900</p>\n\n<p>5to pago&nbsp; 22 de Abril&nbsp; $900</p>\n\n<p>La fecha l&iacute;mite de pago&nbsp; y registro en la p&aacute;gina, ser&aacute; el d&iacute;a 22 de Abril de 2016.</p>\n|2015-12-10|2016-05-04|t|150000|el parque Frida Kahlo (sobre Fernando Leal)|kincampteifaros|||t|0|f|f|7|7|2019-05-08 07:42:52.250068-05|2019-05-08 07:42:52.347578-05||t||1|0|t
341|HAMILTON CUERNAVACA 2014|2014-05-15 01:00:00-05|2014-05-18 01:00:00-05|32|54|50|http://kincamp.com/hamilton||2013-09-23|2014-05-14|t|50000|||||t|0|f|f|7|7|2019-05-08 07:42:52.250068-05|2019-05-08 07:42:52.347578-05||t||1|0|t
254|INSTITUTO REGINA NOVIEMBRE 2012|2012-11-09 00:00:00-06|2012-11-11 00:00:00-06|25|15|15|http://www.regina.kincamp.com|RECUERDA QUE EN PAGO CON TC, APLICARA UNA COMISION DEL 6%.|2012-07-10|2012-09-27|t||||||t|0|f|f|7|7|2019-05-08 07:42:52.250068-05|2019-05-08 07:42:52.347578-05||t||1|0|t
255|EDRON ACADEMY (9TH) - OCT2012|2012-10-21 01:00:00-05|2012-10-25 01:00:00-05|26|61|15|http://www.edron.kincamp.com||2012-07-10|2012-08-23|t||||||t|0|f|f|7|7|2019-05-08 07:42:52.250068-05|2019-05-08 07:42:52.347578-05||t||1|0|t
20412|London Secundaria Marzo 2018|2018-03-19 07:00:00-06|2018-03-23 18:00:00-06|25|10|55|http://www.kincamp.com/london||2018-01-23|2022-10-03|t|150000|el colegio|kincamplondon|||t|5700|f|f|15|15|2019-05-08 07:42:52.250068-05|2019-05-08 07:42:52.347578-05||t||1|0|f
322|GREENGATES F3 CAMP IN VALLE DE BRAVO|2013-06-24 01:00:00-05|2013-06-26 01:00:00-05|25|22|15|http://kincamp.com/greengates||2013-05-01|2013-05-01|t||||||t|0|f|f|7|7|2019-05-08 07:42:52.250068-05|2019-05-08 07:42:52.347578-05||t||1|0|t
20129|Vallarta Feb. 2016|2016-02-26 07:00:00-06|2016-02-28 18:00:00-06|32|51|7|http://www.kincamp.com/vallarta|<p style="margin: 0px 0px 20px; padding: 0px; border: 0px; font-stretch: inherit; line-height: 21px; font-family: 'Droid Sans'; vertical-align: baseline; color: rgb(119, 119, 119);">El costo del campamento es de $3,100&nbsp;pesos (Tres mil cien&nbsp;pesos 00/100MN)</p>\n\n<p style="margin: 0px 0px 20px; padding: 0px; border: 0px; font-stretch: inherit; line-height: 21px; font-family: 'Droid Sans'; vertical-align: baseline; color: rgb(119, 119, 119);">Ponemos a tu disposici&oacute;n las siguientes fechas de pago:</p>\n\n<p style="margin: 0px 0px 20px; padding: 0px; border: 0px; font-stretch: inherit; line-height: 21px; font-family: 'Droid Sans'; vertical-align: baseline; color: rgb(119, 119, 119);">Fecha limite 1er pago el 15 de Octubre de 2015 por una cantidad de $800 pesos</p>\n\n<p style="margin: 0px 0px 20px; padding: 0px; border: 0px; font-stretch: inherit; line-height: 21px; font-family: 'Droid Sans'; vertical-align: baseline; color: rgb(119, 119, 119);">Fecha limite 2do pago el 15 de Noviembre de 2015 por una cantidad de $800 pesos</p>\n\n<p style="margin: 0px 0px 20px; padding: 0px; border: 0px; font-stretch: inherit; line-height: 21px; font-family: 'Droid Sans'; vertical-align: baseline; color: rgb(119, 119, 119);">Fecha l&iacute;mite 3er pago el 15 de &nbsp;Diciembre de 2015 por una cantidad de $800 pesos</p>\n\n<p style="margin: 0px 0px 20px; padding: 0px; border: 0px; font-stretch: inherit; line-height: 21px; font-family: 'Droid Sans'; vertical-align: baseline; color: rgb(119, 119, 119);">Fecha limite para liquidar el total del campamento 15 de Enero de 2016 $700 pesos</p>\n\n<p style="margin: 0px 0px 20px; padding: 0px; border: 0px; font-stretch: inherit; line-height: 21px; font-family: 'Droid Sans'; vertical-align: baseline; color: rgb(119, 119, 119);">Ponemos a tu disposici&oacute;n las siguientes formas de pago:</p>\n\n<p style="margin: 0px 0px 20px; padding: 0px; border: 0px; font-stretch: inherit; line-height: 21px; font-family: 'Droid Sans'; vertical-align: baseline; color: rgb(119, 119, 119);">*Dep&oacute;sito o transferencia a la cuenta:</p>\n\n<p style="margin: 0px 0px 20px; padding: 0px; border: 0px; font-stretch: inherit; line-height: 21px; font-family: 'Droid Sans'; vertical-align: baseline; color: rgb(119, 119, 119);">BBVA BANCOMER<br />\n&Aacute;NGELA PATRICIA &Aacute;VILA ROJAS<br />\nCta 0199909435 &nbsp;Clabe 012180001999094351</p>\n\n<p style="margin: 0px 0px 20px; padding: 0px; border: 0px; font-stretch: inherit; line-height: 21px; font-family: 'Droid Sans'; vertical-align: baseline; color: rgb(119, 119, 119);">*Con tarjeta de cr&eacute;dito v&iacute;a PAYPAL en nuestro sistema de inscripci&oacute;n (Ojo, en pago con tarjeta aplica 5% de comisi&oacute;n).</p>\n\n<p style="margin: 0px 0px 20px; padding: 0px; border: 0px; font-stretch: inherit; line-height: 21px; font-family: 'Droid Sans'; vertical-align: baseline; color: rgb(119, 119, 119);"><strong style="margin: 0px; padding: 0px; border: 0px; font-style: inherit; font-variant: inherit; font-stretch: inherit; font-size: inherit; line-height: inherit; font-family: inherit; vertical-align: baseline;">IMPORTANTE:</strong></p>\n\n<p style="margin: 0px 0px 20px; padding: 0px; border: 0px; font-stretch: inherit; line-height: 21px; font-family: 'Droid Sans'; vertical-align: baseline; color: rgb(119, 119, 119);">**Mandar el comprobante de pago a pagos@kincamp.com indicando: nombre completo del participante, escuela y grado.</p>\n\n<p style="margin: 0px 0px 20px; padding: 0px; border: 0px; font-stretch: inherit; line-height: 21px; font-family: 'Droid Sans'; vertical-align: baseline; color: rgb(119, 119, 119);">**En caso de requerir factura se agregar&aacute; el IVA correspondiente y te pedimos nos contactes para indicarte la forma de realizar el pago**</p>\n|2015-09-01|2016-02-26|t|150000|el colegio|kincampvallarta|||t|0|f|f|7|7|2019-05-08 07:42:52.250068-05|2019-05-08 07:42:52.347578-05||t||1|0|t
378|MENSAJEROS DE LA PAZ (BENEFICENCIA) 2014|2014-04-28 01:00:00-05|2014-04-30 01:00:00-05|34|1|50|http://kincamp.com/||2014-02-09|2014-05-01|t|50000|||||t|0|f|f|7|7|2019-05-08 07:42:52.250068-05|2019-05-08 07:42:52.347578-05||t||1|0|t
373|MIRAFLORES CUERNAVACA 2014|2014-05-10 01:00:00-05|2014-05-14 01:00:00-05|32|14|50|http://kincamp.com/miraflorescuerna||2014-01-14|2014-05-09|t|50000|||||t|0|f|f|7|7|2019-05-08 07:42:52.250068-05|2019-05-08 07:42:52.347578-05||t||1|0|t
20199|Kin Corp - GNP|2016-07-18 07:00:00-05|2016-06-18 18:00:00-05||119|8|http://www.kincamp.com/||2016-05-23|2016-07-15|t|150000|oficina |-|||t|0|f|f|7|7|2019-05-08 07:42:52.250068-05|2019-05-08 07:42:52.347578-05||t||1|0|t
20071|Christel House 2015|2015-07-06 09:30:00-05|2015-07-08 18:00:00-05|34|117|2|http://kincamp.com/christelhouse||2015-01-09|2015-07-03|t|50000|Christel House|kincampchristelhouse|||t|0|f|f|7|7|2019-05-08 07:42:52.250068-05|2019-05-08 07:42:52.347578-05||t||1|0|t
20059|Hellen Keller Cuerna 2015|2015-04-13 07:00:00-05|2015-04-17 18:00:00-05|32|108|2|http://www.kincamp.com/hellenkeller|<p>&iexcl;Ahora puedes pagar el campamento con tu tarjeta de cr&eacute;dito v&iacute;a Paypal!</p>\n\n<p>&nbsp;</p>\n\n<p>-- Ojo, en pagos con tarjeta aplica un 5% de comisi&oacute;n.</p>\n|2014-10-15|2015-04-13|t|50000|El Colegio|kincamphellenkeller|||t|0|f|f|7|7|2019-05-08 07:42:52.250068-05|2019-05-08 07:42:52.347578-05||t||1|0|t
357|FORMUS MONTERREY 2014|2014-05-13 01:00:00-05|2014-05-15 01:00:00-05|29|17|15|http://kincamp.com/formus||2013-11-25|2014-05-12|t|50000|||||t|0|f|f|7|7|2019-05-08 07:42:52.250068-05|2019-05-08 07:42:52.347578-05||t||1|0|t
369|NUEVO CONTINENTE CUERNAVACA 3RO DE SECUNDARIA 2014|2014-05-29 01:00:00-05|2014-05-31 01:00:00-05|34|68|50|http://kincamp.com/ncc||2013-12-16|2014-05-28|t|50000|||||t|0|f|f|7|7|2019-05-08 07:42:52.250068-05|2019-05-08 07:42:52.347578-05||t||1|0|t
329|REGINA 3RO DE SECUNDARIA|2013-10-18 01:00:00-05|2013-10-20 01:00:00-05|25|15|15|http://||2013-08-07|2013-10-04|t||||||t|0|f|f|7|7|2019-05-08 07:42:52.250068-05|2019-05-08 07:42:52.347578-05||t||1|0|t
279|COYOACAN LIMEH SECUNDARIA|2013-06-24 01:00:00-05|2013-06-25 01:00:00-05|34|60|15|http://||2012-11-14|2015-07-03|t||||||t|0|f|f|7|7|2019-05-08 07:42:52.250068-05|2019-05-08 07:42:52.347578-05||t||1|0|t
182|LUIS VIVES|2011-03-25 00:00:00-06|2011-03-27 00:00:00-06|17|28|15|http://www.luisvives.kincamp.com||2011-01-13|2011-02-22|t||||||t|0|f|f|7|7|2019-05-08 07:42:52.250068-05|2019-05-08 07:42:52.347578-05||t||1|0|t
187|COLEGIO ALEMAN (2 PRIMARIA)|2011-03-16 00:00:00-06|2011-03-18 00:00:00-06|25|30|15|||2011-01-31|2011-01-31|t||||||t|0|f|f|7|7|2019-05-08 07:42:52.250068-05|2019-05-08 07:42:52.347578-05||t||1|0|t
122|CAMP OLINCA CUERNA PEP OCT 2009|2009-10-23 01:00:00-05|2009-10-25 01:00:00-05|22|6|15|http://www.olincacuerna.kincamp.com||2009-09-24|2009-09-24|t||||||t|0|f|f|7|7|2019-05-08 07:42:52.250068-05|2019-05-08 07:42:52.347578-05||t||1|0|t
112|CAMP LONDON 3RO Y 4TO OCT 2009|2009-10-23 01:00:00-05|2009-10-24 01:00:00-05|2|10|15|http://www.london.kincamp.com||2009-09-03|2009-09-03|t||||||t|0|f|f|7|7|2019-05-08 07:42:52.250068-05|2019-05-08 07:42:52.347578-05||t||1|0|t
114|CAMP LONDON 5TO Y 6TO OCT 2009|2009-10-23 01:00:00-05|2009-10-24 01:00:00-05|22|10|15|http://www.london.kincamp.com||2009-09-03|2009-10-21|t||||||t|0|f|f|7|7|2019-05-08 07:42:52.250068-05|2019-05-08 07:42:52.347578-05||t||1|0|t
20094|Churchill College Sept. 2015|2015-09-21 07:00:00-05|2015-09-24 18:30:00-05|14|48|6|http://www.kincamp.com/cc|<p style="font-family: Georgia, 'Times New Roman', 'Bitstream Charter', Times, serif; font-size: 16px; line-height: 26.6666679382324px;">El costo del campamento es de $6,400 pesos (Seis mil cuatrocientos pesos 00/100MN).</p>\n\n<p style="font-family: Georgia, 'Times New Roman', 'Bitstream Charter', Times, serif; font-size: 16px; line-height: 26.6666679382324px;">Fecha limite pago 1: 15 agosto por un monto de $2,000 pesos<br />\nFecha l&iacute;mite pago 2: 28 agosto por un monto de $2,200 pesos<br />\nFecha limite pago 3: 11 septiembre por un monto de $2,200 pesos</p>\n\n<p style="font-family: Georgia, 'Times New Roman', 'Bitstream Charter', Times, serif; font-size: 16px; line-height: 26.6666679382324px;">Ponemos a tu disposici&oacute;n 2 formas de pago:</p>\n\n<p style="font-family: Georgia, 'Times New Roman', 'Bitstream Charter', Times, serif; font-size: 16px; line-height: 26.6666679382324px;">*Dep&oacute;sito o transferencia a la cuenta:</p>\n\n<p style="font-family: Georgia, 'Times New Roman', 'Bitstream Charter', Times, serif; font-size: 16px; line-height: 26.6666679382324px;">BBVA BANCOMER<br />\n<span style="font-family: Georgia, 'Times New Roman', 'Bitstream Charter', Times, serif; font-size: 16px; line-height: 26.6666679382324px;">ANGELA PATRICIA</span><span style="font-family: Georgia, 'Times New Roman', 'Bitstream Charter', Times, serif; font-size: 16px; line-height: 26.6666679382324px;">&nbsp;AVILA ROJAS</span><br />\nCta 01999094 35 Clabe 012180001999094351</p>\n\n<p style="font-family: Georgia, 'Times New Roman', 'Bitstream Charter', Times, serif; font-size: 16px; line-height: 26.6666679382324px;">*Con tarjeta de cr&eacute;dito v&iacute;a PAYPAL en nuestro sistema de inscripci&oacute;n (Ojo, en pago con tarjeta aplica 5% de comisi&oacute;n).</p>\n\n<p style="font-family: Georgia, 'Times New Roman', 'Bitstream Charter', Times, serif; font-size: 16px; line-height: 26.6666679382324px;">Te recordamos enviar tu comprobante de pago v&iacute;a mail a pagos@kincamp.com o v&iacute;a fax al 52574937 indicando nombre del acampador, grado escolar y nombre de la escuela.</p>\n\n<p style="font-family: Georgia, 'Times New Roman', 'Bitstream Charter', Times, serif; font-size: 16px; line-height: 26.6666679382324px;">**En caso de requerir factura se agregar&aacute; el IVA correspondiente y te pedimos nos contactes para indicarte la forma de realizar el pago**</p>\n|2015-06-03|2015-10-06|t|50000|el Colegio|kincampcc|||t|0|f|f|7|7|2019-05-08 07:42:52.250068-05|2019-05-08 07:42:52.347578-05||t||1|0|t
20060|Buena Tierra 3ro SEC 2015|2015-06-26 07:00:00-05|2015-06-29 18:00:00-05|25|109|2|http://www.kincamp.com/buenatierra|<p>&iexcl;Ahora puedes pagar tu campamento con Tarjeta de Cr&eacute;dito a trav&eacute;s de Paypal!</p>\n\n<p>* Aplica 5% de comisi&oacute;n.</p>\n\n<p>&nbsp;</p>|2014-10-17|2018-07-18|t|50000|el colegio|kincampbuenatierra|||t|0|f|f|7|7|2019-05-08 07:42:52.250068-05|2019-05-08 07:42:52.347578-05||t||1|0|t
256|EDRON ACADEMY (10TH) - OCT2012|2012-10-21 01:00:00-05|2012-10-25 01:00:00-05|25|61|15|http://www.edron.kincamp.com||2012-07-10|2012-08-23|t||||||t|0|f|f|7|7|2019-05-08 07:42:52.250068-05|2019-05-08 07:42:52.347578-05||t||1|0|t
20592|Columbia Sec. Octubre 2019|2019-10-14 06:30:00-05|2019-10-16 18:00:00-05|45|105|60|http://www.kincamp.com/columbia|<p>El costo del campamento es de $4,300 pesos (Cuatro mil trescientos pesos 00/100 M.N.)</p>\n\n<p><strong>La fecha l&iacute;mite de pago y registro es el 30 de septiembre 2019</strong></p>\n\n<p>Los pagos se realizan directamente en el colegio.</p>|2019-08-12|2022-10-03|t|150000|el colegio|bosquecolumbia19|||f|4300|f|f|15|15|2019-10-07 10:00:00-05|2019-08-12 11:17:16-05||t||1|0|f
20512|Capacitación Protección Civil Abril 2019|2019-04-06 07:30:00-06|2019-04-06 12:00:00-06|4|119|58|||2018-10-30|2022-10-03|t|0|-|-|||t|0|f|f|15|15|2019-05-08 07:42:52.250068-05|2019-05-08 07:42:52.347578-05||t||1|0|f
20435|Kin Corp: Cisco Agosto 2018|2018-08-08 07:00:00-05|2018-08-09 18:00:00-05||119|57|||2018-08-06|2022-10-03|t|0|-|-|||t|0|f|f|15|15|2019-05-08 07:42:52.250068-05|2019-05-08 07:42:52.347578-05||t||1|0|f
20421|Kin Corp: Drager Medical|2018-03-15 06:30:00-06|2018-03-16 15:00:00-06||119|55|http://www.kincamp.com||2018-03-02|2022-10-03|t|0|German Centre Santa Fé|-|||t|0|f|f|15|15|2019-05-08 07:42:52.250068-05|2019-05-08 07:42:52.347578-05||t||1|0|f
362|CHURCHILL 3 2014|2014-06-09 01:00:00-05|2014-06-13 01:00:00-05|32|48|15|http://kincamp.com/tcs|<p>EN PAGOS CON TARJETA DE CREDITO APLICA UN 5% DE COMISION.</p>\n|2013-11-25|2014-06-09|t|50000|||||t|0|f|f|7|7|2019-05-08 07:42:52.250068-05|2019-05-08 07:42:52.347578-05||t||1|0|t
20010|Greengates J3 Camp October 2014|2014-10-13 01:00:00-05|2014-10-16 01:00:00-05|19|22|1|http://kincamp.com/greegates||2014-08-13|2014-10-10|t|50000|||||t|0|f|f|7|7|2019-05-08 07:42:52.250068-05|2019-05-08 07:42:52.347578-05||t||1|0|t
359|ETON 2014|2014-05-26 01:00:00-05|2014-05-30 01:00:00-05|32|20|15|http://kincamp.com/eton||2013-11-25|2014-05-26|t|50000|||||t|0|f|f|7|7|2019-05-08 07:42:52.250068-05|2019-05-08 07:42:52.347578-05||t||1|0|t
310|FRANCO INGLES 6TO PRIMARIA|2013-06-22 01:00:00-05|2013-06-23 01:00:00-05|22|71|42|kincamp.com/francoingles/||2013-03-07|2013-03-07|t||||||t|0|f|f|7|7|2019-05-08 07:42:52.250068-05|2019-05-08 07:42:52.347578-05||t||1|0|t
20178|Miraflores de Cuernavaca 6to. Mayo 2016|2016-05-27 07:00:00-05|2016-05-31 18:00:00-05|32|14|8|http://www.kincamp.com/miraflorescuernavaca|<p>El costo del campamento es de $5,600 pesos (Cinco mil seiscientos pesos 00/100MN).</p>\n\n<div>\n<div>1 fecha de pago 15 de febrero por $1,400</div>\n\n<div>2&ordm; fecha de pago 15 de Marzo por $1,400</div>\n\n<div>3&ordm; fecha de pago 15 de Abril por $1,400</div>\n\n<div>4&ordm; fecha liquidaci&oacute;n 13 de Mayo por $1,400</div>\n</div>\n\n<p><strong>La fecha l&iacute;mite de pago es el d&iacute;a 13 de Mayo&nbsp;del presente.</strong></p>\n\n<p>Ponemos a tu disposici&oacute;n 2 formas de pago:</p>\n\n<p>*Dep&oacute;sito o transferencia a la cuenta:</p>\n\n<p>BBVA BANCOMER<br />\n&Aacute;NGELA PATRICIA &Aacute;VILA ROJAS<br />\nCta 0199909435 &nbsp;Clabe 012180001999094351</p>\n\n<p>*Con tarjeta de cr&eacute;dito v&iacute;a PAYPAL en nuestro sistema de inscripci&oacute;n (Ojo, en pago con tarjeta aplica 5% de comisi&oacute;n).</p>\n\n<p>**En caso de requerir factura se agregar&aacute; el IVA correspondiente y te pedimos nos contactes para indicarte la forma de realizar el pago**</p>\n|2016-01-22|2016-05-26|t|150000|el colegio|kincampmiraflores|||t|0|f|f|7|7|2019-05-08 07:42:52.250068-05|2019-05-08 07:42:52.347578-05||t||1|0|t
20130|Tomás Moro Lomas 4to. primaria Marzo 2016|2016-03-09 06:30:00-06|2016-03-11 18:00:00-06|34|128|7|http://www.kincamp.com/tml||2015-09-01|2016-08-22|t|150000|el colegio|kincamptml|||t|0|f|f|7|7|2019-05-08 07:42:52.250068-05|2019-05-08 07:42:52.347578-05||t||1|0|t
327|CHURCHILL 2DO SECUNDARIA|2013-09-23 01:00:00-05|2013-09-26 01:00:00-05|27|48|15|http://kincamp.com/tcs||2013-08-07|2013-08-22|t||||||t|0|f|f|7|7|2019-05-08 07:42:52.250068-05|2019-05-08 07:42:52.347578-05||t||1|0|t
325|CHURCHILL 1ERO SECUNDARIA|2013-09-17 01:00:00-05|2013-09-20 01:00:00-05|25|48|15|http://www.kincamp.com/tcs||2013-08-07|2013-08-22|t||||||t|0|f|f|7|7|2019-05-08 07:42:52.250068-05|2019-05-08 07:42:52.347578-05||t||1|0|t
323|INSTITUTO TLALPAN|2013-06-28 01:00:00-05|2013-06-30 01:00:00-05|22|74|15|http://www.kincamp.com/it||2013-05-16|2013-05-20|t||||||t|0|f|f|7|7|2019-05-08 07:42:52.250068-05|2019-05-08 07:42:52.347578-05||t||1|0|t
382|LIMEH COYOACAN 2014|2014-07-03 01:00:00-05|2014-07-04 01:00:00-05|22|60|50|http://kincamp.com/limeh/||2014-03-12|2015-07-03|t|50000|||||t|0|f|f|7|7|2019-05-08 07:42:52.250068-05|2019-05-08 07:42:52.347578-05||t||1|0|t
20109|Colegio Vista Hermosa 2do. Sec Oct. 2015|2015-10-22 08:00:00-05|2015-10-24 12:30:00-05|19|36|6|http://www.kincamp.com/cvh||2015-08-21|2015-10-26|t|50000|el Colegio|kincampcvh|uploads/camps/medical_report/reporte_medico_camp_20109_Colegio_Vista_Hermosa_2do_Sec_Oct_2015.JPG||t|0|f|f|7|7|2019-05-08 07:42:52.250068-05|2019-05-08 07:42:52.347578-05||t||1|0|t
20184|Kin Corp|2016-03-23 07:00:00-06|2016-03-23 18:00:00-06||119|7|||2016-02-29|2016-03-18|t|0|-|nohay|||t|0|f|f|7|7|2019-05-08 07:42:52.250068-05|2019-05-08 07:42:52.347578-05||t||1|0|t
375|GUILLAUMIN 2014|2014-07-08 01:00:00-05|2014-07-11 01:00:00-05|25|3|50|http://kincamp.com/guillaumin||2014-01-27|2014-07-02|t|50000|||||t|0|f|f|7|7|2019-05-08 07:42:52.250068-05|2019-05-08 07:42:52.347578-05||t||1|0|t
20321|Sicario|2017-07-03 09:00:00-05|2017-07-04 20:00:00-05|34|104|53|||2017-06-28|2017-06-30|t|1500000|fuente de la cibeles|kincampsicario|||t|0|f|f|7|7|2019-05-08 07:42:52.250068-05|2019-05-08 07:42:52.347578-05||t||1|0|t
383|GOLDENWOODS 2014|2014-07-01 01:00:00-05|2014-07-03 01:00:00-05|35|19|50|http://kincamp.com/goldenwoods||2014-03-14|2014-07-03|t|50000|||||t|0|f|f|7|7|2019-05-08 07:42:52.250068-05|2019-05-08 07:42:52.347578-05||t||1|0|t
20183|Capacitación Aventura 2016|2016-03-12 09:00:00-06|2016-03-12 17:00:00-06||119|7|http://www.kincamp.com/||2016-02-29|2016-03-12|t|0|El Ectágono: https://goo.gl/maps/L9LKgq5j9UR2|nohay|||t|0|f|f|7|7|2019-05-08 07:42:52.250068-05|2019-05-08 07:42:52.347578-05||t||1|0|t
20074|Centro Educativo Moderno 2015|2015-03-13 07:00:00-06|2015-03-15 18:00:00-06|5|57|2|http://kincamp.com/cem/||2015-02-04|2015-04-15|t|50000|la escuela|kincampcem|||t|0|f|f|7|7|2019-05-08 07:42:52.250068-05|2019-05-08 07:42:52.347578-05||t||1|0|t
281|VERANO SENIOR 2013|2013-07-21 01:00:00-05|2013-07-27 01:00:00-05|32|1|44|http://www.kincamp.com/verano|PAGOS CON DESCUENTOS SOLO A ACAMPADORES AUTORIZADOS Y QUE CUMPLAN CON LOS REQUISITOS SOLICITADOS.|2012-11-14|2013-05-02|t||||||t|0|f|f|7|7|2019-05-08 07:42:52.250068-05|2019-05-08 07:42:52.347578-05||t||1|0|t
111|CAMP ASFG 7TH GRADE OCT 2009|2009-10-19 01:00:00-05|2009-10-23 01:00:00-05|26|8|30|http://www.asfg.kincamp.com||2009-09-03|2009-09-03|t||||||t|0|f|f|7|7|2019-05-08 07:42:52.250068-05|2019-05-08 07:42:52.347578-05||t||1|0|t
262|IMPACT DAY DE DELOITTE|2012-10-19 01:00:00-05|2012-10-19 01:00:00-05|2|63|15|||2012-08-23|2012-08-23|t||||||t|0|f|f|7|7|2019-05-08 07:42:52.250068-05|2019-05-08 07:42:52.347578-05||t||1|0|t
257|COLEGIO VISTA HERMOSA OCTUBRE 2012|2012-10-10 01:00:00-05|2012-10-12 01:00:00-05|19|36|41|http://www.cvh.kincamp.com||2012-07-10|2012-07-10|t||||||t|0|f|f|7|7|2019-05-08 07:42:52.250068-05|2019-05-08 07:42:52.347578-05||t||1|0|t
189|COLEGIO SOLEIL DE CUERNAVACA|2011-05-27 01:00:00-05|2011-05-28 01:00:00-05|2|44|15|http://www.soleil.kincamp.com||2011-01-31|2011-01-31|t||||||t|0|f|f|7|7|2019-05-08 07:42:52.250068-05|2019-05-08 07:42:52.347578-05||t||1|0|t
20117|Ciudad de México 3ro. Sec. Junio 2016|2016-06-07 06:30:00-05|2016-06-10 18:00:00-05|25|50|8|http://www.kincamp.com/ccm|<p>El costo del campamento es de $5,500 pesos (Cinco mil quinientos&nbsp;pesos 00/100MN).</p>\n\n<p>Ponemos a tu disposici&oacute;n 2 formas de pago:</p>\n\n<p>*Dep&oacute;sito o transferencia a la cuenta:</p>\n\n<p>BBVA BANCOMER<br />\n&Aacute;NGELA PATRICIA &Aacute;VILA ROJAS<br />\nCta 0199909435 &nbsp;Clabe 012180001999094351</p>\n\n<p>*Con tarjeta de cr&eacute;dito v&iacute;a PAYPAL en nuestro sistema de inscripci&oacute;n (Ojo, en pago con tarjeta aplica 5% de comisi&oacute;n).</p>\n\n<p><strong>IMPORTANTE:</strong></p>\n\n<p>**Mandar el comprobante de pago a pagos@kincamp.com indicando: nombre completo del participante, escuela y grado.</p>\n\n<p>**En caso de requerir factura se agregar&aacute; el IVA correspondiente y te pedimos nos contactes para indicarte la forma de realizar el pago**</p>\n\n<p>&nbsp;</p>\n|2015-08-21|2017-05-22|t|150000|el Colegio|kincampccm|||t|0|f|f|7|7|2019-05-08 07:42:52.250068-05|2019-05-08 07:42:52.347578-05||t||1|0|t
20133|Greengates J4 Abril 2016|2016-04-25 08:00:00-05|2016-04-28 16:00:00-05|32|22|7|http://www.kincamp.com/greengates||2015-09-01|2016-04-25|t|150000|at school|kincampgreengates|||t|0|f|f|7|7|2019-05-08 07:42:52.250068-05|2019-05-08 07:42:52.347578-05||t||1|0|t
20193|Instituto Piaget 6to. Mayo 2016|2016-05-29 08:00:00-05|2016-06-02 16:00:00-05|25|123|8|http://www.kincamp.com/piaget||2016-04-26|2016-05-27|t|150000|el colegio|kincamppiaget|||t|0|f|f|7|7|2019-05-08 07:42:52.250068-05|2019-05-08 07:42:52.347578-05||t||1|0|t
334|VERANO JUNIOR 2014|2014-07-13 01:00:00-05|2014-07-26 01:00:00-05|32|103|49|http://kincamp.com/verano|<p>&iexcl;PUEDES PAGAR EL CAMPAMENTO CON TU TARJETA DE CREDITO O DEBITO VIA PAYPAL!</p>\n|2013-08-21|2017-05-30|t|50000|||||t|0|f|f|7|7|2019-05-08 07:42:52.250068-05|2019-05-08 07:42:52.347578-05||t||1|0|t
20200|Colegio Eufrosina Junio 2016|2016-06-27 07:30:00-05|2016-06-29 18:00:00-05|32|126|8|http://www.kincamp.com/eufrosina||2016-05-25|2016-06-27|t|150000|el colegio|kincampeufrosina|||t|0|f|f|7|7|2019-05-08 07:42:52.250068-05|2019-05-08 07:42:52.347578-05||t||1|0|t
20232|TML 3ro. Teotihuacán Feb. 2017|2017-02-16 07:00:00-06|2017-02-16 18:00:00-06||128|51|http://www.kincamp.com/tml||2016-09-07|2017-02-15|t|150000|el colegio|kincamptml|||t|0|f|f|7|7|2019-05-08 07:42:52.250068-05|2019-05-08 07:42:52.347578-05||t||1|0|t
20437|ASF 4th Grade Oct. 2018|2018-10-08 06:15:00-05|2018-10-12 15:30:00-05|9|7|57|http://www.kincamp.com/asf||2018-08-06|2022-10-03|t|300000|at school|fogataasf418|||f|7950|f|f|15|15|2019-05-08 07:42:52.250068-05|2019-05-08 07:42:52.347578-05||t||1|0|f
20436|Kin Corp: Olinca Agosto 2018|2018-08-17 07:00:00-05|2018-08-17 18:00:00-05||119|57|||2018-08-06|2022-10-03|t|0|-|-|||t|0|f|f|15|15|2019-05-08 07:42:52.250068-05|2019-05-08 07:42:52.347578-05||t||1|0|f
280|VERANO JUNIOR 2013|2013-07-07 01:00:00-05|2013-07-20 01:00:00-05|32|1|15|http://www.kincamp.com/verano|PAGOS CON DESCUENTOS SOLO A ACAMPADORES AUTORIZADOS Y QUE CUMPLAN CON LOS REQUISITOS SOLICITADOS.|2012-11-14|2013-05-02|t||||||t|0|f|f|7|7|2019-05-08 07:42:52.250068-05|2019-05-08 07:42:52.347578-05||t||1|0|t
20203|Churchill 2do. sec. Octubre 2016|2016-10-09 08:00:00-05|2016-10-13 18:00:00-05|2|48|9|http://www.kincamp.com/tcs|<p>El costo del campamento es de $5,800 pesos (Cinco mil ochocientos&nbsp;pesos 00/100MN).</p>\n\n<p><strong>La fecha l&iacute;mite de pago es el d&iacute;a Viernes 30 de&nbsp;septiembre&nbsp;del presente.</strong></p>\n\n<p>Ponemos a tu disposici&oacute;n 2 formas de pago:</p>\n\n<p>*Dep&oacute;sito o transferencia a la cuenta:</p>\n\n<p>BBVA BANCOMER<br />\n&Aacute;NGELA PATRICIA &Aacute;VILA ROJAS<br />\nCta 0199909435 &nbsp;Clabe 012180001999094351</p>\n\n<p>*Con tarjeta de cr&eacute;dito v&iacute;a PAYPAL en nuestro sistema de inscripci&oacute;n (Ojo, en pago con tarjeta aplica 5% de comisi&oacute;n).</p>\n\n<p><strong>IMPORTANTE:</strong></p>\n\n<p>**Mandar el comprobante de pago a pagos@kincamp.com indicando: nombre completo del participante, escuela y grado.</p>\n\n<p>**En caso de requerir factura se agregar&aacute; el IVA correspondiente y te pedimos nos contactes para indicarte la forma de realizar el pago**</p>\n|2016-06-13|2016-10-07|t|150000|el colegio |kincamptcs|||t|0|f|f|7|7|2019-05-08 07:42:52.250068-05|2019-05-08 07:42:52.347578-05||t||1|0|t
20323|Chiaravalle Secundaria Octubre 2017 |2017-10-23 07:00:00-05|2017-10-27 18:00:00-05|32|134|52|http://www.kincamp.com/chiaravalle||2017-07-25|2017-10-03|f|150000|el colegio|kincampchiaravalle|||f|0|f|f|7|7|2019-05-08 07:42:52.250068-05|2019-05-08 07:42:52.347578-05||t||1|0|t
20322|VERANO CIDE 2017|2017-07-28 16:58:22-05|2017-08-21 16:58:22-05|46|133|53|||2017-07-14|2017-07-26|t|0|cide|psw|||t|0|f|f|7|7|2019-05-08 07:42:52.250068-05|2019-05-08 07:42:52.347578-05||t||1|0|t
20231|Tomás Moro Cuajimalpa 4to. Enero 2017|2017-01-24 07:30:00-06|2017-01-25 18:00:00-06|5|66|51|http://www.kincamp.com/tomasmoro||2016-09-07|2017-01-23|t|150000|el colegio|kincamptomasmoro|||t|0|f|f|7|7|2019-05-08 07:42:52.250068-05|2019-05-08 07:42:52.347578-05||t||1|0|t
20317|CIDE: Semana 1 (17 al 21 de julio 2017)|2017-07-17 09:00:00-05|2017-07-21 14:00:00-05|46|133|53|||2017-06-28|2017-07-21|t|150000|CIDE|kincampcide|||f|0|f|f|7|7|2019-05-08 07:42:52.250068-05|2019-05-08 07:42:52.347578-05||t||1|0|t
20325|JP Morgan 11 Agosto 2017|2017-08-11 07:00:00-05|2017-08-11 15:00:00-05||119|52|||2017-08-08|2017-08-11|t|0|oficina|-|||t|0|f|f|7|7|2019-05-08 07:42:52.250068-05|2019-05-08 07:42:52.347578-05||t||1|0|t
20327|ASF New Students Orientation August 2017|2017-08-25 07:00:00-05|2017-08-25 14:00:00-05||104|52|||2017-08-14|2017-08-24|t|150000|el colegio|kincampnsr|||t|0|f|f|7|7|2019-05-08 07:42:52.250068-05|2019-05-08 07:42:52.347578-05||t||1|0|t
20326|JP Morgan 18 Agosto 2017|2017-08-18 07:00:00-05|2017-08-18 15:00:00-05||119|52|||2017-08-08|2017-08-17|t|0|oficina|-|||t|0|f|f|7|7|2019-05-08 07:42:52.250068-05|2019-05-08 07:42:52.347578-05||t||1|0|t
20182|Goldenwoods Junio 2016|2016-06-23 07:00:00-05|2016-06-25 18:00:00-05|32|19|8|http://www.kincamp.com/goldenwoods|<p>El precio del campamento es de $3,300&nbsp; (Tres mil trecientos pesos 00/100 MN)</p>\n\n<p>&nbsp;</p>\n\n<p>El campamento deber&aacute; estar liquidado el viernes 4 de Junio del presente a&ntilde;o, en esa fecha se cierran inscripciones. Las fechas de pago son las siguientes:</p>\n\n<p>&nbsp;</p>\n\n<p>Registro el 29 de Febrero $ 1,100 pesos</p>\n\n<p>2do Pago hasta el viernes 29 de Abril por $ 1,100 pesos</p>\n\n<p>3er Pago hasta el viernes 4 de Junio por $1,100 pesos</p>\n\n<p>&nbsp;</p>\n\n<p>Ponemos a tu disposici&oacute;n las siguientes formas de pago:</p>\n\n<p>&nbsp;</p>\n\n<p>*Dep&oacute;sito o transferencia a la cuenta:</p>\n\n<p>&nbsp;</p>\n\n<p>BBVA BANCOMER<br />\n&Aacute;NGELA PATRICIA &Aacute;VILA ROJAS<br />\nCta 0199909435 &nbsp;Clabe 012180001999094351</p>\n\n<p>&nbsp;</p>\n\n<p>*Con tarjeta de cr&eacute;dito v&iacute;a PAYPAL en nuestro sistema de inscripci&oacute;n (Ojo, en pago con tarjeta aplica 5% de comisi&oacute;n).</p>\n\n<p><strong>IMPORTANTE:</strong></p>\n\n<p>**Mandar el comprobante de pago a&nbsp;<a href="mailto:pagos@kincamp.com" target="_blank">pagos@kincamp.com</a>&nbsp;indicando: nombre completo del participante, escuela y grado.</p>\n\n<p>**En caso de requerir factura se agregar&aacute; el IVA correspondiente y te pedimos nos contactes para indicarte la forma de realizar el pago**</p>\n|2016-02-15|2016-06-22|t|150000|el colegio|kincampgoldenwoods|||t|0|f|f|7|7|2019-05-08 07:42:52.250068-05|2019-05-08 07:42:52.347578-05||t||1|0|t
20324|Cortinas México Octubre 2017|2017-10-28 07:00:00-05|2017-10-28 18:00:00-05|9|1|52|||2017-08-07|2017-10-30|t|150000|el colegio|-|||t|0|f|f|7|7|2019-05-08 07:42:52.250068-05|2019-05-08 07:42:52.347578-05||t||1|0|t
199|NAUTILUS SECUNDARIA|2011-05-20 01:00:00-05|2011-05-22 01:00:00-05|22|2|15|http://www.nautilus.kincamp.com||2011-03-24|2011-03-24|t||||||t|0|f|f|7|7|2019-05-08 07:42:52.250068-05|2019-05-08 07:42:52.347578-05||t||1|0|t
20106|Churchill 2do Sec Oct. 2015|2015-10-13 07:30:00-05|2015-10-16 17:30:00-05|34|48|6|http://www.kincamp.com/tcs|<ul class="tabs-content" style="padding-right: 0px; padding-left: 0px; margin: 0px 0px 20px; border: 0px; font-family: 'Droid Sans'; font-stretch: inherit; line-height: 20.1500015258789px; vertical-align: baseline; list-style: none; color: rgb(119, 119, 119);">\n\t<li class="active" data-href="tab-6" style="margin: 0px; padding: 0px; border: 0px; font-family: inherit; font-size: inherit; font-style: inherit; font-variant: inherit; font-weight: inherit; font-stretch: inherit; line-height: 18px; vertical-align: baseline;">\n\t<p style="margin: 0px 0px 20px; padding: 0px; border: 0px; font-family: inherit; font-size: inherit; font-style: inherit; font-variant: inherit; font-weight: inherit; font-stretch: inherit; line-height: 21px; vertical-align: baseline;"><span style="color: rgb(0, 0, 0);">El costo del campamento es de $4,500&nbsp;pesos (Cuatro mil quinientos pesos 00/100MN).</span></p>\n\n\t<p style="margin: 0px 0px 20px; padding: 0px; border: 0px; font-family: inherit; font-size: inherit; font-style: inherit; font-variant: inherit; font-weight: inherit; font-stretch: inherit; line-height: 21px; vertical-align: baseline;"><span style="color: rgb(0, 0, 0);"><strong style="margin: 0px; padding: 0px; border: 0px; font-family: inherit; font-size: inherit; font-style: inherit; font-variant: inherit; font-stretch: inherit; line-height: inherit; vertical-align: baseline;">La fecha l&iacute;mite de pago es el d&iacute;a Viernes 2 de Octubre&nbsp;del presente.</strong></span></p>\n\n\t<p style="margin: 0px 0px 20px; padding: 0px; border: 0px; font-family: inherit; font-size: inherit; font-style: inherit; font-variant: inherit; font-weight: inherit; font-stretch: inherit; line-height: 21px; vertical-align: baseline;"><span style="color: rgb(0, 0, 0);">Ponemos a tu disposici&oacute;n las siguientes formas de pago:</span></p>\n\n\t<p style="margin: 0px 0px 20px; padding: 0px; border: 0px; font-family: inherit; font-size: inherit; font-style: inherit; font-variant: inherit; font-weight: inherit; font-stretch: inherit; line-height: 21px; vertical-align: baseline;"><span style="color: rgb(0, 0, 0);">*Dep&oacute;sito o transferencia a la cuenta:</span></p>\n\n\t<p style="margin: 0px 0px 20px; padding: 0px; border: 0px; font-family: inherit; font-size: inherit; font-style: inherit; font-variant: inherit; font-weight: inherit; font-stretch: inherit; line-height: 21px; vertical-align: baseline;"><span style="color: rgb(0, 0, 0);">BBVA BANCOMER<br />\n\t&Aacute;NGELA PATRICIA &Aacute;VILA ROJAS<br />\n\tCta <a href="tel:0199909435">0199909435</a> &nbsp;Clabe 012180001999094351</span></p>\n\n\t<p style="margin: 0px 0px 20px; padding: 0px; border: 0px; font-family: inherit; font-size: inherit; font-style: inherit; font-variant: inherit; font-weight: inherit; font-stretch: inherit; line-height: 21px; vertical-align: baseline;"><span style="color: rgb(0, 0, 0);">*Con tarjeta de cr&eacute;dito v&iacute;a PAYPAL en nuestro sistema de inscripci&oacute;n (Ojo, en pago con tarjeta aplica 5% de comisi&oacute;n).</span></p>\n\n\t<p style="margin: 0px 0px 20px; padding: 0px; border: 0px; font-family: inherit; font-size: inherit; font-style: inherit; font-variant: inherit; font-weight: inherit; font-stretch: inherit; line-height: 21px; vertical-align: baseline;"><span style="color: rgb(0, 0, 0);"><strong style="margin: 0px; padding: 0px; border: 0px; font-family: inherit; font-size: inherit; font-style: inherit; font-variant: inherit; font-stretch: inherit; line-height: inherit; vertical-align: baseline;">IMPORTANTE:</strong></span></p>\n\n\t<p style="margin: 0px 0px 20px; padding: 0px; border: 0px; font-family: inherit; font-size: inherit; font-style: inherit; font-variant: inherit; font-weight: inherit; font-stretch: inherit; line-height: 21px; vertical-align: baseline;"><span style="color: rgb(0, 0, 0);">**Mandar el comprobante de pago a pagos@kincamp.com indicando: nombre completo del participante, escuela y grado.</span></p>\n\n\t<p style="margin: 0px 0px 20px; padding: 0px; border: 0px; font-family: inherit; font-size: inherit; font-style: inherit; font-variant: inherit; font-weight: inherit; font-stretch: inherit; line-height: 21px; vertical-align: baseline;"><span style="color: rgb(0, 0, 0);">**En caso de requerir factura se agregar&aacute; el IVA correspondiente y te pedimos nos contactes para indicarte la forma de realizar el pago**</span></p>\n\t</li>\n</ul>\n|2015-08-21|2015-10-20|t|50000|el Colegio|kincamptcs|uploads/camps/medical_report/reporte_medico_camp_20106_Churchill_2do_Sec_Oct_2015.jpg||t|0|f|f|7|7|2019-05-08 07:42:52.250068-05|2019-05-08 07:42:52.347578-05||t||1|0|t
20101|Instituto Mexicano Regina Oct. 2015|2015-10-02 07:00:00-05|2015-10-04 18:00:00-05|32|15|6|http://www.kincamp.com/regina|<ul class="tabs-content" style="margin: 0px 0px 20px; padding-right: 0px; padding-left: 0px; border: 0px; font-family: 'Droid Sans'; font-stretch: inherit; line-height: 20.1500015258789px; vertical-align: baseline; list-style: none; color: rgb(119, 119, 119);">\n\t<li class="active" data-href="tab-6" style="margin: 0px; padding: 0px; border: 0px; font-family: inherit; font-size: inherit; font-style: inherit; font-variant: inherit; font-weight: inherit; font-stretch: inherit; line-height: 18px; vertical-align: baseline;">\n\t<p style="margin: 0px 0px 20px; padding: 0px; border: 0px; font-family: inherit; font-size: inherit; font-style: inherit; font-variant: inherit; font-weight: inherit; font-stretch: inherit; line-height: 21px; vertical-align: baseline;"><span style="color:#000000;">El costo del campamento es de $3,400 pesos (Tres mil cuatrocientos&nbsp;pesos 00/100MN).</span></p>\n\n\t<p style="margin: 0px 0px 20px; padding: 0px; border: 0px; font-family: inherit; font-size: inherit; font-style: inherit; font-variant: inherit; font-weight: inherit; font-stretch: inherit; line-height: 21px; vertical-align: baseline;"><span style="color:#000000;"><strong style="margin: 0px; padding: 0px; border: 0px; font-family: inherit; font-size: inherit; font-style: inherit; font-variant: inherit; font-stretch: inherit; line-height: inherit; vertical-align: baseline;">La fecha l&iacute;mite de pago es el d&iacute;a Viernes 25 de septiembre&nbsp;del presente.</strong></span></p>\n\n\t<p style="margin: 0px 0px 20px; padding: 0px; border: 0px; font-family: inherit; font-size: inherit; font-style: inherit; font-variant: inherit; font-weight: inherit; font-stretch: inherit; line-height: 21px; vertical-align: baseline;"><span style="color:#000000;">Ponemos a tu disposici&oacute;n 3 formas de pago:</span></p>\n\n\t<p style="margin: 0px 0px 20px; padding: 0px; border: 0px; font-family: inherit; font-size: inherit; font-style: inherit; font-variant: inherit; font-weight: inherit; font-stretch: inherit; line-height: 21px; vertical-align: baseline;"><span style="color:#000000;">*En efectivo directamente con la escuela.</span></p>\n\n\t<p style="margin: 0px 0px 20px; padding: 0px; border: 0px; font-family: inherit; font-size: inherit; font-style: inherit; font-variant: inherit; font-weight: inherit; font-stretch: inherit; line-height: 21px; vertical-align: baseline;"><span style="color:#000000;">*Dep&oacute;sito o transferencia a la cuenta:</span></p>\n\n\t<p style="margin: 0px 0px 20px; padding: 0px; border: 0px; font-family: inherit; font-size: inherit; font-style: inherit; font-variant: inherit; font-weight: inherit; font-stretch: inherit; line-height: 21px; vertical-align: baseline;"><span style="color:#000000;">BBVA BANCOMER<br />\n\t&Aacute;NGELA PATRICIA &Aacute;VILA ROJAS<br />\n\tCta 0199909435 &nbsp;Clabe 012180001999094351</span></p>\n\n\t<p style="margin: 0px 0px 20px; padding: 0px; border: 0px; font-family: inherit; font-size: inherit; font-style: inherit; font-variant: inherit; font-weight: inherit; font-stretch: inherit; line-height: 21px; vertical-align: baseline;"><span style="color:#000000;">*Con tarjeta de cr&eacute;dito v&iacute;a PAYPAL en nuestro sistema de inscripci&oacute;n (Ojo, en pago con tarjeta aplica 5% de comisi&oacute;n).</span></p>\n\n\t<p style="margin: 0px 0px 20px; padding: 0px; border: 0px; font-family: inherit; font-size: inherit; font-style: inherit; font-variant: inherit; font-weight: inherit; font-stretch: inherit; line-height: 21px; vertical-align: baseline;"><span style="color:#000000;"><strong style="margin: 0px; padding: 0px; border: 0px; font-family: inherit; font-size: inherit; font-style: inherit; font-variant: inherit; font-stretch: inherit; line-height: inherit; vertical-align: baseline;">IMPORTANTE:</strong></span></p>\n\n\t<p style="margin: 0px 0px 20px; padding: 0px; border: 0px; font-family: inherit; font-size: inherit; font-style: inherit; font-variant: inherit; font-weight: inherit; font-stretch: inherit; line-height: 21px; vertical-align: baseline;"><span style="color:#000000;">**Mandar el comprobante de pago a pagos@kincamp.com indicando: nombre completo del participante, escuela y grado.</span></p>\n\n\t<p style="margin: 0px 0px 20px; padding: 0px; border: 0px; font-family: inherit; font-size: inherit; font-style: inherit; font-variant: inherit; font-weight: inherit; font-stretch: inherit; line-height: 21px; vertical-align: baseline;"><span style="color:#000000;">**En caso de requerir factura se agregar&aacute; el IVA correspondiente y te pedimos nos contactes para indicarte la forma de realizar el pago**</span></p>\n\t</li>\n</ul>\n|2015-08-20|2015-10-02|t|50000|el Colegio |kincampregina|||t|0|f|f|7|7|2019-05-08 07:42:52.250068-05|2019-05-08 07:42:52.347578-05||t||1|0|t
20209|Verano Kobal Junior 2017|2017-07-09 07:00:00-05|2017-07-22 11:00:00-05|32|103|53|http://www.kobal.camp/jr||2016-07-17|2017-07-15|t|150000|el Parque México|kobaljunior|||t|0|f|f|7|7|2019-05-08 07:42:52.250068-05|2019-05-08 07:42:52.347578-05||t||1|0|t
313|MIRAFLORES CUERNAVACA 3ERO SECUNDARIA|2013-06-24 01:00:00-05|2013-06-28 01:00:00-05|32|14|15|||2013-03-07|2013-03-07|t||||||t|0|f|f|7|7|2019-05-08 07:42:52.250068-05|2019-05-08 07:42:52.347578-05||t||1|0|t
278|PETERSON CUAJIMALPA|2013-06-16 01:00:00-05|2013-06-18 01:00:00-05|32|73|15|http://www.kincamp.com/peterson||2012-11-12|2013-05-14|t||||||t|0|f|f|7|7|2019-05-08 07:42:52.250068-05|2019-05-08 07:42:52.347578-05||t||1|0|t
20107|Churchill 3ro. Sec Oct. 2015|2015-10-13 07:30:00-05|2015-10-16 17:00:00-05|5|48|6|http://www.kincamp.com/tcs|<ul class="tabs-content" style="margin: 0px 0px 20px; padding-right: 0px; padding-left: 0px; border: 0px; font-family: 'Droid Sans'; font-stretch: inherit; line-height: 20.1500015258789px; vertical-align: baseline; list-style: none; color: rgb(119, 119, 119);">\n\t<li class="active" data-href="tab-6" style="margin: 0px; padding: 0px; border: 0px; font-family: inherit; font-size: inherit; font-style: inherit; font-variant: inherit; font-weight: inherit; font-stretch: inherit; line-height: 18px; vertical-align: baseline;">\n\t<p style="margin: 0px 0px 20px; padding: 0px; border: 0px; font-family: inherit; font-size: inherit; font-style: inherit; font-variant: inherit; font-weight: inherit; font-stretch: inherit; line-height: 21px; vertical-align: baseline;"><span style="color:#000000;">El costo del campamento es de $4,500&nbsp;pesos (Cuatro mil quinientos pesos 00/100MN).</span></p>\n\n\t<p style="margin: 0px 0px 20px; padding: 0px; border: 0px; font-family: inherit; font-size: inherit; font-style: inherit; font-variant: inherit; font-weight: inherit; font-stretch: inherit; line-height: 21px; vertical-align: baseline;"><span style="color:#000000;"><strong style="margin: 0px; padding: 0px; border: 0px; font-family: inherit; font-size: inherit; font-style: inherit; font-variant: inherit; font-stretch: inherit; line-height: inherit; vertical-align: baseline;">La fecha l&iacute;mite de pago es el d&iacute;a Viernes 2 de Octubre&nbsp;del presente.</strong></span></p>\n\n\t<p style="margin: 0px 0px 20px; padding: 0px; border: 0px; font-family: inherit; font-size: inherit; font-style: inherit; font-variant: inherit; font-weight: inherit; font-stretch: inherit; line-height: 21px; vertical-align: baseline;"><span style="color:#000000;">Ponemos a tu disposici&oacute;n las siguientes formas de pago:</span></p>\n\n\t<p style="margin: 0px 0px 20px; padding: 0px; border: 0px; font-family: inherit; font-size: inherit; font-style: inherit; font-variant: inherit; font-weight: inherit; font-stretch: inherit; line-height: 21px; vertical-align: baseline;"><span style="color:#000000;">*Dep&oacute;sito o transferencia a la cuenta:</span></p>\n\n\t<p style="margin: 0px 0px 20px; padding: 0px; border: 0px; font-family: inherit; font-size: inherit; font-style: inherit; font-variant: inherit; font-weight: inherit; font-stretch: inherit; line-height: 21px; vertical-align: baseline;"><span style="color:#000000;">BBVA BANCOMER<br />\n\t&Aacute;NGELA PATRICIA &Aacute;VILA ROJAS<br />\n\tCta 0199909435 &nbsp;Clabe 012180001999094351</span></p>\n\n\t<p style="margin: 0px 0px 20px; padding: 0px; border: 0px; font-family: inherit; font-size: inherit; font-style: inherit; font-variant: inherit; font-weight: inherit; font-stretch: inherit; line-height: 21px; vertical-align: baseline;"><span style="color:#000000;">*Con tarjeta de cr&eacute;dito v&iacute;a PAYPAL en nuestro sistema de inscripci&oacute;n (Ojo, en pago con tarjeta aplica 5% de comisi&oacute;n).</span></p>\n\n\t<p style="margin: 0px 0px 20px; padding: 0px; border: 0px; font-family: inherit; font-size: inherit; font-style: inherit; font-variant: inherit; font-weight: inherit; font-stretch: inherit; line-height: 21px; vertical-align: baseline;"><span style="color:#000000;"><strong style="margin: 0px; padding: 0px; border: 0px; font-family: inherit; font-size: inherit; font-style: inherit; font-variant: inherit; font-stretch: inherit; line-height: inherit; vertical-align: baseline;">IMPORTANTE:</strong></span></p>\n\n\t<p style="margin: 0px 0px 20px; padding: 0px; border: 0px; font-family: inherit; font-size: inherit; font-style: inherit; font-variant: inherit; font-weight: inherit; font-stretch: inherit; line-height: 21px; vertical-align: baseline;"><span style="color:#000000;">**Mandar el comprobante de pago a pagos@kincamp.com indicando: nombre completo del participante, escuela y grado.</span></p>\n\n\t<p style="margin: 0px 0px 20px; padding: 0px; border: 0px; font-family: inherit; font-size: inherit; font-style: inherit; font-variant: inherit; font-weight: inherit; font-stretch: inherit; line-height: 21px; vertical-align: baseline;"><span style="color:#000000;">**En caso de requerir factura se agregar&aacute; el IVA correspondiente y te pedimos nos contactes para indicarte la forma de realizar el pago**</span></p>\n\t</li>\n</ul>\n|2015-08-21|2015-10-16|t|50000|el Colegio|kincamptcs|||t|0|f|f|7|7|2019-05-08 07:42:52.250068-05|2019-05-08 07:42:52.347578-05||t||1|0|t
20113|Casa Montessori Cd. Juárez Marzo 2016|2016-03-12 07:00:00-06|2016-03-15 18:00:00-06|32|112|7|http://www.kincamp.com/casamontessori||2015-08-21|2016-03-10|t|150000|el Colegio|kincampcasamontessori|||t|0|f|f|7|7|2019-05-08 07:42:52.250068-05|2019-05-08 07:42:52.347578-05||t||1|0|t
20233|ATS 6th grade March 2017|2017-03-06 07:00:00-06|2017-03-10 18:00:00-06|32|118|51|http://www.kincamp.com/ats||2016-09-07|2017-03-04|t|150000|el colegio|kincampats|||t|0|f|f|7|7|2019-05-08 07:42:52.250068-05|2019-05-08 07:42:52.347578-05||t||1|0|t
20175|Carmen Salles 3ro. Sec. Mayo 2016|2016-05-13 07:00:00-05|2016-05-15 18:00:00-05|32|122|7|http://www.kincamp.com/carmensalles|<p>El campamento tiene un costo de $3,400 pesos. Se paga directamente con el comit&eacute; organizador.</p>\n\n<p>La fecha l&iacute;mite de pago y registro es el Viernes 29 de abril 2016.</p>\n\n<p>En caso de requerir factura se agregar&aacute; el IVA correspondiente y te pedimos nos contactes para indicarte la forma de pago.</p>\n|2015-12-17|2016-05-12|t|150000|el colegio|kincampcarmensalles|||t|0|f|f|7|7|2019-05-08 07:42:52.250068-05|2019-05-08 07:42:52.347578-05||t||1|0|t
259|CHURCHILL SCHOOL 1SEC. EN SEPT 2012|2012-09-19 01:00:00-05|2012-09-21 01:00:00-05|25|48|15|http://www.tcs.kincamp.com||2012-07-10|2012-09-06|t||||||t|0|f|f|7|7|2019-05-08 07:42:52.250068-05|2019-05-08 07:42:52.347578-05||t||1|0|t
207|THE CHURCHILL SCHOOL (2 SECUNDARIA)|2011-09-21 01:00:00-05|2011-09-23 01:00:00-05|25|48|15|http://www.tcs.kincamp.com||2011-06-16|2011-06-16|t||||||t|0|f|f|7|7|2019-05-08 07:42:52.250068-05|2019-05-08 07:42:52.347578-05||t||1|0|t
195|LONDON SPECIAL ENGLISH|2011-05-19 01:00:00-05|2011-05-20 01:00:00-05|2|10|15|http://www.london.kincamp.com||2011-02-22|2011-02-22|t||||||t|0|f|f|7|7|2019-05-08 07:42:52.250068-05|2019-05-08 07:42:52.347578-05||t||1|0|t
188|FORMUS DE MONTERREY|2011-05-16 01:00:00-05|2011-05-18 01:00:00-05|29|17|15|http://www.formus.kincamp.com||2011-01-31|2011-01-31|t||||||t|0|f|f|7|7|2019-05-08 07:42:52.250068-05|2019-05-08 07:42:52.347578-05||t||1|0|t
99|ROPES COURSE ASF 7TH GRADE|2009-06-17 01:00:00-05|2009-06-17 01:00:00-05|24|1|30|||2009-05-21|2009-05-21|t||||||t|0|f|f|7|7|2019-05-08 07:42:52.250068-05|2019-05-08 07:42:52.347578-05||t||1|0|t
20105|Churchill 1ro Sec Oct. 2015|2015-10-13 06:00:00-05|2015-10-16 16:00:00-05|11|48|6|http://www.kincamp.com/tcs|<ul class="tabs-content" style="padding-right: 0px; padding-left: 0px; margin: 0px 0px 20px; border: 0px; font-family: 'Droid Sans'; font-stretch: inherit; line-height: 20.1500015258789px; vertical-align: baseline; list-style: none; color: rgb(119, 119, 119);">\n\t<li class="active" data-href="tab-6" style="margin: 0px; padding: 0px; border: 0px; font-family: inherit; font-size: inherit; font-style: inherit; font-variant: inherit; font-weight: inherit; font-stretch: inherit; line-height: 18px; vertical-align: baseline;">\n\t<p style="margin: 0px 0px 20px; padding: 0px; border: 0px; font-family: inherit; font-size: inherit; font-style: inherit; font-variant: inherit; font-weight: inherit; font-stretch: inherit; line-height: 21px; vertical-align: baseline;"><span style="color: rgb(0, 0, 0);">El costo del campamento es de $4,500&nbsp;pesos (Cuatro mil quinientos pesos 00/100MN).</span></p>\n\n\t<p style="margin: 0px 0px 20px; padding: 0px; border: 0px; font-family: inherit; font-size: inherit; font-style: inherit; font-variant: inherit; font-weight: inherit; font-stretch: inherit; line-height: 21px; vertical-align: baseline;"><span style="color: rgb(0, 0, 0);"><strong style="margin: 0px; padding: 0px; border: 0px; font-family: inherit; font-size: inherit; font-style: inherit; font-variant: inherit; font-stretch: inherit; line-height: inherit; vertical-align: baseline;">La fecha l&iacute;mite de pago es el d&iacute;a Viernes 2 de Octubre&nbsp;del presente.</strong></span></p>\n\n\t<p style="margin: 0px 0px 20px; padding: 0px; border: 0px; font-family: inherit; font-size: inherit; font-style: inherit; font-variant: inherit; font-weight: inherit; font-stretch: inherit; line-height: 21px; vertical-align: baseline;"><span style="color: rgb(0, 0, 0);">Ponemos a tu disposici&oacute;n las siguientes formas de pago:</span></p>\n\n\t<p style="margin: 0px 0px 20px; padding: 0px; border: 0px; font-family: inherit; font-size: inherit; font-style: inherit; font-variant: inherit; font-weight: inherit; font-stretch: inherit; line-height: 21px; vertical-align: baseline;"><span style="color: rgb(0, 0, 0);">*Dep&oacute;sito o transferencia a la cuenta:</span></p>\n\n\t<p style="margin: 0px 0px 20px; padding: 0px; border: 0px; font-family: inherit; font-size: inherit; font-style: inherit; font-variant: inherit; font-weight: inherit; font-stretch: inherit; line-height: 21px; vertical-align: baseline;"><span style="color: rgb(0, 0, 0);">BBVA BANCOMER<br />\n\t&Aacute;NGELA PATRICIA &Aacute;VILA ROJAS<br />\n\tCta 0199909435 &nbsp;Clabe 012180001999094351</span></p>\n\n\t<p style="margin: 0px 0px 20px; padding: 0px; border: 0px; font-family: inherit; font-size: inherit; font-style: inherit; font-variant: inherit; font-weight: inherit; font-stretch: inherit; line-height: 21px; vertical-align: baseline;"><span style="color: rgb(0, 0, 0);">*Con tarjeta de cr&eacute;dito v&iacute;a PAYPAL en nuestro sistema de inscripci&oacute;n (Ojo, en pago con tarjeta aplica 5% de comisi&oacute;n).</span></p>\n\n\t<p style="margin: 0px 0px 20px; padding: 0px; border: 0px; font-family: inherit; font-size: inherit; font-style: inherit; font-variant: inherit; font-weight: inherit; font-stretch: inherit; line-height: 21px; vertical-align: baseline;"><span style="color: rgb(0, 0, 0);"><strong style="margin: 0px; padding: 0px; border: 0px; font-family: inherit; font-size: inherit; font-style: inherit; font-variant: inherit; font-stretch: inherit; line-height: inherit; vertical-align: baseline;">IMPORTANTE:</strong></span></p>\n\n\t<p style="margin: 0px 0px 20px; padding: 0px; border: 0px; font-family: inherit; font-size: inherit; font-style: inherit; font-variant: inherit; font-weight: inherit; font-stretch: inherit; line-height: 21px; vertical-align: baseline;"><span style="color: rgb(0, 0, 0);">**Mandar el comprobante de pago a pagos@kincamp.com indicando: nombre completo del participante, escuela y grado.</span></p>\n\n\t<p style="margin: 0px 0px 20px; padding: 0px; border: 0px; font-family: inherit; font-size: inherit; font-style: inherit; font-variant: inherit; font-weight: inherit; font-stretch: inherit; line-height: 21px; vertical-align: baseline;"><span style="color: rgb(0, 0, 0);">**En caso de requerir factura se agregar&aacute; el IVA correspondiente y te pedimos nos contactes para indicarte la forma de realizar el pago**</span></p>\n\t</li>\n</ul>\n|2015-08-21|2015-10-19|t|50000|el Colegio|kincamptcs|uploads/camps/medical_report/reporte_medico_camp_20105_Churchill_1ro_Sec_Oct_2015.jpg||t|0|f|f|7|7|2019-05-08 07:42:52.250068-05|2019-05-08 07:42:52.347578-05||t||1|0|t
308|FORMUS MTY|2013-05-14 01:00:00-05|2013-05-16 01:00:00-05|29|17|42|http://www.kincamp.com/formus||2013-01-21|2013-01-21|t||||||t|0|f|f|7|7|2019-05-08 07:42:52.250068-05|2019-05-08 07:42:52.347578-05||t||1|0|t
20115|Columbia 1ro sec. Nov. 2015|2015-11-24 07:30:00-06|2015-11-26 18:00:00-06|34|105|6|http://www.kincamp.com/columbia||2015-08-21|2015-11-23|t|50000|el Colegio|kincampcolumbia|||t|0|f|f|7|7|2019-05-08 07:42:52.250068-05|2019-05-08 07:42:52.347578-05||t||1|0|t
20235|Liceo Franco Mexicano 4to. Marzo 2017|2017-03-13 08:00:00-06|2017-03-17 15:00:00-06|42|43|51|http://www.kincamp.com/lfm||2016-09-07|2017-03-23|t|150000|el colegio|kincamplfm|||t|0|f|f|7|7|2019-05-08 07:42:52.250068-05|2019-05-08 07:42:52.347578-05||t||1|0|t
20234|TML 1ro. Aviario Marzo 2017|2017-03-08 06:30:00-06|2017-03-08 17:00:00-06||128|51|http://www.kincamp.com/tml||2016-09-07|2017-03-07|t|150000|el colegio|kincamptml|||t|0|f|f|7|7|2019-05-08 07:42:52.250068-05|2019-05-08 07:42:52.347578-05||t||1|0|t
20118|Verano KOBAL Junior 2016|2016-07-17 07:00:00-05|2016-07-30 11:00:00-05|32|103|8|http://www.kobal.camp/jr||2015-08-21|2016-07-24|t|150000|Parque México|kobaljunior|||t|0|f|f|7|7|2019-05-08 07:42:52.250068-05|2019-05-08 07:42:52.347578-05||t||1|0|t
261|CHURCHILL SCHOOL 3 MAYO 2013|2013-05-27 01:00:00-05|2013-05-31 01:00:00-05|32|48|15|http://www.kincamp.com/tcs|EL PAGO CON TARJETA DE CREDITO VIA PAYPAL INCLUYE 5% DE COMISION.|2012-07-10|2013-04-17|t||||||t|0|f|f|7|7|2019-05-08 07:42:52.250068-05|2019-05-08 07:42:52.347578-05||t||1|0|t
320|CAMPAMENTO CIUDAD DE MEXICO|2013-05-27 01:00:00-05|2013-05-30 01:00:00-05|34|50|15|http://||2013-04-02|2013-05-13|t||||||t|0|f|f|7|7|2019-05-08 07:42:52.250068-05|2019-05-08 07:42:52.347578-05||t||1|0|t
286|VON GLUMER ROMA PRIMARIA|2013-05-23 01:00:00-05|2013-05-25 01:00:00-05|32|47|15|http://www.kincamp.com/vonglumer||2012-11-29|2012-11-29|t||||||t|0|f|f|7|7|2019-05-08 07:42:52.250068-05|2019-05-08 07:42:52.347578-05||t||1|0|t
302|MARY MOUNT 6 DE PRIMARIA|2013-04-21 01:00:00-05|2013-04-23 01:00:00-05|34|65|15|http://www.kincamp.com/marymount/||2013-01-21|2015-03-23|t|50000|El Colegio|kincampmarymount|||t|0|f|f|7|7|2019-05-08 07:42:52.250068-05|2019-05-08 07:42:52.347578-05||t||1|0|t
338|MIRAFLORES DE TOLUCA 6 DE PRIMARIA 2014|2014-05-01 01:00:00-05|2014-05-05 01:00:00-05|25|35|15|http://kincamp.com/miraflorestoluca|<p>EN PAGO CON TARJETA DE CREDITO O DEBITO EN PAYPAL SE COBRARA UN 5% DE COMISION.</p>\n|2013-09-20|2014-05-05|t|50000|||||t|0|f|f|7|7|2019-05-08 07:42:52.250068-05|2019-05-08 07:42:52.347578-05||t||1|0|t
358|VON GLUMER ROMA PRIMARIA 2014|2014-05-22 01:00:00-05|2014-05-24 01:00:00-05|25|47|50|http://kincamp.com/bvg||2013-11-25|2014-05-24|t|50000|||||t|0|f|f|7|7|2019-05-08 07:42:52.250068-05|2019-05-08 07:42:52.347578-05||t||1|0|t
361|WILLIAMS CUERNAVACA 2014|2014-06-03 01:00:00-05|2014-06-05 01:00:00-05|32|12|15|http://www.kincamp.com/williamscuerna||2013-11-25|2014-06-02|t|50000|||||t|0|f|f|7|7|2019-05-08 07:42:52.250068-05|2019-05-08 07:42:52.347578-05||t||1|0|t
20237|Olinca Prepri Marzo 2017|2017-03-23 07:30:00-06|2017-03-25 17:30:00-06|32|5|51|http://www.kincamp.com/olinca||2016-09-07|2017-03-23|t|150000|el colegio|kincampolinca|||t|0|f|f|7|7|2019-05-08 07:42:52.250068-05|2019-05-08 07:42:52.347578-05||t||1|0|t
20236|TML 2do. Xochimilco Marzo 2017|2017-03-23 08:00:00-06|2017-03-23 17:00:00-06||128|51|http://www.kincamp.com/tml||2016-09-07|2017-03-23|t|150000|el colegio|kincamptml|||t|0|f|f|7|7|2019-05-08 07:42:52.250068-05|2019-05-08 07:42:52.347578-05||t||1|0|t
314|WILLIAMS DF SECUNDARIA|2013-06-15 01:00:00-05|2013-06-16 01:00:00-05|34|72|15|http://||2013-03-22|2013-04-12|t||||||t|0|f|f|7|7|2019-05-08 07:42:52.250068-05|2019-05-08 07:42:52.347578-05||t||1|0|t
287|VON GLUMER ROMA SECUNDARIA|2013-06-14 01:00:00-05|2013-06-15 01:00:00-05|32|47|15|http://||2012-11-29|2013-05-24|t||||||t|0|f|f|7|7|2019-05-08 07:42:52.250068-05|2019-05-08 07:42:52.347578-05||t||1|0|t
321|MARTINAK 3RO DE SECUNDARIA|2013-06-06 01:00:00-05|2013-06-07 01:00:00-05|34|67|15|http://kincamp.com/martinak||2013-04-19|2013-04-19|t||||||t|0|f|f|7|7|2019-05-08 07:42:52.250068-05|2019-05-08 07:42:52.347578-05||t||1|0|t
288|NUEVO CONTINENTE CUERNAVACA|2013-05-16 01:00:00-05|2013-05-19 01:00:00-05|32|68|15|||2012-12-05|2012-12-05|t||||||t|0|f|f|7|7|2019-05-08 07:42:52.250068-05|2019-05-08 07:42:52.347578-05||t||1|0|t
319|EVENTO PADRES E HIJOS CIUDAD DE MEXICO|2013-05-17 01:00:00-05|2013-05-19 01:00:00-05|34|50|42|http://||2013-04-02|2014-04-23|t||||||t|0|f|f|7|7|2019-05-08 07:42:52.250068-05|2019-05-08 07:42:52.347578-05||t||1|0|t
20032|Bosque Real YUMAL (padres e hijos) 2015|2015-03-07 07:00:00-06|2015-03-08 17:00:00-06|7|53|2|http://kincamp.com/bosquereal||2014-10-01|2015-03-08|t|50000|El colegio|kincampbosquereal|||t|0|f|f|7|7|2019-05-08 07:42:52.250068-05|2019-05-08 07:42:52.347578-05||t||1|0|t
305|LONDON 6 DE PRIMARIA|2013-05-04 01:00:00-05|2013-05-08 01:00:00-05|32|10|15|http://www.kincamp.com/london/||2013-01-21|2013-01-25|t||||||t|0|f|f|7|7|2019-05-08 07:42:52.250068-05|2019-05-08 07:42:52.347578-05||t||1|0|t
276|NUEVO CONTINENTE METEPEC (MAYO 2013)|2013-05-03 01:00:00-05|2013-05-05 01:00:00-05|25|52|15|||2012-11-08|2012-11-08|t||||||t|0|f|f|7|7|2019-05-08 07:42:52.250068-05|2019-05-08 07:42:52.347578-05||t||1|0|t
20013|ASF Day Camp (Camp en ingles)|2014-08-22 01:00:00-05|2014-08-22 01:00:00-05|34|7|1|||2014-08-18|2014-08-21|t|0|||||t|0|f|f|7|7|2019-05-08 07:42:52.250068-05|2019-05-08 07:42:52.347578-05||t||1|0|t
355|LUIS VIVES|2014-03-28 00:00:00-06|2014-03-30 00:00:00-06|32|28|50|||2013-11-25|2013-11-25|t||||||t|0|f|f|7|7|2019-05-08 07:42:52.250068-05|2019-05-08 07:42:52.347578-05||t||1|0|t
356|BOSQUE REAL PAPA HIJO|2014-03-29 00:00:00-06|2014-03-30 00:00:00-06|34|53|15|http://||2013-11-25|2014-04-23|t||||||t|0|f|f|7|7|2019-05-08 07:42:52.250068-05|2019-05-08 07:42:52.347578-05||t||1|0|t
354|CIUDAD DE MEXICO 4|2014-03-26 00:00:00-06|2014-03-28 00:00:00-06|34|50|15|http://||2013-11-25|2013-12-11|t||||||t|0|f|f|7|7|2019-05-08 07:42:52.250068-05|2019-05-08 07:42:52.347578-05||t||1|0|t
20023|Ruta Kin- Tomas Moro Lomas|2014-11-12 00:00:00-06|2014-11-12 00:00:00-06|6|128|1|||2014-09-30|2016-08-22|t|0|-|-|||t|0|f|f|7|7|2019-05-08 07:42:52.250068-05|2019-05-08 07:42:52.347578-05||t||1|0|t
265|ETON 6 ABRIL 2013|2013-04-15 01:00:00-05|2013-04-19 01:00:00-05|32|20|42|http://eton.kincamp.com||2012-08-23|2013-01-06|t||||||t|0|f|f|7|7|2019-05-08 07:42:52.250068-05|2019-05-08 07:42:52.347578-05||t||1|0|t
277|MIRAFLORES TOLUCA 6TO PRIMARIA|2013-04-12 01:00:00-05|2013-04-15 01:00:00-05|25|35|15|http://|¡OJO! EL PAGO CON TARJETA DE CREDITO CAUSA UNA COMISION DEL 5%|2012-11-12|2012-11-28|t||||||t|0|f|f|7|7|2019-05-08 07:42:52.250068-05|2019-05-08 07:42:52.347578-05||t||1|0|t
301|LONDON 3 DE SECUNDARIA|2013-04-08 01:00:00-05|2013-04-12 01:00:00-05|25|10|15|http://www.kincamp.com/london/||2013-01-21|2013-01-21|t||||||t|0|f|f|7|7|2019-05-08 07:42:52.250068-05|2019-05-08 07:42:52.347578-05||t||1|0|t
275|CAMP MARTINAK PREPA (MARZO 2013)|2013-03-14 00:00:00-06|2013-03-16 00:00:00-06|32|67|15|http://www.kincamp.com/martinak||2012-11-08|2012-11-08|t||||||t|0|f|f|7|7|2019-05-08 07:42:52.250068-05|2019-05-08 07:42:52.347578-05||t||1|0|t
303|OLINCA DF. PREPRIMARIA|2013-03-13 00:00:00-06|2013-03-15 00:00:00-06|32|5|15|http://www.kincamp.com/olinca||2013-01-21|2013-09-05|t||||||t|0|f|f|7|7|2019-05-08 07:42:52.250068-05|2019-05-08 07:42:52.347578-05||t||1|0|t
298|LICEO FRANCO MEXICANO CM2-A&B|2013-03-04 00:00:00-06|2013-03-08 00:00:00-06|32|43|15|http://kincamp.com/lfm||2013-01-15|2013-01-15|t||||||t|0|f|f|7|7|2019-05-08 07:42:52.250068-05|2019-05-08 07:42:52.347578-05||t||1|0|t
293|VON GLUMER CUAJIMALPA|2013-03-04 00:00:00-06|2013-03-06 00:00:00-06|16|47|15|http://||2013-01-14|2013-01-14|t||||||t|0|f|f|7|7|2019-05-08 07:42:52.250068-05|2019-05-08 07:42:52.347578-05||t||1|0|t
297|LICEO FRANCO MEXICANO CM2-E&F|2013-02-25 00:00:00-06|2013-03-01 00:00:00-06|32|43|42|http://kincamp.com/lfm||2013-01-15|2013-01-15|t||||||t|0|f|f|7|7|2019-05-08 07:42:52.250068-05|2019-05-08 07:42:52.347578-05||t||1|0|t
283|BOSQUE REAL PADRES E HIJOS (FEB 2013)|2013-02-23 00:00:00-06|2013-02-24 00:00:00-06|25|53|15|http://www.kincamp.com/bosquereal||2012-11-21|2014-04-23|t||||||t|0|f|f|7|7|2019-05-08 07:42:52.250068-05|2019-05-08 07:42:52.347578-05||t||1|0|t
273|CAMP BOSQUEREAL PRIMARIA ALTA (FEB 13)|2013-02-20 00:00:00-06|2013-02-23 00:00:00-06|32|53|15|http://www.kincamp.com/bosquereal||2012-10-31|2012-10-31|t||||||t|0|f|f|7|7|2019-05-08 07:42:52.250068-05|2019-05-08 07:42:52.347578-05||t||1|0|t
274|TOMAS MORO SECUNDARIA (FEB13)|2013-02-14 00:00:00-06|2013-02-15 00:00:00-06|19|66|15|||2012-10-31|2012-10-31|t||||||t|0|f|f|7|7|2019-05-08 07:42:52.250068-05|2019-05-08 07:42:52.347578-05||t||1|0|t
300|SWMY SO SUMMIT|2013-02-07 00:00:00-06|2013-02-10 00:00:00-06|33|69|15|||2013-01-21|2013-01-21|t||||||t|0|f|f|7|7|2019-05-08 07:42:52.250068-05|2019-05-08 07:42:52.347578-05||t||1|0|t
272|VIAJE DE GRADUACION MARYMOUNT 2013|2013-01-31 00:00:00-06|2013-02-03 00:00:00-06|25|65|15|http://www.kincamp.com/marymount||2012-10-20|2012-10-20|t||||||t|0|f|f|7|7|2019-05-08 07:42:52.250068-05|2019-05-08 07:42:52.347578-05||t||1|0|t
299|FAMILIA ILLESCAS |2013-02-03 00:00:00-06|2013-02-03 00:00:00-06|2|69|15|||2013-01-21|2013-01-21|t||||||t|0|f|f|7|7|2019-05-08 07:42:52.250068-05|2019-05-08 07:42:52.347578-05||t||1|0|t
292|CAMP EMMANUEL MOUNIER SECUNDARIA ENERO 13|2013-01-23 00:00:00-06|2013-01-25 00:00:00-06|32|21|15|http://kincamp.com/mounier||2013-01-10|2013-01-22|t||||||t|0|f|f|7|7|2019-05-08 07:42:52.250068-05|2019-05-08 07:42:52.347578-05||t||1|0|t
269|DON BOSCO  2DO DE SECUNDARIA |2012-11-29 00:00:00-06|2012-12-01 00:00:00-06|2|1|41|||2012-10-18|2012-10-18|t||||||t|0|f|f|7|7|2019-05-08 07:42:52.250068-05|2019-05-08 07:42:52.347578-05||t||1|0|t
268|LICEO FRANCO MEXICANO CM2 - C Y D|2012-11-26 00:00:00-06|2012-11-30 00:00:00-06|25|43|15|http://www.dev.kincamp.com/lfm/||2012-10-18|2012-11-06|t||||||t|0|f|f|7|7|2019-05-08 07:42:52.250068-05|2019-05-08 07:42:52.347578-05||t||1|0|t
267|PETERSON 1ERO SECUNDARIA|2012-11-23 00:00:00-06|2012-11-24 00:00:00-06|30|1|15|http://www.kincamp.com/peterson/||2012-10-18|2012-11-12|t||||||t|0|f|f|7|7|2019-05-08 07:42:52.250068-05|2019-05-08 07:42:52.347578-05||t||1|0|t
133|CAMP MIRAFLORES CUERNA 3 SEC FEB 2010|2010-02-17 00:00:00-06|2010-02-21 00:00:00-06|25|14|15|http://www.miraflores.kincamp.com||2009-12-01|2010-02-08|t||||||t|0|f|f|7|7|2019-05-08 07:42:52.250068-05|2019-05-08 07:42:52.347578-05||t||1|0|t
234|CAMPAMENTO DE VERANO EN ESPANOL (VALLE DE BRAVO)|2012-07-15 01:00:00-05|2012-07-21 01:00:00-05|25|1|15|http://www.verano.kincamp.com||2011-11-30|2012-04-23|t||||||t|0|f|f|7|7|2019-05-08 07:42:52.250068-05|2019-05-08 07:42:52.347578-05||t||1|0|t
252|CAMPAMENTO VALLE SANTANA|2012-07-10 01:00:00-05|2012-07-14 01:00:00-05|30|1|15|http://vallesantana.kincamp.com||2012-05-07|2012-06-28|t||||||t|0|f|f|7|7|2019-05-08 07:42:52.250068-05|2019-05-08 07:42:52.347578-05||t||1|0|t
235|CAMPAMENTO DE VERANO EN INGLES (MORELOS)|2012-07-08 01:00:00-05|2012-07-14 01:00:00-05|22|1|15|http://www.verano.kincamp.com||2011-11-30|2012-06-13|t||||||t|0|f|f|7|7|2019-05-08 07:42:52.250068-05|2019-05-08 07:42:52.347578-05||t||1|0|t
249|COLEGIO GIOCOSA JULIO 2012|2012-07-01 01:00:00-05|2012-07-04 01:00:00-05|25|62|15|http://www.giocosa.kincamp.com||2012-03-12|2012-03-12|t||||||t|0|f|f|7|7|2019-05-08 07:42:52.250068-05|2019-05-08 07:42:52.347578-05||t||1|0|t
248|COLEGIO EDRON JUNIO 2012|2012-06-10 01:00:00-05|2012-06-13 01:00:00-05|25|61|15|http://www.edron.kincamp.com||2012-03-12|2012-03-12|t||||||t|0|f|f|7|7|2019-05-08 07:42:52.250068-05|2019-05-08 07:42:52.347578-05||t||1|0|t
208|THE CHURCHILL SCHOOL (3 SECUNDARIA)|2012-05-28 01:00:00-05|2012-06-01 01:00:00-05|26|48|15|http://www.tcs.kincamp.com||2011-06-16|2012-04-13|t||||||t|0|f|f|7|7|2019-05-08 07:42:52.250068-05|2019-05-08 07:42:52.347578-05||t||1|0|t
225|CELTIC QUERETARO 2012|2012-05-29 01:00:00-05|2012-05-31 01:00:00-05|31|31|15|http://www.celta.kincamp.com||2011-10-11|2012-05-24|t||||||t|0|f|f|7|7|2019-05-08 07:42:52.250068-05|2019-05-08 07:42:52.347578-05||t||1|0|t
223|ETON SCHOOL 6 2012|2012-05-21 01:00:00-05|2012-05-25 01:00:00-05|26|20|15|http://www.eton.kincamp.com||2011-10-11|2012-02-20|t||||||t|0|f|f|7|7|2019-05-08 07:42:52.250068-05|2019-05-08 07:42:52.347578-05||t||1|0|t
216|COLEGIO VALLARTA (SECUNDARIA) MAYO 2012|2012-05-16 01:00:00-05|2012-05-19 01:00:00-05|25|51|30|http://www.vallarta.kincamp.com||2011-10-05|2011-12-07|t||||||t|0|f|f|7|7|2019-05-08 07:42:52.250068-05|2019-05-08 07:42:52.347578-05||t||1|0|t
242|FORMUS MAYO 2012|2012-05-15 01:00:00-05|2012-05-17 01:00:00-05|29|17|15|http://www.formus.kincamp.com||2012-01-23|2012-02-03|t||||||t|0|f|f|7|7|2019-05-08 07:42:52.250068-05|2019-05-08 07:42:52.347578-05||t||1|0|t
217|NUEVO CONTINENTE MAYO 2012|2012-05-12 01:00:00-05|2012-05-14 01:00:00-05|25|52|15|http://www.nuevocontinente.kincamp.com||2011-10-06|2012-04-23|t||||||t|0|f|f|7|7|2019-05-08 07:42:52.250068-05|2019-05-08 07:42:52.347578-05||t||1|0|t
239|COLEGIO UNICELAYA MAYO 2012|2012-05-06 01:00:00-05|2012-05-09 01:00:00-05|26|11|15|http://www.udec.kincamp.com||2012-01-12|2012-01-12|t||||||t|0|f|f|7|7|2019-05-08 07:42:52.250068-05|2019-05-08 07:42:52.347578-05||t||1|0|t
222|INSTITUTO LUIS VIVES 2012|2012-05-04 01:00:00-05|2012-05-06 01:00:00-05|2|28|15|http://www.luisvives.kincamp.com||2011-10-11|2011-10-11|t||||||t|0|f|f|7|7|2019-05-08 07:42:52.250068-05|2019-05-08 07:42:52.347578-05||t||1|0|t
246|COLEGIO MIRAFLORES CUERNAVACA MAYO 2012|2012-05-02 01:00:00-05|2012-05-06 01:00:00-05|25|14|15|http://www.miraflores.kincamp.com||2012-02-07|2012-02-07|t||||||t|0|f|f|7|7|2019-05-08 07:42:52.250068-05|2019-05-08 07:42:52.347578-05||t||1|0|t
230|MIRAFLORES TOLUCA 2012|2012-04-28 01:00:00-05|2012-05-01 01:00:00-05|25|35|15|http://miraflorestoluca.kincamp.com||2011-11-08|2011-11-08|t||||||t|0|f|f|7|7|2019-05-08 07:42:52.250068-05|2019-05-08 07:42:52.347578-05||t||1|0|t
233|CENTRO EDUCATIVO MODERNO|2012-04-27 01:00:00-05|2012-04-29 01:00:00-05|2|57|15|http://www.cem.kincamp.com||2011-11-30|2011-11-30|t||||||t|0|f|f|7|7|2019-05-08 07:42:52.250068-05|2019-05-08 07:42:52.347578-05||t||1|0|t
221|LONDON SCHOOL SECUNDARIA 2012|2012-03-26 00:00:00-06|2012-03-30 00:00:00-06|25|10|30|http://www.london.kincamp.com||2011-10-11|2011-10-11|t||||||t|0|f|f|7|7|2019-05-08 07:42:52.250068-05|2019-05-08 07:42:52.347578-05||t||1|0|t
237|COLEGIO VALLARTA (PRIMARIA ALTA) 2012|2012-03-23 00:00:00-06|2012-03-25 00:00:00-06|25|51|30|http://www.vallarta.kincamp.com||2011-12-07|2012-01-03|t||||||t|0|f|f|7|7|2019-05-08 07:42:52.250068-05|2019-05-08 07:42:52.347578-05||t||1|0|t
238|CENTRO EDUCATIVO VILLA|2012-03-17 00:00:00-06|2012-03-19 00:00:00-06|25|58|15|http://cev.kincamp.com||2012-01-05|2012-01-18|t||||||t|0|f|f|7|7|2019-05-08 07:42:52.250068-05|2019-05-08 07:42:52.347578-05||t||1|0|t
240|CAMPAMENTO JEEB|2012-03-17 00:00:00-06|2012-03-19 00:00:00-06|2|59|15|http://www.jeeb.kincamp.com||2012-01-16|2012-01-16|t||||||t|0|f|f|7|7|2019-05-08 07:42:52.250068-05|2019-05-08 07:42:52.347578-05||t||1|0|t
220|COLEGIO WILLIAMS CUERNAVACA 6 2012|2012-03-14 00:00:00-06|2012-03-16 00:00:00-06|25|12|15|http://williamscuernavaca.kincamp.com||2011-10-11|2011-10-11|t||||||t|0|f|f|7|7|2019-05-08 07:42:52.250068-05|2019-05-08 07:42:52.347578-05||t||1|0|t
218|COLEGIO BOSQUE REAL MARZO 2012|2012-03-10 00:00:00-06|2012-03-12 00:00:00-06|25|53|15|http://www.bosquereal.kincamp.com||2011-10-11|2012-01-26|t||||||t|0|f|f|7|7|2019-05-08 07:42:52.250068-05|2019-05-08 07:42:52.347578-05||t||1|0|t
229|BRITISH AMERICAN SCHOOL 2012|2012-03-02 00:00:00-06|2012-03-04 00:00:00-06|2|55|15|http://www.bas.kincamp.com||2011-11-03|2011-11-07|t||||||t|0|f|f|7|7|2019-05-08 07:42:52.250068-05|2019-05-08 07:42:52.347578-05||t||1|0|t
245|DAY CAMP COLEGIO UNICELAYA|2012-02-24 00:00:00-06|2012-02-25 00:00:00-06|30|11|15|http://www.unicelaya.kincamp.com||2012-01-25|2012-01-30|t||||||t|0|f|f|7|7|2019-05-08 07:42:52.250068-05|2019-05-08 07:42:52.347578-05||t||1|0|t
244|DAY CAMP INSTITUTO REGINA|2012-02-13 00:00:00-06|2012-02-13 00:00:00-06|30|15|15|http://www.regina.kincamp.com||2012-01-24|2012-01-24|t||||||t|0|f|f|7|7|2019-05-08 07:42:52.250068-05|2019-05-08 07:42:52.347578-05||t||1|0|t
236|COLEGIO VALLARTA (PRIMARIA BAJA) 2012|2012-02-10 00:00:00-06|2012-02-12 00:00:00-06|25|51|15|http://www.vallarta.kincamp.com||2011-12-07|2011-12-07|t||||||t|0|f|f|7|7|2019-05-08 07:42:52.250068-05|2019-05-08 07:42:52.347578-05||t||1|0|t
219|EMMANUEL MOUNIER ENERO 2012|2012-01-25 00:00:00-06|2012-01-27 00:00:00-06|22|21|15|http://www.mounier.kincamp.com||2011-10-11|2011-10-11|t||||||t|0|f|f|7|7|2019-05-08 07:42:52.250068-05|2019-05-08 07:42:52.347578-05||t||1|0|t
211|COLEGIO CIUDAD DE MEXICO|2011-10-29 01:00:00-05|2011-10-31 00:00:00-06|27|50|15|http://www.ccm.kincamp.com||2011-09-09|2011-09-09|t||||||t|0|f|f|7|7|2019-05-08 07:42:52.250068-05|2019-05-08 07:42:52.347578-05||t||1|0|t
210|INSTITUTO ROMERA (DAY CAMP)|2011-10-26 01:00:00-05|2011-10-26 01:00:00-05|19|49|33|http://www.romera.kincamp.com||2011-08-25|2011-09-06|t||||||t|0|f|f|7|7|2019-05-08 07:42:52.250068-05|2019-05-08 07:42:52.347578-05||t||1|0|t
212|INSTITUTO MEXICANO REGINA|2011-10-22 01:00:00-05|2011-10-24 01:00:00-05|25|15|15|http://www.regina.kincamp.com||2011-09-14|2011-09-14|t||||||t|0|f|f|7|7|2019-05-08 07:42:52.250068-05|2019-05-08 07:42:52.347578-05||t||1|0|t
206|THE CHURCHILL SCHOOL (1 SECUNDARIA)|2011-10-05 01:00:00-05|2011-10-07 01:00:00-05|25|48|15|http://www.tcs.kincamp.com||2011-06-16|2011-08-25|t||||||t|0|f|f|7|7|2019-05-08 07:42:52.250068-05|2019-05-08 07:42:52.347578-05||t||1|0|t
209|OLINCA CUERNA PAI|2011-09-22 01:00:00-05|2011-09-24 01:00:00-05|22|6|33|http://www.olincacuernavaca.kincamp.com|SE LA VAN A PASAR BARBARO|2011-08-25|2011-09-21|t||||||t|0|f|f|7|7|2019-05-08 07:42:52.250068-05|2019-05-08 07:42:52.347578-05||t||1|0|t
194|MIRAFLORES DE TOLUCA|2011-05-09 01:00:00-05|2011-05-12 01:00:00-05|25|35|15|http://miraflorestoluca.kincamp.com||2011-02-10|2011-02-10|t||||||t|0|f|f|7|7|2019-05-08 07:42:52.250068-05|2019-05-08 07:42:52.347578-05||t||1|0|t
166|LONDON SCHOOL 3 SECUNDARIA|2011-04-11 01:00:00-05|2011-04-15 01:00:00-05|25|10|30|http://london.kincamp.com||2010-09-21|2010-09-21|t||||||t|0|f|f|7|7|2019-05-08 07:42:52.250068-05|2019-05-08 07:42:52.347578-05||t||1|0|t
201|SUMMER CAMP SEMANA 2|2011-07-31 01:00:00-05|2011-08-06 01:00:00-05|25|1|15|http://www.summercamp.mx||2011-04-28|2011-06-02|t||||||t|0|f|f|7|7|2019-05-08 07:42:52.250068-05|2019-05-08 07:42:52.347578-05||t||1|0|t
200|SUMMER CAMP SEMANA 1|2011-07-24 01:00:00-05|2011-07-30 01:00:00-05|25|1|15|http://www.summercamp.mx||2011-04-28|2011-06-02|t||||||t|0|f|f|7|7|2019-05-08 07:42:52.250068-05|2019-05-08 07:42:52.347578-05||t||1|0|t
163|OLINCA PAI|2010-09-30 01:00:00-05|2010-10-02 01:00:00-05|22|6|30|http://olincacuernavaca.kincamp.com||2010-09-06|2010-09-06|t||||||t|0|f|f|7|7|2019-05-08 07:42:52.250068-05|2019-05-08 07:42:52.347578-05||t||1|0|t
160|DAY CAMP GRACE CONTAINER|2010-08-14 01:00:00-05|2010-08-14 01:00:00-05|24|1|30|||2010-08-06|2010-08-06|t||||||t|0|f|f|7|7|2019-05-08 07:42:52.250068-05|2019-05-08 07:42:52.347578-05||t||1|0|t
66|CAMP ASF GUADALAJARA 7TH GRADE OCTOBER 2008|2008-10-20 01:00:00-05|2008-10-24 01:00:00-05|2|8|30|http://www.asfg.kincamp.com/||2008-08-08|2008-08-27|t||||||t|0|f|f|7|7|2019-05-08 07:42:52.250068-05|2019-05-08 07:42:52.347578-05||t||1|0|t
181|VERANO EN INGLES (MORELOS)|2011-07-17 01:00:00-05|2011-07-23 01:00:00-05|2|1|15|http://www.verano.kincamp.com||2011-01-07|2011-07-04|t||||||t|0|f|f|7|7|2019-05-08 07:42:52.250068-05|2019-05-08 07:42:52.347578-05||t||1|0|t
143|CAMP NAUTILUS GRADUACION 3RO SEC JUNIO 2010|2010-06-10 01:00:00-05|2010-06-14 01:00:00-05|28|2|30|http://www.nautilus.kincamp.com||2010-02-03|2010-02-03|t||||||t|0|f|f|7|7|2019-05-08 07:42:52.250068-05|2019-05-08 07:42:52.347578-05||t||1|0|t
154|CAMP COLEGIO GILWELL JUNIO 2010|2010-06-11 01:00:00-05|2010-06-13 01:00:00-05|25|1|30|||2010-04-27|2010-04-27|t||||||t|0|f|f|7|7|2019-05-08 07:42:52.250068-05|2019-05-08 07:42:52.347578-05||t||1|0|t
142|CAMP CELTIC QRO 4TO PRIM JUNIO 2010|2010-06-02 01:00:00-05|2010-06-04 01:00:00-05|27|31|30|http://www.celtic.kincamp.com||2010-02-03|2010-02-03|t||||||t|0|f|f|7|7|2019-05-08 07:42:52.250068-05|2019-05-08 07:42:52.347578-05||t||1|0|t
20242|Piaget 6to. Junio 2017|2017-06-19 06:30:00-05|2017-06-23 16:00:00-05|32|123|53|http://www.kincamp.com/piaget||2016-09-07|2017-12-21|t|150000|el colegio|kincamppiaget||http://kincamppiaget.tumblr.com|t|6700|f|f|7|7|2019-05-08 07:42:52.250068-05|2019-05-08 07:42:52.347578-05||t||1|0|t
180|VERANO EN ESPANOL (VALLE DE BRAVO)|2011-07-10 01:00:00-05|2011-07-16 01:00:00-05|25|1|15|http://www.verano.kincamp.com||2011-01-07|2011-07-07|t||||||t|0|f|f|7|7|2019-05-08 07:42:52.250068-05|2019-05-08 07:42:52.347578-05||t||1|0|t
203|CAMP VON GLUMER (5 DIAS)|2011-06-29 01:00:00-05|2011-07-03 01:00:00-05|25|47|30|http://www.vonglumer.kincamp.com||2011-05-25|2011-05-25|t||||||t|0|f|f|7|7|2019-05-08 07:42:52.250068-05|2019-05-08 07:42:52.347578-05||t||1|0|t
204|CAMP VON GLUMER (3 DIAS)|2011-07-01 01:00:00-05|2011-07-03 01:00:00-05|25|47|15|http://www.vonglumer.kincamp.com||2011-05-25|2011-05-25|t||||||t|0|f|f|7|7|2019-05-08 07:42:52.250068-05|2019-05-08 07:42:52.347578-05||t||1|0|t
190|GREENGATES FORM 1|2011-06-20 01:00:00-05|2011-06-22 01:00:00-05|2|22|15|http://www.greengates.kincamp.com||2011-01-31|2011-01-31|t||||||t|0|f|f|7|7|2019-05-08 07:42:52.250068-05|2019-05-08 07:42:52.347578-05||t||1|0|t
202|DAY CAMP TIYOLI SCHOOL|2011-06-10 01:00:00-05|2011-06-11 01:00:00-05|30|46|15|http://tiyolli.kincamp.com||2011-05-11|2011-05-16|t||||||t|0|f|f|7|7|2019-05-08 07:42:52.250068-05|2019-05-08 07:42:52.347578-05||t||1|0|t
185|CELTIC DE QUERETARO|2011-06-01 01:00:00-05|2011-06-03 01:00:00-05|25|31|30|http://www.celtic.kincamp.com||2011-01-19|2011-01-19|t||||||t|0|f|f|7|7|2019-05-08 07:42:52.250068-05|2019-05-08 07:42:52.347578-05||t||1|0|t
178|UNICELAYA SECUNDARIA|2011-05-26 01:00:00-05|2011-05-29 01:00:00-05|25|11|15|http://www.unicelaya.kincamp.com||2010-11-24|2010-11-24|t||||||t|0|f|f|7|7|2019-05-08 07:42:52.250068-05|2019-05-08 07:42:52.347578-05||t||1|0|t
184|CENTRO EDUCATIVO MARIA LUISA HIDALGO|2011-05-13 01:00:00-05|2011-05-15 01:00:00-05|2|42|15|http://www.hidalgo.grupo-kin.com||2011-01-18|2011-01-18|t||||||t|0|f|f|7|7|2019-05-08 07:42:52.250068-05|2019-05-08 07:42:52.347578-05||t||1|0|t
172|COLEGIO PORTER DE CUERNAVACA|2011-03-07 00:00:00-06|2011-03-12 00:00:00-06|22|40|30|http://porter.kincamp.com||2010-10-08|2010-11-02|t||||||t|0|f|f|7|7|2019-05-08 07:42:52.250068-05|2019-05-08 07:42:52.347578-05||t||1|0|t
186|LICEO FRANCO MEXICANO|2011-03-07 00:00:00-06|2011-03-11 00:00:00-06|25|43|15|||2011-01-31|2011-01-31|t||||||t|0|f|f|7|7|2019-05-08 07:42:52.250068-05|2019-05-08 07:42:52.347578-05||t||1|0|t
183|COLEGIO NAUTILUS DE ACAPULCO|2011-03-04 00:00:00-06|2011-03-06 00:00:00-06|2|2|30|http://www.nautilus.kincamp.com||2011-01-13|2011-01-13|t||||||t|0|f|f|7|7|2019-05-08 07:42:52.250068-05|2019-05-08 07:42:52.347578-05||t||1|0|t
175|GOLDENWOODS PRIMARIA|2011-03-03 00:00:00-06|2011-03-05 00:00:00-06|26|19|15|http://www.goldenwoods.kincamp.com||2010-11-10|2010-11-10|t||||||t|0|f|f|7|7|2019-05-08 07:42:52.250068-05|2019-05-08 07:42:52.347578-05||t||1|0|t
196|COLEGIO ISRAEL|2011-02-28 00:00:00-06|2011-03-02 00:00:00-06|2|45|15|||2011-02-22|2011-02-22|t||||||t|0|f|f|7|7|2019-05-08 07:42:52.250068-05|2019-05-08 07:42:52.347578-05||t||1|0|t
179|COLEGIO OLINCA DF (PREPRIMARIA)|2011-02-25 00:00:00-06|2011-02-27 00:00:00-06|2|5|30|http://www.olinca,kincamp.com||2011-01-07|2011-01-07|t||||||t|0|f|f|7|7|2019-05-08 07:42:52.250068-05|2019-05-08 07:42:52.347578-05||t||1|0|t
177|ETON|2011-02-14 00:00:00-06|2011-02-18 00:00:00-06|25|20|15|http://www.eton.kincamp.com||2010-11-17|2010-11-17|t||||||t|0|f|f|7|7|2019-05-08 07:42:52.250068-05|2019-05-08 07:42:52.347578-05||t||1|0|t
153|CAMP MIRAFLORES TOLUCA MAYO 2010|2010-05-28 01:00:00-05|2010-05-31 01:00:00-05|25|35|15|http://www.miraflorestoluca.kincamp.com||2010-04-22|2010-05-14|t||||||t|0|f|f|7|7|2019-05-08 07:42:52.250068-05|2019-05-08 07:42:52.347578-05||t||1|0|t
117|VERANO QUERETARO JULIO 2010|2010-07-24 01:00:00-05|2010-07-31 01:00:00-05|26|1|15|verano.kincamp.com/verano-qro.html|SI REALIZO SU PAGO VIA PAYPAL Y SELECCIONO ALGUNO DE LOS DESCUENTOS, FAVOR DE ASEGURARSE QUE ESE DESCUENTO HAYA SIDO APROBADO ANTERIORMENTE.|2009-09-09|2010-03-19|t||||||t|0|f|f|7|7|2019-05-08 07:42:52.250068-05|2019-05-08 07:42:52.347578-05||t||1|0|t
119|VERANO VALLE / QUERETARO JULIO 2010|2010-07-18 01:00:00-05|2010-07-31 01:00:00-05|25|1|15|verano.kincamp.com/verano-valqro.html|SI REALIZO SU PAGO VIA PAYPAL Y SELECCIONO ALGUNO DE LOS DESCUENTOS, FAVOR DE ASEGURARSE QUE ESE DESCUENTO HAYA SIDO APROBADO ANTERIORMENTE.|2009-09-09|2010-03-19|t||||||t|0|f|f|7|7|2019-05-08 07:42:52.250068-05|2019-05-08 07:42:52.347578-05||t||1|0|t
120|VERANO MAZAHUA / VALLE / QUERETARO JULIO 2010|2010-07-11 01:00:00-05|2010-07-31 01:00:00-05|22|1|30|verano.kincamp.com/verano-morvalqro.html|SI REALIZO SU PAGO VIA PAYPAL Y SELECCIONO ALGUNO DE LOS DESCUENTOS, FAVOR DE ASEGURARSE QUE ESE DESCUENTO HAYA SIDO APROBADO ANTERIORMENTE.|2009-09-09|2010-03-19|t||||||t|0|f|f|7|7|2019-05-08 07:42:52.250068-05|2019-05-08 07:42:52.347578-05||t||1|0|t
137|CAMP CIM 2DO SEC MARZO 2010|2010-03-10 00:00:00-06|2010-03-12 00:00:00-06|25|16|15|http://www.cim.kincamp.com||2010-01-20|2010-01-20|t||||||t|0|f|f|7|7|2019-05-08 07:42:52.250068-05|2019-05-08 07:42:52.347578-05||t||1|0|t
140|CAMP NAUTILUS PRIMARIA MARZO 2010|2010-03-05 00:00:00-06|2010-03-07 00:00:00-06|2|2|30|http://www.nautilus.kincamp.com||2010-02-03|2010-02-09|t||||||t|0|f|f|7|7|2019-05-08 07:42:52.250068-05|2019-05-08 07:42:52.347578-05||t||1|0|t
131|CAMP OLINCA PREPRI FEB 2010|2010-02-26 00:00:00-06|2010-02-28 00:00:00-06|25|5|30|http://www.olinca.kincamp.com||2009-11-19|2009-11-19|t||||||t|0|f|f|7|7|2019-05-08 07:42:52.250068-05|2019-05-08 07:42:52.347578-05||t||1|0|t
150|CAMP LONDON 3RO SEC MARZO 2010|2010-03-22 00:00:00-06|2010-03-26 00:00:00-06|25|10|30|http://www.london.kincamp.com||2010-03-02|2010-03-02|t||||||t|0|f|f|7|7|2019-05-08 07:42:52.250068-05|2019-05-08 07:42:52.347578-05||t||1|0|t
141|CAMP SENDA PADRES E HIJOS MARZO 2010|2010-03-19 00:00:00-06|2010-03-21 00:00:00-06|25|23|30|http://www.senda.kincamp.com||2010-02-03|2010-02-03|t||||||t|0|f|f|7|7|2019-05-08 07:42:52.250068-05|2019-05-08 07:42:52.347578-05||t||1|0|t
124|CAMP GOLDENWOODS FEB 2010|2010-02-11 00:00:00-06|2010-02-14 00:00:00-06|25|19|30|http://www.goldenwoods.kincamp.com||2009-09-29|2009-10-19|t||||||t|0|f|f|7|7|2019-05-08 07:42:52.250068-05|2019-05-08 07:42:52.347578-05||t||1|0|t
20040|Greengates J5 2015|2015-05-04 08:15:00-05|2015-05-07 16:30:00-05|5|22|2|http://www.kincamp.com/greengates||2014-10-01|2015-04-30|t|50000|Colegio|kincampgreengates|||t|0|f|f|7|7|2019-05-08 07:42:52.250068-05|2019-05-08 07:42:52.347578-05||t||1|0|t
126|CAMP EMMANUEL MOUNIER ENERO 2010|2010-01-27 00:00:00-06|2010-01-29 00:00:00-06|25|21|15|http://www.mounier.kincamp.com||2009-10-27|2009-10-28|t||||||t|0|f|f|7|7|2019-05-08 07:42:52.250068-05|2019-05-08 07:42:52.347578-05||t||1|0|t
130|CAMP BENEFICENCIA DIC. 09|2009-12-11 00:00:00-06|2009-12-13 00:00:00-06|27|1|15|||2009-11-18|2009-11-18|t||||||t|0|f|f|7|7|2019-05-08 07:42:52.250068-05|2019-05-08 07:42:52.347578-05||t||1|0|t
115|VERANO VALLE JULIO 2010|2010-07-18 01:00:00-05|2010-07-24 01:00:00-05|25|1|15|http://www.verano.kincamp.com/verano-valle.html|SI REALIZO SU PAGO VIA PAYPAL Y SELECCIONO ALGUNO DE LOS DESCUENTOS, FAVOR DE ASEGURARSE QUE ESE DESCUENTO HAYA SIDO APROBADO ANTERIORMENTE.|2009-09-08|2010-03-19|t||||||t|0|f|f|7|7|2019-05-08 07:42:52.250068-05|2019-05-08 07:42:52.347578-05||t||1|0|t
20440|ASF 8th Grade Oct. 2018|2018-10-22 05:50:00-05|2018-10-26 15:30:00-05|49|7|57|http://www.kincamp.com/asf||2018-08-06|2022-10-03|t|150000|at school|amigosasf818|||f|8185|f|f|15|15|2019-05-08 07:42:52.250068-05|2019-05-08 07:42:52.347578-05||t||1|0|f
20434|ASF New Student Orientation 2018|2018-08-17 07:45:00-05|2018-08-17 11:23:37-05|30|7|57|http://www.kincamp.com/asf||2018-07-31|2022-10-03|t|150000|ASF|*||*|t|0|f|f|15|15|2019-05-08 07:42:52.250068-05|2019-05-08 07:42:52.347578-05||t||1|0|f
118|VERANO MAZAHUA / VALLE JULIO 2010|2010-07-11 01:00:00-05|2010-07-24 01:00:00-05|22|1|30|verano.kincamp.com/verano-morval.html|SI REALIZO SU PAGO VIA PAYPAL Y SELECCIONO ALGUNO DE LOS DESCUENTOS, FAVOR DE ASEGURARSE QUE ESE DESCUENTO HAYA SIDO APROBADO ANTERIORMENTE.|2009-09-09|2010-03-19|t||||||t|0|f|f|7|7|2019-05-08 07:42:52.250068-05|2019-05-08 07:42:52.347578-05||t||1|0|t
113|CAMP MERICI 1RO SEC OCT 2009|2009-10-09 01:00:00-05|2009-10-11 01:00:00-05|25|27|15|http://www.merici.kincamp.com|REALIZA TU PAGO EN LAS CAJAS DEL COLEGIO. IMPRIME TU COMPROBANTE DE REGISTRO Y ENTREGALO EN LA ESCUELA. |2009-09-03|2009-09-22|t||||||t|0|f|f|7|7|2019-05-08 07:42:52.250068-05|2019-05-08 07:42:52.347578-05||t||1|0|t
105|OLINCA CUERNAVACA PAI  SEPT 2009|2009-09-18 01:00:00-05|2009-09-20 01:00:00-05|22|6|15|http://www.olincacuerna.kincamp.com|¡SERA DE NUEVO UN GRAN PLACER TENERLOS DE REGRESO EN ESTE YA TRADICIONAL EVENTO! ¡LOS KINES ESTAN PELEANDO POR INSCRIBIRSE!|2009-08-18|2009-08-18|t||||||t|0|f|f|7|7|2019-05-08 07:42:52.250068-05|2019-05-08 07:42:52.347578-05||t||1|0|t
106|CAMP REGINA 3 SEC SEP 09|2009-09-18 01:00:00-05|2009-09-20 01:00:00-05|2|15|15|http://www.regina.kincamp.com||2009-08-25|2009-09-17|t||||||t|0|f|f|7|7|2019-05-08 07:42:52.250068-05|2019-05-08 07:42:52.347578-05||t||1|0|t
73|CAMP NAUTILUS SECUNDARIA OCTUBRE 2008|2008-10-31 00:00:00-06|2008-11-02 00:00:00-06|22|2|30|http://www.nautilus.kincamp.com||2008-09-10|2008-09-10|t||||||t|0|f|f|7|7|2019-05-08 07:42:52.250068-05|2019-05-08 07:42:52.347578-05||t||1|0|t
116|VERANO MAZAHUA JULIO 2010|2010-07-11 01:00:00-05|2010-07-18 01:00:00-05|22|1|15|verano.kincamp.com/verano-morelos.html|SI REALIZO SU PAGO VIA PAYPAL Y SELECCIONO ALGUNO DE LOS DESCUENTOS, FAVOR DE ASEGURARSE QUE ESE DESCUENTO HAYA SIDO APROBADO ANTERIORMENTE.|2009-09-09|2010-03-22|t||||||t|0|f|f|7|7|2019-05-08 07:42:52.250068-05|2019-05-08 07:42:52.347578-05||t||1|0|t
135|CAMP ETON 6TO MAYO 2010|2010-05-24 01:00:00-05|2010-05-28 01:00:00-05|27|20|30|http://www.eton.kincamp.com||2009-12-02|2010-02-08|t||||||t|0|f|f|7|7|2019-05-08 07:42:52.250068-05|2019-05-08 07:42:52.347578-05||t||1|0|t
139|CAMP FORMUS MAYO 2010|2010-05-25 01:00:00-05|2010-05-27 01:00:00-05|18|17|30|http://www.formus.kincamp.com||2010-02-02|2010-02-02|t||||||t|0|f|f|7|7|2019-05-08 07:42:52.250068-05|2019-05-08 07:42:52.347578-05||t||1|0|t
128|CAMP LONDON SPECIAL ENGLISH MAY 2010|2010-05-19 01:00:00-05|2010-05-20 01:00:00-05|2|10|15|http://www.london.kincamp.com||2009-10-30|2010-03-15|t||||||t|0|f|f|7|7|2019-05-08 07:42:52.250068-05|2019-05-08 07:42:52.347578-05||t||1|0|t
157|KIN PITS CEMAC|2010-05-19 01:00:00-05|2010-05-19 01:00:00-05|24|1|30|http://www.cemac.kincamp.com||2010-05-13|2010-05-13|t||||||t|0|f|f|7|7|2019-05-08 07:42:52.250068-05|2019-05-08 07:42:52.347578-05||t||1|0|t
149|CAMP UNICELAYA 3RO SEC MAYO 2010|2010-05-13 01:00:00-05|2010-05-16 01:00:00-05|18|11|30|http://www.unicelaya.kincamp.com||2010-02-25|2010-02-26|t||||||t|0|f|f|7|7|2019-05-08 07:42:52.250068-05|2019-05-08 07:42:52.347578-05||t||1|0|t
129|CAMP EL ROBLE 1RO Y 2DO DE PRIM MAYO 2010|2010-05-13 01:00:00-05|2010-05-15 01:00:00-05|25|29|15|http://www.elroble.kincamp.com||2009-11-10|2010-04-29|t||||||t|0|f|f|7|7|2019-05-08 07:42:52.250068-05|2019-05-08 07:42:52.347578-05||t||1|0|t
156|DAY CAMP OLINCA KINDER|2010-05-12 01:00:00-05|2010-05-12 01:00:00-05|24|5|15|||2010-05-04|2010-05-04|t||||||t|0|f|f|7|7|2019-05-08 07:42:52.250068-05|2019-05-08 07:42:52.347578-05||t||1|0|t
155|DAY CAMP OLINCA KINDER|2010-05-11 01:00:00-05|2010-05-11 01:00:00-05|24|5|15|||2010-05-04|2010-05-04|t||||||t|0|f|f|7|7|2019-05-08 07:42:52.250068-05|2019-05-08 07:42:52.347578-05||t||1|0|t
152|CAMP AMSTERDAM ABRIL 2010|2010-04-26 01:00:00-05|2010-04-29 01:00:00-05|27|34|30|||2010-03-25|2010-03-25|t||||||t|0|f|f|7|7|2019-05-08 07:42:52.250068-05|2019-05-08 07:42:52.347578-05||t||1|0|t
151|CAMP DE BENEFICENCIA|2010-04-16 01:00:00-05|2010-04-18 01:00:00-05|22|1|30|||2010-03-25|2010-03-25|t||||||t|0|f|f|7|7|2019-05-08 07:42:52.250068-05|2019-05-08 07:42:52.347578-05||t||1|0|t
134|CAMP MIRAFLORES CUERNA 6TO PRIMARIA MARZO 2010|2010-03-14 00:00:00-06|2010-03-18 00:00:00-06|25|14|15|http://www.miraflores.kincamp.com||2009-12-01|2010-02-08|t||||||t|0|f|f|7|7|2019-05-08 07:42:52.250068-05|2019-05-08 07:42:52.347578-05||t||1|0|t
138|CAMP COLEGIO ALEMAN ALEXANDER VON HUMBOLDT|2010-03-16 00:00:00-06|2010-03-18 00:00:00-06|2|30|30|http://aleman.kincamp.com||2010-01-30|2010-01-30|t||||||t|0|f|f|7|7|2019-05-08 07:42:52.250068-05|2019-05-08 07:42:52.347578-05||t||1|0|t
136|CAMP LUIS VIVES SECUNDARIA|2010-03-12 00:00:00-06|2010-03-14 00:00:00-06|25|28|30|http://www.luisvives.kincamp.com||2010-01-14|2010-01-14|t||||||t|0|f|f|7|7|2019-05-08 07:42:52.250068-05|2019-05-08 07:42:52.347578-05||t||1|0|t
108|CAMP CEMAC SECUNDARIA NOV 2009|2009-11-16 00:00:00-06|2009-11-19 00:00:00-06|22|1|30|http://www.cemac.kincamp.com||2009-08-25|2009-09-24|t||||||t|0|f|f|7|7|2019-05-08 07:42:52.250068-05|2019-05-08 07:42:52.347578-05||t||1|0|t
121|CAMP LONDON 1RO Y 2DO OCT 2009|2009-10-16 01:00:00-05|2009-10-17 01:00:00-05|22|10|15|http://www.london.kincamp.com||2009-09-24|2009-09-30|t||||||t|0|f|f|7|7|2019-05-08 07:42:52.250068-05|2019-05-08 07:42:52.347578-05||t||1|0|t
107|CAMP ASF 6TH GRADE OCT 2009|2009-10-12 01:00:00-05|2009-10-16 01:00:00-05|2|7|30|http://www.asf.kincamp.com||2009-08-25|2009-08-25|t||||||t|0|f|f|7|7|2019-05-08 07:42:52.250068-05|2019-05-08 07:42:52.347578-05||t||1|0|t
71|CAMP LONDON CUERNA 4 5 Y 6 PRIM OCTUBRE 2008|2008-10-17 01:00:00-05|2008-10-18 01:00:00-05|22|10|30|http://www.london.kincamp.com||2008-09-10|2008-09-26|t||||||t|0|f|f|7|7|2019-05-08 07:42:52.250068-05|2019-05-08 07:42:52.347578-05||t||1|0|t
82|CAMP DE VERANO 2 JULIO 2009|2009-07-25 01:00:00-05|2009-07-31 01:00:00-05|2|1|30|http://www.verano.kincamp.com||2008-11-12|2009-07-07|t||||||t|0|f|f|7|7|2019-05-08 07:42:52.250068-05|2019-05-08 07:42:52.347578-05||t||1|0|t
83|CAMP DE VERANO 3 JULIO 2009|2009-07-18 01:00:00-05|2009-07-31 01:00:00-05|2|1|30|http://www.verano.kincamp.com||2008-11-13|2009-07-07|t||||||t|0|f|f|7|7|2019-05-08 07:42:52.250068-05|2019-05-08 07:42:52.347578-05||t||1|0|t
81|CAMP DE VERANO 1 JULIO 2009|2009-07-18 01:00:00-05|2009-07-25 01:00:00-05|2|1|30|http://www.verano.kincamp.com||2008-11-12|2009-07-07|t||||||t|0|f|f|7|7|2019-05-08 07:42:52.250068-05|2019-05-08 07:42:52.347578-05||t||1|0|t
84|SUMMER CAMP 4 JULY 2009|2009-07-19 01:00:00-05|2009-07-25 01:00:00-05|22|1|30|http://www.summer.kincamp.com||2008-11-13|2009-07-07|t||||||t|0|f|f|7|7|2019-05-08 07:42:52.250068-05|2019-05-08 07:42:52.347578-05||t||1|0|t
39|CAMP ASF DF 7TH GRADE - NAYARIT FEBRUARY 2008|2008-02-25 00:00:00-06|2008-02-29 00:00:00-06|20|7|30|http://www.asf.kincamp.com|THANK YOU VERY MUCH. YOUR REGISTRATION IS COMPLETE. NEXT TIME YOU COME TO KIN CAMP YOU WILL ONLY HAVE TO DO THIS LAST STEP!\\\\r\\n\\\\r\\nANYTHING YOU WANT TO KNOW CHECK WWW.ASF.KINCAMP.COM OR EMAIL US AT INFO@KINCAMP.COM|2007-11-06|2008-09-26|t||||||t|0|f|f|7|7|2019-05-08 07:42:52.250068-05|2019-05-08 07:42:52.347578-05||t||1|0|t
125|VIAJE DE GRADUACION MARYMOUNT ENE 2010|2010-01-28 00:00:00-06|2010-01-31 00:00:00-06|14|65|15|http://www.marymount.kincamp.com/||2009-10-10|2015-03-23|t|50000|El Colegio|kincampmarymount|||t|0|f|f|7|7|2019-05-08 07:42:52.250068-05|2019-05-08 07:42:52.347578-05||t||1|0|t
103|NEW SUMMER CAMP VALLE DE BRAVO|2009-07-12 01:00:00-05|2009-07-18 01:00:00-05|25|1|15|http://www.verano.kincamp.com||2009-05-26|2009-07-07|t||||||t|0|f|f|7|7|2019-05-08 07:42:52.250068-05|2019-05-08 07:42:52.347578-05||t||1|0|t
104|KIN PITS ASF SUMMER STAFF|2009-06-20 01:00:00-05|2009-06-21 01:00:00-05|25|7|15|||2009-06-08|2009-06-08|t||||||t|0|f|f|7|7|2019-05-08 07:42:52.250068-05|2019-05-08 07:42:52.347578-05||t||1|0|t
95|CAMP GRADUACION NAUTILUS 3RO SEC JUNIO 2009|2009-06-18 01:00:00-05|2009-06-21 01:00:00-05|22|2|15|http://www.nautilus.kincamp.com||2009-03-24|2009-07-07|t||||||t|0|f|f|7|7|2019-05-08 07:42:52.250068-05|2019-05-08 07:42:52.347578-05||t||1|0|t
100|ROPES COURSE ASF 8TH GRADE|2009-06-11 01:00:00-05|2009-06-12 01:00:00-05|24|1|15|||2009-05-21|2009-05-21|t||||||t|0|f|f|7|7|2019-05-08 07:42:52.250068-05|2019-05-08 07:42:52.347578-05||t||1|0|t
91|CAMP LUIS VIVES SECUNDARIA JUNIO 2009|2009-06-05 01:00:00-05|2009-06-07 01:00:00-05|2|28|30|http://www.luisvives.kincamp.com||2008-11-27|2008-11-27|t||||||t|0|f|f|7|7|2019-05-08 07:42:52.250068-05|2019-05-08 07:42:52.347578-05||t||1|0|t
92|CAMP GOLDENWOODS JUNIO 2009|2009-06-04 01:00:00-05|2009-06-07 01:00:00-05|16|19|30|http://goldenwoods.kincamp.com||2009-01-27|2009-01-27|t||||||t|0|f|f|7|7|2019-05-08 07:42:52.250068-05|2019-05-08 07:42:52.347578-05||t||1|0|t
98|ROPES COURSE ASF 6TH GRADE|2009-06-02 01:00:00-05|2009-06-02 01:00:00-05|24|1|15|||2009-05-21|2009-05-21|t||||||t|0|f|f|7|7|2019-05-08 07:42:52.250068-05|2019-05-08 07:42:52.347578-05||t||1|0|t
77|CAMP CEMAC MARZO 2009|2009-03-16 00:00:00-06|2009-03-20 00:00:00-06|2|1|15|http://www.cemac.kincamp.com||2008-09-30|2009-01-08|t||||||t|0|f|f|7|7|2019-05-08 07:42:52.250068-05|2019-05-08 07:42:52.347578-05||t||1|0|t
88|CAMP LONDON 3RO SEC MARZO 2009|2009-03-09 00:00:00-06|2009-03-13 00:00:00-06|19|10|30|http://www.london.kincamp.com||2008-11-13|2008-11-13|t||||||t|0|f|f|7|7|2019-05-08 07:42:52.250068-05|2019-05-08 07:42:52.347578-05||t||1|0|t
85|CAMP NAUTILUS PRIMARIA MARZO 2009|2009-03-06 00:00:00-06|2009-03-08 00:00:00-06|2|2|30|http://www.nautilus.kincamp.com||2008-11-13|2009-01-30|t||||||t|0|f|f|7|7|2019-05-08 07:42:52.250068-05|2019-05-08 07:42:52.347578-05||t||1|0|t
87|CAMP ETON 4TO FEBRERO 2009|2009-02-23 00:00:00-06|2009-02-27 00:00:00-06|2|20|30|http://www.eton.kincamp.com||2008-11-13|2008-11-13|t||||||t|0|f|f|7|7|2019-05-08 07:42:52.250068-05|2019-05-08 07:42:52.347578-05||t||1|0|t
86|CAMP WINPENNY FEBRERO 2009|2009-02-20 00:00:00-06|2009-02-22 00:00:00-06|2|1|30|http://www.winpenny.kincamp.com||2008-11-13|2008-11-13|t||||||t|0|f|f|7|7|2019-05-08 07:42:52.250068-05|2019-05-08 07:42:52.347578-05||t||1|0|t
67|CAMP ASF DF 7TH GRADE FEBRUARY 2009|2009-02-09 00:00:00-06|2009-02-13 00:00:00-06|20|7|15|http://www.asf.kincamp.com||2008-08-08|2008-12-01|t||||||t|0|f|f|7|7|2019-05-08 07:42:52.250068-05|2019-05-08 07:42:52.347578-05||t||1|0|t
78|CAMP ASF GUADALAJARA 5TH GRADE FEBRUARY 2009|2009-02-03 00:00:00-06|2009-02-06 00:00:00-06|21|8|15|http://www.asfg.kincamp.com/||2008-11-12|2008-11-18|t||||||t|0|f|f|7|7|2019-05-08 07:42:52.250068-05|2019-05-08 07:42:52.347578-05||t||1|0|t
58|OLINCA PREPRI Y PRIMERO JUNIO 2008|2008-06-13 01:00:00-05|2008-06-15 01:00:00-05|2|5|30|http://www.olinca.kincamp.com||2008-04-23|2016-04-14|t||||||t|0|f|f|7|7|2019-05-08 07:42:52.250068-05|2019-05-08 07:42:52.347578-05||t||1|0|t
64|CAMP ASF DF 6TH GRADE JANUARY 2009|2009-01-12 00:00:00-06|2009-01-16 00:00:00-06|2|7|30|http://www.asf.kincamp.com||2008-08-08|2008-11-12|t||||||t|0|f|f|7|7|2019-05-08 07:42:52.250068-05|2019-05-08 07:42:52.347578-05||t||1|0|t
79|CAMP EMMANUEL MOUNIER ENERO 2009|2009-01-14 00:00:00-06|2009-01-16 00:00:00-06|22|21|15|http://www.mounier.kincamp.com||2008-11-12|2008-11-12|t||||||t|0|f|f|7|7|2019-05-08 07:42:52.250068-05|2019-05-08 07:42:52.347578-05||t||1|0|t
367|CIUDAD DE MEXICO 6 PRIMARIA 2014|2014-06-18 01:00:00-05|2014-06-20 01:00:00-05|34|50|50|http://kincamp.com/ccm/||2013-11-25|2014-06-17|t|50000|||||t|0|f|f|7|7|2019-05-08 07:42:52.250068-05|2019-05-08 07:42:52.347578-05||t||1|0|t
90|CAMP MERICI 3RO SEC DICIEMBRE 2008|2008-12-12 00:00:00-06|2008-12-14 00:00:00-06|22|27|15|http://www.merici.kincamp.com|FAVOR DE IMPRIMIR ESTE COMPROBANTE Y ENTREGARLO A LA MAESTRA SANDRA VAZQUEZ.|2008-11-13|2008-12-02|t||||||t|0|f|f|7|7|2019-05-08 07:42:52.250068-05|2019-05-08 07:42:52.347578-05||t||1|0|t
68|CAMP BILBAO NOVIEMBRE 2008|2008-11-06 00:00:00-06|2008-11-08 00:00:00-06|18|9|30|http://||2008-09-05|2008-11-03|t||||||t|0|f|f|7|7|2019-05-08 07:42:52.250068-05|2019-05-08 07:42:52.347578-05||t||1|0|t
74|CAMP ASF DF 8TH GRADE NOVEMBER 2008|2008-11-03 00:00:00-06|2008-11-07 00:00:00-06|23|7|30|http://www.asf.kincamp.com||2008-09-23|2008-09-23|t||||||t|0|f|f|7|7|2019-05-08 07:42:52.250068-05|2019-05-08 07:42:52.347578-05||t||1|0|t
72|CAMP OLINCA CUERNA 3 A 5 OCTUBRE 2008|2008-10-09 01:00:00-05|2008-10-11 01:00:00-05|22|6|15|http://www.olincacuerna.kincamp.com||2008-09-10|2008-09-10|t||||||t|0|f|f|7|7|2019-05-08 07:42:52.250068-05|2019-05-08 07:42:52.347578-05||t||1|0|t
63|CAMP REGINA 3 SEC SEPTIEMBRE 2008|2008-09-19 01:00:00-05|2008-09-21 01:00:00-05|2|15|30|http://www.regina.kincamp.com||2008-08-08|2008-08-27|t||||||t|0|f|f|7|7|2019-05-08 07:42:52.250068-05|2019-05-08 07:42:52.347578-05||t||1|0|t
65|CAMP OLINCA PAI SEPTIEMBRE 2008|2008-09-19 01:00:00-05|2008-09-21 01:00:00-05|22|6|30|http://www.olincacuerna.kincamp.com||2008-08-08|2008-08-27|t||||||t|0|f|f|7|7|2019-05-08 07:42:52.250068-05|2019-05-08 07:42:52.347578-05||t||1|0|t
54|SUMMER CAMP 4 JULY 2008|2008-07-20 01:00:00-05|2008-07-26 01:00:00-05|16|1|30|http://www.summer.kincamp.com||2008-03-05|2008-09-26|t||||||t|0|f|f|7|7|2019-05-08 07:42:52.250068-05|2019-05-08 07:42:52.347578-05||t||1|0|t
51|CAMPAMENTO DE VERANO 1 JULIO 2008|2008-07-05 01:00:00-05|2008-07-14 01:00:00-05|2|1|30|http://www.verano.kincamp.com||2008-03-05|2008-09-26|t||||||t|0|f|f|7|7|2019-05-08 07:42:52.250068-05|2019-05-08 07:42:52.347578-05||t||1|0|t
53|CAMPAMENTO DE VERANO 3 JULIO 2008|2008-07-10 01:00:00-05|2008-07-14 01:00:00-05|2|1|30|http://www.verano.kincamp.com||2008-03-05|2008-09-26|t||||||t|0|f|f|7|7|2019-05-08 07:42:52.250068-05|2019-05-08 07:42:52.347578-05||t||1|0|t
52|CAMPAMENTO DE VERANO 2 JULIO 2008|2008-07-05 01:00:00-05|2008-07-09 01:00:00-05|2|1|30|http://www.verano.kincamp.com||2008-03-05|2008-09-26|t||||||t|0|f|f|7|7|2019-05-08 07:42:52.250068-05|2019-05-08 07:42:52.347578-05||t||1|0|t
62|CAMP SENDA JUNIO 2008|2008-06-27 01:00:00-05|2008-06-29 01:00:00-05|21|23|30|http://www.senda.kincamp.com||2008-05-08|2008-09-26|t||||||t|0|f|f|7|7|2019-05-08 07:42:52.250068-05|2019-05-08 07:42:52.347578-05||t||1|0|t
59|CAMP GREENGATES FORM 1 JUNE 2008|2008-06-23 01:00:00-05|2008-06-25 01:00:00-05|2|22|30|http://www.greengates.kincamp.com||2008-05-08|2008-09-26|t||||||t|0|f|f|7|7|2019-05-08 07:42:52.250068-05|2019-05-08 07:42:52.347578-05||t||1|0|t
60|CAMP GREENGATES FORM 2 JUNE 2008|2008-06-23 01:00:00-05|2008-06-25 01:00:00-05|18|22|30|http://www.greengates.kincamp.com||2008-05-08|2008-09-26|t||||||t|0|f|f|7|7|2019-05-08 07:42:52.250068-05|2019-05-08 07:42:52.347578-05||t||1|0|t
61|CAMP OLINCA PEP CUERNA JUNIO 2008|2008-06-05 01:00:00-05|2008-06-07 01:00:00-05|2|6|30|http://www.olincacuerna.kincamp.com||2008-05-08|2008-09-26|t||||||t|0|f|f|7|7|2019-05-08 07:42:52.250068-05|2019-05-08 07:42:52.347578-05||t||1|0|t
50|CAMP GOLDENWOODS JUNIO 2008|2008-06-02 01:00:00-05|2008-06-04 01:00:00-05|2|19|30|http://||2008-02-05|2008-09-26|t||||||t|0|f|f|7|7|2019-05-08 07:42:52.250068-05|2019-05-08 07:42:52.347578-05||t||1|0|t
37|CAMP UNICELAYA 3 SEC MAYO 2008|2008-05-29 01:00:00-05|2008-06-01 01:00:00-05|16|11|15|http://www.unicelaya.kincamp.com||2007-10-16|2008-09-26|t||||||t|0|f|f|7|7|2019-05-08 07:42:52.250068-05|2019-05-08 07:42:52.347578-05||t||1|0|t
55|CAMP ETON 4 PRIM MAYO 2008|2008-05-26 01:00:00-05|2008-05-30 01:00:00-05|2|20|30|http://www.eton.kincamp.com||2008-03-06|2008-09-26|t||||||t|0|f|f|7|7|2019-05-08 07:42:52.250068-05|2019-05-08 07:42:52.347578-05||t||1|0|t
42|CAMP UNICELAYA 6 PRIMARIA MAYO 2008|2008-05-22 01:00:00-05|2008-05-25 01:00:00-05|18|11|30|http://www.unicelaya.kincamp.com||2008-01-21|2008-09-26|t||||||t|0|f|f|7|7|2019-05-08 07:42:52.250068-05|2019-05-08 07:42:52.347578-05||t||1|0|t
48|CAMP FORMUS MAYO 2008|2008-05-21 01:00:00-05|2008-05-23 01:00:00-05|16|17|30|http://www.formus.kincamp.com||2008-01-23|2008-09-26|t||||||t|0|f|f|7|7|2019-05-08 07:42:52.250068-05|2019-05-08 07:42:52.347578-05||t||1|0|t
56|CAMP LONDON SCHOOL KINDER MAYO 2008|2008-05-13 01:00:00-05|2008-05-14 01:00:00-05|2|10|15|http://www.london.kincamp.com||2008-04-02|2008-09-26|t||||||t|0|f|f|7|7|2019-05-08 07:42:52.250068-05|2019-05-08 07:42:52.347578-05||t||1|0|t
57|CAMP EMANUEL MOUNIER SECUNDARIA MAYO 2008|2008-05-07 01:00:00-05|2008-05-09 01:00:00-05|2|21|30|http://www.mounier.kincamp.com||2008-04-14|2008-09-26|t||||||t|0|f|f|7|7|2019-05-08 07:42:52.250068-05|2019-05-08 07:42:52.347578-05||t||1|0|t
41|CAMP MIRAFLORES CUERNA 3 SEC ABRIL 2008|2008-05-01 01:00:00-05|2008-05-05 01:00:00-05|16|14|30|http://www.miraflores.kincamp.com||2008-01-11|2008-09-26|t||||||t|0|f|f|7|7|2019-05-08 07:42:52.250068-05|2019-05-08 07:42:52.347578-05||t||1|0|t
36|CAMP LONDON SCHOOL CUERNA 3 SEC ABRIL 2008|2008-04-21 01:00:00-05|2008-04-25 01:00:00-05|19|10|30|http://www.london.kincamp.com|FAVOR DE IMPRIMIR ESTE COMPROBANTE DE INSCRIPCION Y ENTREGARLO A CONSTANZA PORTONI.|2007-09-12|2008-09-26|t||||||t|0|f|f|7|7|2019-05-08 07:42:52.250068-05|2019-05-08 07:42:52.347578-05||t||1|0|t
46|CAMP COLEGIO INTERNACIONAL DE MEXICO ABRIL 2008|2008-04-11 01:00:00-05|2008-04-13 01:00:00-05|2|16|30|http://www.inter.kincamp.com||2008-01-23|2008-09-26|t||||||t|0|f|f|7|7|2019-05-08 07:42:52.250068-05|2019-05-08 07:42:52.347578-05||t||1|0|t
49|CAMP COLEGIO MEXICO DE COATZACOALCOS MARZO 2008|2008-03-28 00:00:00-06|2008-04-03 00:00:00-06|2|1|30|http://||2008-02-05|2008-09-26|t||||||t|0|f|f|7|7|2019-05-08 07:42:52.250068-05|2019-05-08 07:42:52.347578-05||t||1|0|t
44|CAMP REGINA 3 SEC MARZO 2008|2008-03-07 00:00:00-06|2008-03-09 00:00:00-06|2|15|30|http://www.regina.kincamp.com||2008-01-23|2008-09-26|t||||||t|0|f|f|7|7|2019-05-08 07:42:52.250068-05|2019-05-08 07:42:52.347578-05||t||1|0|t
80|VIAJE DE GENERACION MARYMOUNT PREPA ENERO 2009|2009-01-30 00:00:00-06|2009-02-02 00:00:00-06|14|65|15|http://www.marymount.kincamp.com/||2008-11-12|2015-03-23|t||El colegio|kincampmarymount|||t|0|f|f|7|7|2019-05-08 07:42:52.250068-05|2019-05-08 07:42:52.347578-05||t||1|0|t
20026|Columbia 2º Sec. Marzo 2015|2015-03-06 07:00:00-06|2015-03-08 18:00:00-06|5|105|2|http://kincamp.com/columbia/||2014-10-01|2015-03-04|t|50000|El Colegio|kincampcolumbia|||t|0|f|f|7|7|2019-05-08 07:42:52.250068-05|2019-05-08 07:42:52.347578-05||t||1|0|t
20057|Von Glumer Roma Primaria 2015|2015-04-22 06:30:00-05|2015-04-24 18:30:00-05|27|47|2|http://kincamp.com/bvg||2014-10-14|2015-04-24|t|50000|el colegio|kincampbvg|||t|0|f|f|7|7|2019-05-08 07:42:52.250068-05|2019-05-08 07:42:52.347578-05||t||1|0|t
20022|Luis Vives  Marzo 2015|2015-03-20 06:45:00-06|2015-03-22 18:00:00-06|5|28|2|http://kincamp.com/luisvives/||2014-09-29|2015-03-17|t|50000|colegio|kincampluisvives|||t|0|f|f|7|7|2019-05-08 07:42:52.250068-05|2019-05-08 07:42:52.347578-05||t||1|0|t
32|CAMP OLINCA D.F. 2 Y 3 OCTUBRE 2007|2007-10-26 01:00:00-05|2007-10-28 01:00:00-05|18|5|30|http://www.olinca.kincamp.com|EL COSTO DEL CAMPAMENTO ES DE $3,000.00 (TRES MIL PESOS 00/100 MN)\\\\r\\nDEBE ESTAR LIQUIDADO ANTES DEL 17 DE OCTUBRE DE 2007, EL CUAL DEBERA SER PAGADO EN LAS CAJAS DEL COLEGIO.   \\\\r\\nESTE DIA SE CIERRAN LAS INSCRIPCIONES.    \\\\r\\nPUEDEN APARTAR LUGAR  CON UN DEPOSITO DE $1,000 PESOS (MIL PESOS) EN LAS CAJAS DE AMBOS PLANTELES.  \\\\r\\n\\\\r\\n\\\\r\\nLAS LISTAS DE ROPA Y FICHAS DE INSCRIPCION ESTAN DISPONIBLES EN LA PAGINA DE INTERNET WWW.OLINCA.KINCAMP.COM   DONDE PODRAN VER LOS DATOS MAS RELEVANTES DE ESTE CAMPAMENTO.    \\\\r\\nTAMBIEN PUEDEN ENCONTRAR MAS INFORMACION EN LA PAGINA DE WWW.KINCAMP.COM|2007-09-03|2008-09-26|t||||||t|0|f|f|7|7|2019-05-08 07:42:52.250068-05|2019-05-08 07:42:52.347578-05||t||1|0|t
22|CAMP OLINCA CUERNA PAI SEPTIEMBRE 2007|2007-09-20 01:00:00-05|2007-09-22 01:00:00-05|16|6|30|http://www.olincacuernavaca.kincamp.com/secundaria.html||2007-08-08|2008-09-26|t||||||t|0|f|f|7|7|2019-05-08 07:42:52.250068-05|2019-05-08 07:42:52.347578-05||t||1|0|t
335|VERANO SENIOR 2014|2014-07-27 01:00:00-05|2014-08-09 01:00:00-05|32|1|49|http://kincamp.com/verano|<p>&iexcl;PUEDES PAGAR EL CAMPAMENTO CON TU TARJETA DE CREDITO O DEBITO!</p>\n|2013-08-21|2014-07-29|t|50000|||||t|0|f|f|7|7|2019-05-08 07:42:52.250068-05|2019-05-08 07:42:52.347578-05||t||1|0|t
365|GREENGATES FORM3 2014|2014-06-23 01:00:00-05|2014-06-25 01:00:00-05|32|22|50|http://kincamp.com/greengates||2013-11-25|2014-06-23|t|50000|||||t|0|f|f|7|7|2019-05-08 07:42:52.250068-05|2019-05-08 07:42:52.347578-05||t||1|0|t
381|COLEGIO MEXICO DE TEHUACAN 6TO DE PRIMARIA 2014|2014-06-14 01:00:00-05|2014-06-16 01:00:00-05|32|77|15|http://www.kincamp.com/cmt|<p>EN PAGOS CON TARJETA DE CREDITO APLICA UN 5% DE COMISION.</p>\n|2014-03-06|2014-07-10|t|50000|||||t|0|f|f|7|7|2019-05-08 07:42:52.250068-05|2019-05-08 07:42:52.347578-05||t||1|0|t
20039|London 6to Primaria 2015|2015-04-27 06:30:00-05|2015-05-01 17:30:00-05|32|10|2|http://kincamp.com/london/||2014-10-01|2015-04-27|t|50000|El colegio|kincamplondon|||t|0|f|f|7|7|2019-05-08 07:42:52.250068-05|2019-05-08 07:42:52.347578-05||t||1|0|t
20062|Formus Monterrey 2015|2015-05-12 08:00:00-05|2015-05-14 16:00:00-05|29|17|2|http://kincamp.com/formus/||2014-10-20|2015-05-12|t|50000|el Hotel Bahía Escondida|kincampformus|||t|0|f|f|7|7|2019-05-08 07:42:52.250068-05|2019-05-08 07:42:52.347578-05||t||1|0|t
20042|Eton 2015|2015-05-18 06:30:00-05|2015-05-22 13:00:00-05|32|20|2|http://kincamp.com/eton/||2014-10-01|2015-05-17|t|50000|el colegio|kincampeton|||t|0|f|f|7|7|2019-05-08 07:42:52.250068-05|2019-05-08 07:42:52.347578-05||t||1|0|t
20061|Tomás Moro 4to Prim. 2015|2015-02-17 08:00:00-06|2015-02-18 17:00:00-06|5|66|2|http://kincamp.com/tomasmoro||2014-10-17|2015-02-17|t|50000|el colegio|kincamptomasmoro|||t|0|f|f|7|7|2019-05-08 07:42:52.250068-05|2019-05-08 07:42:52.347578-05||t||1|0|t
20006|Churchill 1ro Sec  Septiembre 2014|2014-09-09 01:00:00-05|2014-09-12 01:00:00-05|32|48|1|http://kincamp.com/tcs|<p>&iexcl;Ahora puedes pagar el campamento con tarjeta de cr&eacute;dito** a trav&eacute;s de Paypal!<br />\n<br />\n** En pago con tarjeta aplica un cargo del 5% de comisi&oacute;n.</p>\n|2014-08-13|2014-09-08|t|50000|||||t|0|f|f|7|7|2019-05-08 07:42:52.250068-05|2019-05-08 07:42:52.347578-05||t||1|0|t
20053|MaryMount 6to Primaria 2015|2015-06-15 07:00:00-05|2015-06-17 18:00:00-05|35|65|2|http://kincamp.com/marymount-primaria/||2014-10-07|2015-06-15|t|50000|el colegio |kincampmm|||t|0|f|f|7|7|2019-05-08 07:42:52.250068-05|2019-05-08 07:42:52.347578-05||t||1|0|t
20054|Greengates F1 2015|2015-06-22 08:30:00-05|2015-06-24 18:00:00-05|5|22|2|http://www.kincamp.com/greengates||2014-10-09|2015-06-24|t|50000|at school|kincampgreengates|||t|0|f|f|7|7|2019-05-08 07:42:52.250068-05|2019-05-08 07:42:52.347578-05||t||1|0|t
20037|Tomás Moro Cuajimalpa Sec. 2015|2015-03-25 06:15:00-06|2015-03-26 17:30:00-06|32|66|2|http://kincamp.com/tomasmoro/||2014-10-01|2015-09-25|t|50000|el colegio|kincamptomasmoro|||t|0|f|f|7|7|2019-05-08 07:42:52.250068-05|2019-05-08 07:42:52.347578-05||t||1|0|t
20048|CIMAT 2015|2015-06-26 06:00:00-05|2015-06-28 18:00:00-05|32|76|2|http://kincamp.com/cimat/||2014-10-01|2015-08-21|t|50000|el colegio|kincampcimat|||t|0|f|f|7|7|2019-05-08 07:42:52.250068-05|2019-05-08 07:42:52.347578-05||t||1|0|t
20031|Olinca Prepri 2015|2015-03-05 07:30:00-06|2015-03-07 18:00:00-06|32|5|2|http://www.kincamp.com/olinca||2014-10-01|2015-03-03|t|50000|el colegio|kincampolinca|||t|0|f|f|7|7|2019-05-08 07:42:52.250068-05|2019-05-08 07:42:52.347578-05||t||1|0|t
20065|Columbia 3ero Secundaria 2014|2014-11-21 00:00:00-06|2014-11-23 00:00:00-06|34|105|1|||2014-11-04|2014-11-22|t|50000|||||t|0|f|f|7|7|2019-05-08 07:42:52.250068-05|2019-05-08 07:42:52.347578-05||t||1|0|t
20002|SIERRA NEVADA PADRES E HIJ@S 2014|2014-06-21 01:00:00-05|2014-06-22 01:00:00-05|1|102|50|http://kincamp.com/sierranevada|<p>EN PAGOS CON TARJETA DE CREDITO APLICA UN 5% DE COMISION.</p>\n\n<p>&nbsp;</p>\n\n<p>Te pedimos que nos env&iacute;es un correo a <strong><em>info@kincamp.com</em></strong> con la <u><strong>fecha de nacimiento del pap&aacute; </strong></u>que nos acompa&ntilde;ar&aacute; para poder agregarlo al seguro de gastos vs accidentes.</p>\n|2014-05-16|2014-06-19|t|50000|||||t|0|f|f|7|7|2019-05-08 07:42:52.250068-05|2019-05-08 07:42:52.347578-05||t||1|0|t
20011|Greengates J4 Camp November 2014|2014-11-10 00:00:00-06|2014-11-13 00:00:00-06|32|22|1|||2014-08-13|2014-11-09|t|50000|||||t|0|f|f|7|7|2019-05-08 07:42:52.250068-05|2019-05-08 07:42:52.347578-05||t||1|0|t
20005|Colegio Vista Hermosa 1º Secundaria 2014|2014-10-02 01:00:00-05|2014-10-04 01:00:00-05|32|36|1|http://www.kincamp.com/cvh||2014-06-05|2014-10-04|t|50000|||||t|0|f|f|7|7|2019-05-08 07:42:52.250068-05|2019-05-08 07:42:52.347578-05||t||1|0|t
20044|Tomás Moro Lomas 4º Prim. 2015|2015-05-25 06:30:00-05|2015-05-27 17:00:00-05|34|128|2|http://kincamp.com/tml||2014-10-01|2016-08-22|t|50000|el colegio|kincamptml|||t|0|f|f|7|7|2019-05-08 07:42:52.250068-05|2019-05-08 07:42:52.347578-05||t||1|0|t
20043|Nuevo Continente Cuerna 3º Sec. 2015|2015-05-23 07:00:00-05|2015-05-26 18:00:00-05|32|68|2|http://kincamp.com/ncc||2014-10-01|2015-05-22|t|50000|el colegio |kincampncc|||t|0|f|f|7|7|2019-05-08 07:42:52.250068-05|2019-05-08 07:42:52.347578-05||t||1|0|t
20049|Goldenwoods 2015|2015-06-29 07:00:00-05|2015-07-01 18:00:00-05|32|19|2|http://www.kincamp.com/goldenwoods||2014-10-01|2015-07-01|t|50000|el colegio |kincampgoldenwoods|||t|0|f|f|7|7|2019-05-08 07:42:52.250068-05|2019-05-08 07:42:52.347578-05||t||1|0|t
20007|Churchill 2do Sec Noviembre 2014|2014-11-11 00:00:00-06|2014-11-14 00:00:00-06|27|48|1|http://kincamp.com/tcs|<p>&iexcl;Ahora puedes pagar el campamento con tarjeta de cr&eacute;dito** a trav&eacute;s de Paypal!<br />\n<br />\n** En pago con tarjeta aplica un cargo del 5% de comisi&oacute;n.</p>\n|2014-08-13|2015-09-21|t|50000|||||t|0|f|f|7|7|2019-05-08 07:42:52.250068-05|2019-05-08 07:42:52.347578-05||t||1|0|t
20045|Hamilton Sec. 2015|2015-05-28 06:00:00-05|2015-05-31 18:00:00-05|32|54|2|http://kincamp.com/hamilton/||2014-10-01|2015-05-28|t|50000|el colegio |kincamphamilton|||t|0|f|f|7|7|2019-05-08 07:42:52.250068-05|2019-05-08 07:42:52.347578-05||t||1|0|t
20017|Montessori Condesa 2014|2014-11-03 00:00:00-06|2014-11-07 00:00:00-06|27|75|1|http://kincamp.com/mdlc/|<p><span style="line-height: 20.7999992370605px;">&iexcl;Ahora puedes pagar el campamento con tarjeta de cr&eacute;dito** a trav&eacute;s de Paypal!</span><br style="line-height: 20.7999992370605px;" />\n<br style="line-height: 20.7999992370605px;" />\n<span style="line-height: 20.7999992370605px;">** En pago con tarjeta aplica un cargo del 5% de comisi&oacute;n.</span></p>\n|2014-09-12|2014-11-05|t|50000|||||t|0|f|f|7|7|2019-05-08 07:42:52.250068-05|2019-05-08 07:42:52.347578-05||t||1|0|t
20056|Greengates  F2 and F3 2015|2015-06-22 08:30:00-05|2015-06-24 18:00:00-05|32|22|2|http://www.kincamp.com/greengates||2014-10-09|2015-06-22|t|50000|at school|kincampgreengates|||t|0|f|f|7|7|2019-05-08 07:42:52.250068-05|2019-05-08 07:42:52.347578-05||t||1|0|t
20008|ASF 7th Grade Camp February 2015|2015-02-23 06:15:00-06|2015-02-27 16:30:00-06|3|7|2|http://www.kincamp.com/asf||2014-08-13|2015-02-23|t|50000|ASF CAMPUS|kincampasf|||t|0|f|f|7|7|2019-05-08 07:42:52.250068-05|2019-05-08 07:42:52.347578-05||t||1|0|t
20030|Tomás Moro Cuajimalpa 5to 2015|2015-05-13 07:30:00-05|2015-05-14 17:00:00-05|32|66|2|http://kincamp.com/tomasmoro/||2014-10-01|2015-05-12|t|50000|el colegio|kincamptomasmoro|||t|0|f|f|7|7|2019-05-08 07:42:52.250068-05|2019-05-08 07:42:52.347578-05||t||1|0|t
20019|Nuevo Continente Metepec 3ro Sec. 2015|2015-05-15 07:00:00-05|2015-05-17 18:00:00-05|32|52|2|http://kincamp.com/ncm/||2014-09-22|2015-05-13|t|50000|el colegio|kincampncm|||t|0|f|f|7|7|2019-05-08 07:42:52.250068-05|2019-05-08 07:42:52.347578-05||t||1|0|t
20067|Camp de prueba 1|2015-01-09 05:11:24-06|2015-01-10 00:00:00-06|24|8|15|http://www.google.com/||2014-11-25|2016-02-12|t|1000000|el colegio|1234|||t|0|f|f|7|7|2019-05-08 07:42:52.250068-05|2019-05-08 07:42:52.347578-05||t||1|0|t
20018|Bilbao Primaria Mar 2015|2015-03-23 07:45:00-06|2015-03-25 18:00:00-06|32|9|2|http://www.kincamp.com/bilbao|<p>&iexcl;Ahora puedes pagar el campamento con tu tarjeta de cr&eacute;dito / d&eacute;bito a trav&eacute;s de PAYPAL!&nbsp;</p>\n\n<p>* Ojo, en pago con tarjeta aplica un 5% de comisi&oacute;n.</p>\n|2014-09-19|2015-03-26|t|50000|colegio|kincampbilbao|||t|0|f|f|7|7|2019-05-08 07:42:52.250068-05|2019-05-08 07:42:52.347578-05||t||1|0|t
20460|Capacitación PITS Noviembre 2018|2018-11-10 10:00:00-06|2018-11-10 15:00:00-06|4|119|57|||2018-09-14|2022-10-03|t|0|oficina kincampera|no hay|||t|0|f|f|15|15|2019-05-08 07:42:52.250068-05|2019-05-08 07:42:52.347578-05||t||1|0|f
20501|ASF 7th B|2018-10-22 08:30:00-05|2018-10-26 13:30:00-05|32|7|57|||2018-10-22|2022-10-03|t|150000|at school|amigosasf718|||f|0|f|f|15|15|2019-05-08 07:42:52.250068-05|2019-05-08 07:42:52.347578-05||t||1|0|f
20502|ASF 7th C|2018-10-22 08:30:00-05|2018-10-26 13:30:00-05|32|7|57|||2018-10-22|2022-10-03|t|150000|at school|amigosasf718|||f|0|f|f|15|15|2019-05-08 07:42:52.250068-05|2019-05-08 07:42:52.347578-05||t||1|0|f
20260|Vallarta Feb. 2017|2017-02-24 07:30:00-06|2017-02-26 18:00:00-06|32|51|51|http://www.kincamp.com/vallarta|<p>El costo del campamento es de $3,250&nbsp;pesos (Tres mil doscientos cincuenta&nbsp;pesos 00/100MN)</p>\n\n<p>Inscripci&oacute;n y primer fecha de pago 31 de octubre $850</p>\n\n<p>2do pago 30 de Noviembre $800</p>\n\n<p>3er pago 2 de enero $800</p>\n\n<p>4to pago 10 de febrero $800</p>\n\n<p>Ponemos a tu disposici&oacute;n las siguientes formas de pago:</p>\n\n<p>*Dep&oacute;sito o transferencia a la cuenta:</p>\n\n<p>BBVA BANCOMER<br />\n&Aacute;NGELA PATRICIA &Aacute;VILA ROJAS<br />\nCta 0199909435 &nbsp;Clabe 012180001999094351</p>\n\n<p>*Con tarjeta de cr&eacute;dito v&iacute;a PAYPAL en nuestro sistema de inscripci&oacute;n (Ojo, en pago con tarjeta aplica 5% de comisi&oacute;n).</p>\n\n<p><strong>IMPORTANTE:</strong></p>\n\n<p>**Mandar el comprobante de pago a pagos@kincamp.com indicando: nombre completo del participante, escuela y grado.</p>\n\n<p>**En caso de requerir factura se agregar&aacute; el IVA correspondiente y te pedimos nos contactes para indicarte la forma de realizar el pago**</p>\n|2016-10-06|2017-02-23|t|150000|colegio|kincampvallarta|||f|0|f|f|7|7|2019-05-08 07:42:52.250068-05|2019-05-08 07:42:52.347578-05||t||1|0|t
20207|ASF 7th grade Sept. 2016|2016-09-26 06:00:00-05|2016-09-30 16:15:00-05|3|7|9|http://www.kincamp.com/asf||2016-06-22|2016-09-26|t|150000|at school|kincampasf||www.kincamp.com/asf|t|0|f|f|7|7|2019-05-08 07:42:52.250068-05|2019-05-08 07:42:52.347578-05||t||1|0|t
20239|Day Camp CCM 1ro. Mayo 2017|2017-05-26 07:00:00-05|2017-05-26 18:00:00-05||50|51|http://www.kincamp.com/ccm||2016-09-07|2017-05-26|t|150000|el colegio|kincampccm|||t|0|f|f|7|7|2019-05-08 07:42:52.250068-05|2019-05-08 07:42:52.347578-05||t||1|0|t
20334|Piaget 5to. primaria Octubre 2017|2017-10-23 06:30:00-05|2017-10-27 16:00:00-05|2|123|52|http://www.kincamp.com/piaget||2017-08-14|2017-12-21|t|150000|el colegio|kincamppiaget|||t|6900|f|f|7|7|2019-05-08 07:42:52.250068-05|2019-05-08 07:42:52.347578-05||t||1|0|t
20302|Goldenwoods Mayo 2017|2017-05-05 07:30:00-05|2017-05-07 18:00:00-05|2|19|51|http://www.kincamp.com/goldenwoods|<p>El costo del campamento es de $3,750&nbsp;pesos (Tres mil setecientos cincuenta pesos&nbsp;00/100MN).</p>\n\n<p><strong>Fechas de pago:</strong></p>\n\n<p>28 de Febrero $1,000 Inscripci&oacute;n</p>\n\n<p>17 de Marzo $1000 2do pago</p>\n\n<p>31 de Marzo $1000 3 pago</p>\n\n<p>25 de Abril $750 Fecha l&iacute;mite de pago</p>\n\n<p>Ponemos a tu disposici&oacute;n 2 formas de pago:</p>\n\n<p><strong>*Dep&oacute;sito o transferencia a la cuenta:</strong></p>\n\n<p>BBVA BANCOMER<br />\n&Aacute;NGELA PATRICIA &Aacute;VILA ROJAS<br />\nCta 0199909435 &nbsp;Clabe 012180001999094351</p>\n\n<p>*Con tarjeta de cr&eacute;dito v&iacute;a PAYPAL en nuestro sistema de inscripci&oacute;n (Ojo, en pago con tarjeta aplica 5% de comisi&oacute;n).</p>\n\n<p><strong>IMPORTANTE:</strong></p>\n\n<p>**Mandar el comprobante de pago a pagos@kincamp.com indicando: nombre completo del participante, escuela y grado.</p>\n\n<p>**En caso de requerir factura se agregar&aacute; el IVA correspondiente y te pedimos nos contactes para indicarte la forma de realizar el pago**</p>\n|2017-02-09|2017-05-04|t|150000|el colegio|kincampgoldenwoods|||t|0|f|f|7|7|2019-05-08 07:42:52.250068-05|2019-05-08 07:42:52.347578-05||t||1|0|t
20308|ATS - Prepa|2017-04-03 09:00:00-05|2017-04-07 13:00:00-05|30|118|51|||2017-03-29|2017-04-03|t|0|oficina|kincampats|||t|0|f|f|7|7|2019-05-08 07:42:52.250068-05|2019-05-08 07:42:52.347578-05||t||1|0|t
20290|Kin Corp: GNP Dirección Gral Enero 2017|2017-01-13 08:00:00-06|2017-01-13 18:00:00-06||119|51|||2017-01-10|2017-01-13|t|0|Vips San Jerónimo|-|||t|0|f|f|7|7|2019-05-08 07:42:52.250068-05|2019-05-08 07:42:52.347578-05||t||1|0|t
20287|Alqimia 5.0 Enero 2017|2017-01-20 07:00:00-06|2017-01-22 18:00:00-06|25|119|51|||2017-01-02|2017-01-19|t|0|-|-|||t|0|f|f|7|7|2019-05-08 07:42:52.250068-05|2019-05-08 07:42:52.347578-05||t||1|0|t
20351|Greengates F1 - June 2018|2018-06-25 08:00:00-05|2018-06-27 16:00:00-05|48|22|55|http://www.kincamp.com/greengates||2017-08-25|2022-10-03|t|150000|at school|kincampgreengates|||f|3900|f|f|7|7|2019-05-08 07:42:52.250068-05|2019-05-08 07:42:52.347578-05||t||1|0|f
20269|CEM Marzo 2017|2017-03-31 06:30:00-06|2017-04-02 18:00:00-05|44|57|51|http://www.kincamp.com/cem|<p>El costo del campamento es de $3,200 pesos (Tres mil doscientos&nbsp;pesos 00/100MN)</p>\n\n<p>Se paga directamente en el colegio.</p>\n|2016-10-28|2017-03-30|t|150000|el colegio|kincampcem|||t|0|f|f|7|7|2019-05-08 07:42:52.250068-05|2019-05-08 07:42:52.347578-05||t||1|0|t
20309|Liceo CM2 - Fiesta de fin de ciclo 2017|2017-06-03 08:00:00-05|2017-06-03 18:30:00-05||43|7|http://www.kincamp.com/cm2||2017-04-25|2017-06-01|t|150000|el colegio|kincampcm2|||t|0|f|f|7|7|2019-05-08 07:42:52.250068-05|2019-05-08 07:42:52.347578-05||t||1|0|t
20291|Kin Corp: TMI Abogados Enero 2017|2017-01-27 08:00:00-06|2017-01-28 18:00:00-06|25|119|51|||2017-01-10|2017-01-25|t|0|Toks Santa Fe|-|||t|0|f|f|7|7|2019-05-08 07:42:52.250068-05|2019-05-08 07:42:52.347578-05||t||1|0|t
20337|Piaget 3ro. primaria Noviembre 2017|2017-11-01 06:30:00-06|2017-11-03 16:00:00-06|34|123|52|http://www.kincamp.com/piaget||2017-08-14|2017-12-21|t|150000|el colegio|kincamppiaget|||t|4700|f|f|7|7|2019-05-08 07:42:52.250068-05|2019-05-08 07:42:52.347578-05||t||1|0|t
20294|Formus MTY Junio 2017|2017-06-20 07:30:00-05|2017-06-24 17:00:00-05|29|17|53|http://www.kincamp.com/formus||2017-01-26|2017-12-21|t|150000|el Hotel Bahía Escondida |kincampformus|||t|1350|f|f|7|7|2019-05-08 07:42:52.250068-05|2019-05-08 07:42:52.347578-05||t||1|0|t
20255|Hamilton Mayo 2017|2017-05-25 06:00:00-05|2017-05-28 18:00:00-05|32|54|51|http://www.kincamp.com/hamilton|<p>El costo del campamento es de $6,000 pesos (Seis mil&nbsp;pesos 00/100MN). En caso de cancelaci&oacute;n despu&eacute;s del 6 de abril 2017, no se devolver&aacute;n anticipos.</p>\n\n<p><strong>Ponemos a tu disposici&oacute;n&nbsp;las siguientes fechas y formas&nbsp;de pago:</strong></p>\n\n<p>$2000.00&nbsp; apartado al 28 de octubre 2016</p>\n\n<p>$2000.00 antes del 16 de diciembre 2016</p>\n\n<p>$2000.00 antes del 3 de&nbsp; mayo 2017</p>\n\n<p>*Dep&oacute;sito o transferencia a la cuenta:</p>\n\n<p>BBVA BANCOMER<br />\nKIN CAMP S.A. DE C.V.<br />\nCta 0146450970&nbsp; Clabe 012180001464509708</p>\n\n<p><strong>IMPORTANTE:</strong></p>\n\n<p>**El comprobante se tiene que entregar a la escuela en original y pueden enviar una copia a pagos@kincamp.com&nbsp;indicando: nombre completo del participante, escuela y grado.</p>\n|2016-09-27|2017-05-25|t|150000|el colegio|kincamphamilton|||t|0|f|f|7|7|2019-05-08 07:42:52.250068-05|2019-05-08 07:42:52.347578-05||t||1|0|t
20270|CIMAT Junio 2017|2017-06-23 06:30:00-05|2017-06-25 17:00:00-05|32|76|53|http://www.kincamp.com/cimat|<p>El costo del campamento es de $3,600 pesos (Tres mil seiscientos pesos 00/100MN)</p>\n\n<p>Se paga directamente en el colegio.</p>\n|2016-10-28|2017-12-21|t|150000|el colegio|kincampcimat|||t|3600|f|f|7|7|2019-05-08 07:42:52.250068-05|2019-05-08 07:42:52.347578-05||t||1|0|t
20208|Montessori de la Condesa Nov. 2016|2016-11-14 07:00:00-06|2016-11-18 18:00:00-06|9|75|9|http://www.kincamp.com/mdlc|<p>El costo del campamento es de $6,000 pesos (Seis&nbsp;mil pesos 00/100MN).</p>\n\n<p>Fechas de pago:</p>\n\n<p>1er fecha de pago 15 de septiembre</p>\n\n<p>2da fecha de pago 30 de septiembre</p>\n\n<p>3er fecha de pago 17 de Octubre</p>\n\n<p>4ta fecha de pago 31 de Octubre</p>\n\n<p>Ponemos a tu disposici&oacute;n 2 formas de pago:</p>\n\n<p>*Dep&oacute;sito o transferencia a la cuenta:</p>\n\n<p>BBVA BANCOMER<br />\n&Aacute;NGELA PATRICIA &Aacute;VILA ROJAS<br />\nCta 0199909435 &nbsp;Clabe 012180001999094351</p>\n\n<p>*Con tarjeta de cr&eacute;dito v&iacute;a PAYPAL en nuestro sistema de inscripci&oacute;n (Ojo, en pago con tarjeta aplica 5% de comisi&oacute;n).</p>\n\n<p><strong>IMPORTANTE:</strong></p>\n\n<p>**Mandar el comprobante de pago a pagos@kincamp.com indicando: nombre completo del participante, escuela y grado.</p>\n\n<p>**En caso de requerir factura se agregar&aacute; el IVA correspondiente y te pedimos nos contactes para indicarte la forma de realizar el pago**</p>\n|2016-06-22|2016-11-13|t|150000|el colegio|kincampmdlc|||t|0|f|f|7|7|2019-05-08 07:42:52.250068-05|2019-05-08 07:42:52.347578-05||t||1|0|t
20240|CCM 3ro. Sec. Junio 2017|2017-06-06 06:30:00-05|2017-06-09 18:00:00-05|32|50|53|http://www.kincamp.com/ccm|<p>El costo del campamento es de $5,500 pesos (Cinco mil quinientos pesos 00/100MN).</p>\n\n<p><strong>​Fechas de pago:​</strong></p>\n\n<p>&middot; &nbsp; &nbsp; &nbsp; 1er pago $2,000 / 3 de Abril de 2017&nbsp;<strong>(inscripci&oacute;n)</strong></p>\n\n<p>&middot; &nbsp; &nbsp; &nbsp; 2do pago $2,000 / 2 de Mayo de 2017</p>\n\n<p>&middot; &nbsp; &nbsp; &nbsp; 3er pago $1,500 / &nbsp;30 de Mayo de 2017</p>\n\n<p>&middot; &nbsp; &nbsp; &nbsp; Fecha l&iacute;mite de pago martes 30 de Mayo de 2017</p>\n\n<p><strong>Ponemos a tu disposici&oacute;n 2 formas de pago:</strong></p>\n\n<p>*Dep&oacute;sito o transferencia a la cuenta:</p>\n\n<p>BBVA BANCOMER<br />\n&Aacute;NGELA PATRICIA &Aacute;VILA ROJAS<br />\nCta 0199909435 &nbsp;Clabe 012180001999094351</p>\n\n<p>*Con tarjeta de cr&eacute;dito v&iacute;a PAYPAL en nuestro sistema de inscripci&oacute;n (Ojo, en pago con tarjeta aplica 5% de comisi&oacute;n).</p>\n\n<p><strong>IMPORTANTE:</strong></p>\n\n<p>**Mandar el comprobante de pago a pagos@kincamp.com indicando: nombre completo del participante, escuela y grado.</p>\n\n<p>**En caso de requerir factura se agregar&aacute; el IVA correspondiente y te pedimos nos contactes para indicarte la forma de realizar el pago**</p>\n|2016-09-07|2017-12-21|t|150000|el colegio|kincampccm|||t|5500|f|f|7|7|2019-05-08 07:42:52.250068-05|2019-05-08 07:42:52.347578-05||t||1|0|t
20347|Chiaravalle Primaria Octubre 2017|2017-10-23 07:00:00-05|2017-10-27 18:00:00-05|32|134|52|http://www.kincamp.com/chiaravalle||2017-08-24|2018-08-15|f|150000|el colegio|kincampchiaravalle|||f|0|f|f|7|7|2019-05-08 07:42:52.250068-05|2019-05-08 07:42:52.347578-05||t||1|0|t
20288|Emmanuel Mounier Febrero 2017|2017-02-21 07:30:00-06|2017-02-23 18:00:00-06|45|21|51|http://www.kincamp.com/mounier|<p>El costo del campamento es de $3,750 pesos (Tres mil setecientos&nbsp;cincuenta pesos&nbsp;00/100MN).</p>\n\n<p>Ponemos a tu disposici&oacute;n 2 formas de pago:</p>\n\n<p>*Dep&oacute;sito o transferencia a la cuenta:</p>\n\n<p>BBVA BANCOMER<br />\n&Aacute;NGELA PATRICIA &Aacute;VILA ROJAS<br />\nCta 0199909435 &nbsp;Clabe 012180001999094351</p>\n\n<p>*Con tarjeta de cr&eacute;dito v&iacute;a PAYPAL en nuestro sistema de inscripci&oacute;n (Ojo, en pago con tarjeta aplica 5% de comisi&oacute;n).</p>\n\n<p><strong>IMPORTANTE:</strong></p>\n\n<p>**Mandar el comprobante de pago a pagos@kincamp.com indicando: nombre completo del participante, escuela y grado.</p>\n\n<p>**En caso de requerir factura se agregar&aacute; el IVA correspondiente y te pedimos nos contactes para indicarte la forma de realizar el pago**</p>\n|2017-01-02|2017-02-20|t|150000|el colegio|kincampmounier|||t|0|f|f|7|7|2019-05-08 07:42:52.250068-05|2019-05-08 07:42:52.347578-05||t||1|0|t
20276|Moliere Marzo 2017 |2017-03-27 06:30:00-06|2017-03-31 18:00:00-06|32|129|51|http://www.kincamp.com/moliere|<p>El costo del campamento es de $5,200&nbsp;pesos (Cinco mil doscientos pesos 00/100MN)</p>\n\n<p>El pago se realiza directamente en el colegio.</p>\n|2016-11-17|2017-03-27|t|150000|el colegio|kincampmoliere|||t|0|f|f|7|7|2019-05-08 07:42:52.250068-05|2019-05-08 07:42:52.347578-05||t||1|0|t
20289|Marymount 6to. Marzo 2017|2017-05-16 06:30:00-05|2017-05-18 17:00:00-05||65|51|http://www.kincamp.com/marymount||2017-01-02|2017-05-15|t|150000|el colegio|kincampmarymount|||t|0|f|f|7|7|2019-05-08 07:42:52.250068-05|2019-05-08 07:42:52.347578-05||t||1|0|t
20280|Make it Happen|2016-12-09 07:00:00-06|2016-12-09 23:00:00-06||119|9|||2016-11-25|2016-12-09|t|0|-|no|||t|0|f|f|7|7|2019-05-08 07:42:52.250068-05|2019-05-08 07:42:52.347578-05||t||1|0|t
20356|Capacitación Segundo Semestre Sept. 2017|2017-09-09 07:00:00-05|2017-09-10 20:00:00-05|32|119|52|||2017-09-06|2017-09-07|t|150000|Fuente de la Cibeles|kincampero|||t|0|f|f|7|7|2019-05-08 07:42:52.250068-05|2019-05-08 07:42:52.347578-05||t||1|0|t
20452|Kin Corp: IBM Día de la Familia Oct. 2018|2018-10-13 07:00:00-05|2018-10-13 18:00:00-05||119|57|http://www.kincamp.com||2018-08-16|2022-10-03|t|0|-|-|||t|0|f|f|15|15|2019-05-08 07:42:52.250068-05|2019-05-08 07:42:52.347578-05||t||1|0|f
20352|Greengates F2 - June 2018|2018-06-25 08:30:00-05|2018-06-27 17:00:00-05|32|22|55|http://www.kincamp.com/greengates||2017-08-25|2022-10-03|t|150000|at school|kincampgreengates|||f|3900|f|f|7|7|2019-05-08 07:42:52.250068-05|2019-05-08 07:42:52.347578-05||t||1|0|f
20349|Greengates J4 - May 2018|2018-05-21 08:00:00-05|2018-05-24 17:00:00-05|45|22|55|http://www.kincamp.com/greengates||2017-08-25|2022-10-03|t|0|at school|kincampgreengates|||t|5684|f|f|7|7|2019-05-08 07:42:52.250068-05|2019-05-08 07:42:52.347578-05||t||1|0|f
20272|Marymount Prepa Marzo 2017|2017-03-17 06:30:00-06|2017-03-20 18:00:00-06|25|65|51|http://www.grupo-kin.com/marymount|<p>El costo del campamento es de $6,500 pesos (Seis mil quinientos pesos 00/100MN).&nbsp;</p>\n\n<p>&nbsp;</p>\n\n<p>1er pago $2,000 15 de Noviembre 2016</p>\n\n<p>2do pago $1,500 15 de Diciembre 2016</p>\n\n<p>3er pago $1,500 16 de Enero 2017</p>\n\n<p>4to pago $1,500 15 de Febrero de 2017</p>\n\n<p>Fecha limite de inscripci&oacute;n viernes 3 de Marzo2017</p>\n\n<p>&nbsp;</p>\n\n<p>Ponemos a su disposici&oacute;n 2 formas de pago.</p>\n\n<p>*Dep&oacute;sito o transferencia a la cuenta:</p>\n\n<p>BBVA BANCOMER<br />\n&Aacute;NGELA PATRICIA &Aacute;VILA ROJAS<br />\nCta 0199909435 &nbsp;Clabe 012180001999094351</p>\n\n<p>*Con tarjeta de cr&eacute;dito v&iacute;a PAYPAL en nuestro sistema de inscripci&oacute;n (Ojo, en pago con tarjeta aplica 5% de comisi&oacute;n).</p>\n\n<p><strong>IMPORTANTE:</strong></p>\n\n<p>**Mandar el comprobante de pago a&nbsp;<a href="mailto:pagos@kincamp.com" target="_blank">pagos@kincamp.com</a>&nbsp;indicando: nombre completo del participante, escuela y grado.</p>\n\n<p>**En caso de requerir factura se agregar&aacute; el IVA correspondiente y te pedimos nos contactes para indicarte la forma de realizar el pago**</p>\n|2016-11-04|2017-03-17|t|150000|el colegio|kincampmarymount|||t|0|f|f|7|7|2019-05-08 07:42:52.250068-05|2019-05-08 07:42:52.347578-05||t||1|0|t
20340|Capacitación PITS Octubre 2017|2017-10-07 09:30:00-05|2017-10-07 15:00:00-05||119|52|||2017-08-14|2017-10-06|t||la oficina|-|||t|0|f|f|7|7|2019-05-08 07:42:52.250068-05|2019-05-08 07:42:52.347578-05||t||1|0|t
20279|Kincorp: GNP Dic. 2016|2016-12-13 07:30:00-06|2016-12-13 14:00:00-06||119|9|||2016-11-25|2016-12-09|t|0|Plaza GNP|no|||t|0|f|f|7|7|2019-05-08 07:42:52.250068-05|2019-05-08 07:42:52.347578-05||t||1|0|t
20238|Eton 6to. Mayo 2017|2017-05-15 06:30:00-05|2017-05-19 12:30:00-05|32|20|51|http://www.kincamp.com/eton|<p>El costo es de $7,250 pesos y se paga directamente en el colegio.</p>\n|2016-09-07|2017-05-16|t|150000|el colegio|kincampeton|||t|0|f|f|7|7|2019-05-08 07:42:52.250068-05|2019-05-08 07:42:52.347578-05||t||1|0|t
20295|Liceo Franco Mexicano 6to. primaria Abril 2017 |2017-04-03 07:00:00-05|2017-04-07 15:00:00-05|42|43|51|http://www.kincamp.com/lfm||2017-01-26|2017-04-03|t|150000|el colegio|kincamplfm|||t|0|f|f|7|7|2019-05-08 07:42:52.250068-05|2019-05-08 07:42:52.347578-05||t||1|0|t
20299|London 3ro. Secundaria Marzo 2017|2017-03-27 05:30:00-06|2017-03-31 18:00:00-06|25|10|51|http://www.kincamp.com/london||2017-02-01|2017-03-27|t|150000|el colegio|kincamplondon||El costo es de $7,000 (siete mil pesos 00/100 M.N.)\n\nSe paga directamente en el colegio. |t|0|f|f|7|7|2019-05-08 07:42:52.250068-05|2019-05-08 07:42:52.347578-05||t||1|0|t
20281|Carmen Salles 3ro. Sec. Abril 2017|2017-04-29 06:30:00-05|2017-05-01 18:00:00-05|32|122|51|http://www.kincamp.com/carmensalles|<p>El campamento tiene un costo de $3,900 pesos. Se paga directamente con el comit&eacute; organizador.</p>\n\n<p>La fecha l&iacute;mite de pago y registro es el Jueves 16 de Marzo del 2017</p>\n|2016-12-01|2017-04-25|t|150000|el colegio|kincampcarmensalles|||t|0|f|f|7|7|2019-05-08 07:42:52.250068-05|2019-05-08 07:42:52.347578-05||t||1|0|t
20664|Social - Voluntariado (Posada)|2019-12-07 09:00:00-06|2019-12-07 15:00:00-06||119|60|||2019-11-13|2022-10-03|t|0|psiquiátrico infantil|no hay|||t|0|f|f|15|15|2019-12-07 15:00:00-06|2019-12-07 09:00:00-06||t||1|0|f
20382|TML 3ro. Teotihuacán Feb. 2018|2018-02-15 07:00:00-06|2018-02-15 18:00:00-06||128|55|http://www.kincamp.com/tml||2017-11-16|2022-10-03|t|150000|el colegio|kincamptml|||t|800|f|f|7|7|2019-05-08 07:42:52.250068-05|2019-05-08 07:42:52.347578-05||t||1|0|f
20277|Aristos de Metepec Junio 2017|2017-06-23 09:00:00-05|2017-06-25 18:00:00-05|25|130|53|http://www.kincamp.com/aristos|<p>El costo del campamento es de $3,400 pesos (Tres mil cuatrocientos pesos 00/100MN).</p>\n\n<p>&middot; &nbsp; &nbsp; &nbsp; 1er pago $800 / 15 de diciembre 2016 (inscripci&oacute;n)</p>\n\n<p>&middot; &nbsp; &nbsp; &nbsp; 2do pago $650 / 31 de Enero 2017</p>\n\n<p>&middot; &nbsp; &nbsp; &nbsp; 3er pago $650 &nbsp;/ 15 de Marzo 2017</p>\n\n<p>&middot; &nbsp; &nbsp; &nbsp; 4to pago $650 / 28 de Abril 2017</p>\n\n<p><strong>&middot; &nbsp; &nbsp; &nbsp; Finiquito $650 / 2 Junio 2017</strong></p>\n\n<p>Ponemos a tu disposici&oacute;n 2 formas de pago:</p>\n\n<p>*Dep&oacute;sito o transferencia a la cuenta:</p>\n\n<p>BBVA BANCOMER<br />\n&Aacute;NGELA PATRICIA &Aacute;VILA ROJAS<br />\nCta 0199909435 &nbsp;Clabe 012180001999094351</p>\n\n<p>*Con tarjeta de cr&eacute;dito v&iacute;a PAYPAL en nuestro sistema de inscripci&oacute;n (Ojo, en pago con tarjeta aplica 5% de comisi&oacute;n).</p>\n\n<p><strong>IMPORTANTE:</strong></p>\n\n<p>**Mandar el comprobante de pago a pagos@kincamp.com indicando: nombre completo del participante, escuela y grado.</p>\n\n<p>**En caso de requerir factura se agregar&aacute; el IVA correspondiente y te pedimos nos contactes para indicarte la forma de realizar el pago**</p>\n|2016-11-22|2017-12-21|t|150000|el colegio|kincamparistos|||t|3400|f|f|7|7|2019-05-08 07:42:52.250068-05|2019-05-08 07:42:52.347578-05||t||1|0|t
20522|Ateret Yosef Marzo 2019|2019-03-12 07:00:00-06|2019-03-14 18:00:00-06|32|119|58|http://www.kincamp.com||2018-11-12|2022-10-03|t|150000|el colegio|-|||t|2850|f|f|15|15|2019-05-08 07:42:52.250068-05|2019-05-08 07:42:52.347578-05||t||1|0|f
20355|Piaget 6to. primaria Junio 2018|2018-06-18 06:30:00-05|2018-06-22 16:00:00-05|32|123|56|http://www.kincamp.com/piaget||2017-09-04|2022-10-03|t|150000|el colegio|kincamppiaget|||f|7200|f|f|7|7|2019-05-08 07:42:52.250068-05|2019-05-08 07:42:52.347578-05||t||1|0|f
20366|Piaget Prefirst Junio 2018|2018-06-06 07:40:00-05|2018-06-08 16:00:00-05|9|123|56|http://www.kincamp.com/piaget||2017-10-18|2022-10-03|t|150000|el colegio|kincamppiaget|||t|4150|f|f|7|7|2019-05-08 07:42:52.250068-05|2019-05-08 07:42:52.347578-05||t||1|0|f
20348|Greengates J3 April 2018|2018-04-23 08:00:00-05|2018-04-26 17:00:00-05|48|22|55|http://www.kincamp.com/greengates||2017-08-25|2022-10-03|t|150000|at school|kincampgreengates|||t|5684|f|f|7|7|2019-05-08 07:42:52.250068-05|2019-05-08 07:42:52.347578-05||t||1|0|f
20363|Piaget 1ro. Secundaria Febrero 2018|2018-02-19 06:30:00-06|2018-02-23 18:00:00-06|48|123|55|http://www.kincamp.com/piaget||2017-10-16|2022-10-03|t|150000|el colegio|kincamppiaget|||t|6600|f|f|7|7|2019-05-08 07:42:52.250068-05|2019-05-08 07:42:52.347578-05||t||1|0|f
20335|Piaget 2do. primaria Enero 2018|2018-01-24 06:30:00-06|2018-01-26 15:30:00-06|47|123|55|http://www.kincamp.com/piaget||2017-08-14|2022-10-03|t|150000|el colegio|kincamppiaget|||t|4500|f|f|7|7|2019-05-08 07:42:52.250068-05|2019-05-08 07:42:52.347578-05||t||1|0|f
20336|Piaget 4to. primaria Enero 2018|2018-01-23 06:30:00-06|2018-01-26 16:30:00-06||123|55|http://www.kincamp.com/piaget||2017-08-14|2022-10-03|t|150000|el colegio|kincamppiaget|||t|5600|f|f|7|7|2019-05-08 07:42:52.250068-05|2019-05-08 07:42:52.347578-05||t||1|0|f
20341|Capacitación Inclusión Noviembre 2017|2017-11-18 09:30:00-06|2017-11-19 15:00:00-06|4|119|52|||2017-08-14|2022-10-03|t|0|la oficina|-|||t|0|f|f|7|7|2019-05-08 07:42:52.250068-05|2019-05-08 07:42:52.347578-05||t||1|0|f
20296|Juvenal Rendon Junio 2017|2017-06-12 14:30:00-05|2017-06-16 08:00:00-05|44|131|53|http://www.kincamp.com/juvenalrendon||2017-01-26|2017-12-21|t|150000|el colegio|kincampjuvenalrendon|||t|4850|f|f|7|7|2019-05-08 07:42:52.250068-05|2019-05-08 07:42:52.347578-05||t||1|0|t
20298|Americano de Durango Junio 2017|2017-06-11 07:00:00-05|2017-06-17 15:00:00-05|32|132|53|http://www.kincamp.com/cadurango||2017-01-26|2017-12-21|t|150000|el colegio |kincampcadurango|||t|7300|f|f|7|7|2019-05-08 07:42:52.250068-05|2019-05-08 07:42:52.347578-05||t||1|0|t
20310|London Special English Junio 2017 |2017-06-09 16:00:00-05|2017-06-10 13:30:00-05||10|53|http://www.kincamp.com/london||2017-05-15|2017-12-21|t|150000|las instalaciones de secundaria|kincamplondon|||t|1300|f|f|7|7|2019-05-08 07:42:52.250068-05|2019-05-08 07:42:52.347578-05||t||1|0|t
20256|Hellen Keller Mayo 2017|2017-05-08 06:30:00-05|2017-05-12 18:00:00-05|32|108|51|http://www.kincamp.com/hellenkeller|<p>El costo del campamento es de $6,000 pesos (Seis mil pesos 00/100MN).</p>\n\n<p>Las fechas de pago son:</p>\n\n<p>-Primer fecha: 17&nbsp;de Octubre por un monto de $1,000 pesos<br />\n-Segunda fecha: 15&nbsp;de Noviembre por un monto de $1,000 pesos<br />\n-Tercer fecha: 16&nbsp;de enero 2016 por un monto de $1,000 pesos<br />\n-Cuarta fecha: 15&nbsp;de Febrero 2016 por un monto de $1,000 pesos<br />\n-Quinta fecha: 15 de Marzo 2016 por un monto de $1,000 pesos<br />\n-Fecha de liquidaci&oacute;n: 17&nbsp;de Abril 2016 por un monto de $1,000 pesos</p>\n\n<p>Ponemos a tu disposici&oacute;n 2 formas de pago:</p>\n\n<p>*Dep&oacute;sito o transferencia a la cuenta:</p>\n\n<p>BBVA BANCOMER<br />\n&Aacute;NGELA PATRICIA &Aacute;VILA ROJAS<br />\nCta 0199909435 &nbsp;Clabe 012180001999094351</p>\n\n<p>*Con tarjeta de cr&eacute;dito v&iacute;a PAYPAL en nuestro sistema de inscripci&oacute;n (Ojo, en pago con tarjeta aplica 5% de comisi&oacute;n).</p>\n\n<p><strong>IMPORTANTE:</strong></p>\n\n<p>**Mandar el comprobante de pago a pagos@kincamp.com indicando: nombre completo del participante, escuela y grado.</p>\n\n<p>**En caso de requerir factura se agregar&aacute; el IVA correspondiente y te pedimos nos contactes para indicarte la forma de realizar el pago**</p>\n|2016-09-27|2017-05-05|t|150000|el colegio|kincamphellenkeller|||t|0|f|f|7|7|2019-05-08 07:42:52.250068-05|2019-05-08 07:42:52.347578-05||t||1|0|t
20300|Columbia 3ro. de Secundaria Junio 2017|2017-06-02 07:00:00-05|2017-06-04 18:00:00-05|25|105|53|http://www.kincamp.com/columbia||2017-02-09|2017-06-01|t|150000|el colegio|kincampcolumbia|||t|0|f|f|7|7|2019-05-08 07:42:52.250068-05|2019-05-08 07:42:52.347578-05||t||1|0|t
20301|Ateret Yosef Mayo 2017|2017-05-22 07:00:00-05|2017-05-24 18:00:00-05|32|119|51|http://www.kincamp.com/||2017-02-09|2017-05-17|t|150000|el colegio|kincamp|||t|0|f|f|7|7|2019-05-08 07:42:52.250068-05|2019-05-08 07:42:52.347578-05||t||1|0|t
20257|Kin Corp Octubre 2016|2016-10-14 07:00:00-05|2016-10-15 18:00:00-05|2|119|9|http://www.kincamp.com/||2016-10-03|2016-10-14|t|0|no|no|||t|0|f|f|7|7|2019-05-08 07:42:52.250068-05|2019-05-08 07:42:52.347578-05||t||1|0|t
20274|Kin Corp: GNP Nov 2016|2016-11-17 08:00:00-06|2016-11-17 11:00:00-06||119|9|http://www.kincamp.com/||2016-11-09|2016-11-15|t|0|Calzada de Tlalpan 1978 |no|||t|0|f|f|7|7|2019-05-08 07:42:52.250068-05|2019-05-08 07:42:52.347578-05||t||1|0|t
20275|Kincorp: Sura|2016-11-18 08:00:00-06|2016-11-18 13:00:00-06||119|9|||2016-11-11|2016-11-14|t|0|Reforma 222|-|||t|0|f|f|7|7|2019-05-08 07:42:52.250068-05|2019-05-08 07:42:52.347578-05||t||1|0|t
20665|Capacitación Leyendas|2019-12-14 09:30:00-06|2019-12-14 15:00:00-06||119|60|||2019-11-13|2022-10-03|t|0|oficina|no hay|||t|0|f|f|15|15|2019-12-14 15:00:00-06|2019-12-14 09:30:00-06||t||1|0|f
20524|ATS 6to. Marzo 2019|2019-03-25 07:00:00-06|2019-03-29 18:00:00-06|32|118|58|http://www.kincamp.com/ats|<p>La fecha&nbsp;l&iacute;mite de pago&nbsp;y registro es el 11 de Marzo</p>|2018-11-12|2022-10-03|t|150000|el colegio|fogataats619|||t|7600|f|f|15|15|2019-05-08 07:42:52.250068-05|2019-05-08 07:42:52.347578-05||t||1|0|f
20400|Kin Corp: Maguen Team Dic. 2017|2017-12-22 07:00:00-06|2017-12-22 18:00:00-06||119|52|||2017-11-24|2022-10-03|t|0|-|-|||t|0|f|f|7|7|2019-05-08 07:42:52.250068-05|2019-05-08 07:42:52.347578-05||t||1|0|f
20399|Kin Corp: Altegra Dic. 2017|2017-12-15 07:00:00-06|2017-12-16 18:00:00-06|26|119|52|||2017-11-24|2022-10-03|t||-|-|||t|0|f|f|7|7|2019-05-08 07:42:52.250068-05|2019-05-08 07:42:52.347578-05||t||1|0|f
20401|Kin Corp: Liverpool Dic. 2017|2017-12-15 07:00:00-06|2017-12-16 18:00:00-06||119|52|||2017-11-24|2022-10-03|t|0|-|-|||t|0|f|f|7|7|2019-05-08 07:42:52.250068-05|2019-05-08 07:42:52.347578-05||t||1|0|f
20402|Kin Corp: Continental Integración Dic. 2017|2017-12-08 07:00:00-06|2017-12-08 18:00:00-06|25|119|52|||2017-11-28|2022-10-03|t|0|-|nohay|||t|0|f|f|7|7|2019-05-08 07:42:52.250068-05|2019-05-08 07:42:52.347578-05||t||1|0|f
20377|Miraflores Cuernavaca 6to. Mayo 2018|2018-05-07 07:00:00-05|2018-05-10 18:00:00-05|32|14|55|http://www.kincamp.com/miraflores|<p>El costo del campamento es de $5,900 pesos (Cinco mil novecientos pesos 00/100MN)</p>\n\n<p>La fecha l&iacute;mite de pago es el d&iacute;a&nbsp;16 de Abril 2018</p>\n\n<p><strong>1er pago $500 &nbsp;/ 17 de Noviembre 2017 (Reservar fecha)</strong></p>\n\n<p><strong>2do pago $1080 / 15 de Diciembre 2017</strong></p>\n\n<p><strong>3er pago $1,080 / 15 de Enero 2018</strong></p>\n\n<p><strong>4to pago $1,080 / 15 de Febrero 2018</strong></p>\n\n<p><strong>5to pago $1,080 / 15 de Marzo 2018</strong></p>\n\n<p><strong>6to pago $1,080/ 16 de Abril 2018 (Finiquito)</strong></p>\n\n<p>Ponemos a tu disposici&oacute;n&nbsp;las siguientes formas de pago:</p>\n\n<p>*Dep&oacute;sito o transferencia a la cuenta:</p>\n\n<p>BBVA BANCOMER<br />\n&Aacute;NGELA PATRICIA &Aacute;VILA ROJAS<br />\nCta 0199909435 &nbsp;Clabe 012180001999094351</p>\n\n<p>Usa la referencia: {{referencia}}</p>\n\n<p>*Con tarjeta de cr&eacute;dito v&iacute;a PAYPAL en nuestro sistema de inscripci&oacute;n (Ojo, en pago con tarjeta aplica 5% de comisi&oacute;n).</p>\n\n<p><strong>IMPORTANTE:</strong></p>\n\n<p>**Mandar el comprobante de pago a pagos@kincamp.com indicando: nombre completo del participante, escuela y grado.</p>\n\n<p>**En caso de requerir factura se agregar&aacute; el IVA correspondiente y te pedimos nos contactes para indicarte la forma de realizar el pago**</p>|2017-11-13|2022-10-03|t|150000|el colegio|kincampmiraflores|||t|5900|t|f|15|7|2019-05-08 07:42:52.250068-05|2019-05-08 07:42:52.347578-05||t||1|0|f
20365|Hamilton Sec. Abril 2018|2018-04-27 07:00:00-05|2018-04-30 18:00:00-05|48|54|55|http://www.kincamp.com/hamilton||2017-10-16|2022-10-03|t|150000|el colegio|kincamphamilton|||t|5858|f|f|7|7|2019-05-08 07:42:52.250068-05|2019-05-08 07:42:52.347578-05||t||1|0|f
20354|Piaget 1ro. primaria Marzo 2018|2018-03-07 06:30:00-06|2018-03-09 16:00:00-06|25|123|55|http://www.kincamp.com/piaget||2017-09-04|2022-10-03|t|150000|el colegio|kincamppiaget|||t|4300|f|f|7|7|2019-05-08 07:42:52.250068-05|2019-05-08 07:42:52.347578-05||t||1|0|f
20359|Humanitree Bloom 5 Feb. 2018|2018-02-19 05:00:00-06|2018-02-25 14:00:00-06||138|55|http://www.kincamp.com/humanitree||2017-09-18|2022-10-03|t|150000|el colegio|kincamphumanitree|||t|19460|t|f|30|7|2019-05-08 07:42:52.250068-05|2019-05-08 07:42:52.347578-05||t||1|0|f
20357|Columbia Secundaria Nov. 2017|2017-11-10 07:30:00-06|2017-11-12 18:00:00-06|48|105|52|http://www.kincamp.com/columbia||2017-09-11|2022-10-03|t|150000|el colegio|kincampcolumbia|||t|3950|f|f|7|7|2019-05-08 07:42:52.250068-05|2019-05-08 07:42:52.347578-05||t||1|0|f
20202|Churchill 3ro. sec. Octubre 2016|2016-10-09 09:00:00-05|2016-10-13 19:00:00-05|32|48|9|http://www.kincamp.com/tcs|<p>El costo del campamento es de $5,800 pesos (Cinco mil ochocientos&nbsp;pesos 00/100MN).</p>\n\n<p><strong>La fecha l&iacute;mite de pago es el d&iacute;a Viernes 30 de&nbsp;septiembre&nbsp;del presente.</strong></p>\n\n<p>Ponemos a tu disposici&oacute;n 2 formas de pago:</p>\n\n<p>*Dep&oacute;sito o transferencia a la cuenta:</p>\n\n<p>BBVA BANCOMER<br />\n&Aacute;NGELA PATRICIA &Aacute;VILA ROJAS<br />\nCta 0199909435 &nbsp;Clabe 012180001999094351</p>\n\n<p>*Con tarjeta de cr&eacute;dito v&iacute;a PAYPAL en nuestro sistema de inscripci&oacute;n (Ojo, en pago con tarjeta aplica 5% de comisi&oacute;n).</p>\n\n<p><strong>IMPORTANTE:</strong></p>\n\n<p>**Mandar el comprobante de pago a pagos@kincamp.com indicando: nombre completo del participante, escuela y grado.</p>\n\n<p>**En caso de requerir factura se agregar&aacute; el IVA correspondiente y te pedimos nos contactes para indicarte la forma de realizar el pago**</p>\n|2016-06-13|2016-10-09|t|150000|el colegio|kincamptcs|||t|0|f|f|7|7|2019-05-08 07:42:52.250068-05|2019-05-08 07:42:52.347578-05||t||1|0|t
20204|Churchill 1ro. sec Octubre 2016|2016-10-09 07:00:00-05|2016-10-13 17:00:00-05|25|48|9|http://www.kincamp.com/tcs|<p>El costo del campamento es de $5,800 pesos (Cinco mil ochocientos&nbsp;pesos 00/100MN).</p>\n\n<p><strong>La fecha l&iacute;mite de pago es el d&iacute;a Viernes 30 de&nbsp;septiembre&nbsp;del presente.</strong></p>\n\n<p>Ponemos a tu disposici&oacute;n 2 formas de pago:</p>\n\n<p>*Dep&oacute;sito o transferencia a la cuenta:</p>\n\n<p>BBVA BANCOMER<br />\n&Aacute;NGELA PATRICIA &Aacute;VILA ROJAS<br />\nCta 0199909435 &nbsp;Clabe 012180001999094351</p>\n\n<p>*Con tarjeta de cr&eacute;dito v&iacute;a PAYPAL en nuestro sistema de inscripci&oacute;n (Ojo, en pago con tarjeta aplica 5% de comisi&oacute;n).</p>\n\n<p><strong>IMPORTANTE:</strong></p>\n\n<p>**Mandar el comprobante de pago a pagos@kincamp.com indicando: nombre completo del participante, escuela y grado.</p>\n\n<p>**En caso de requerir factura se agregar&aacute; el IVA correspondiente y te pedimos nos contactes para indicarte la forma de realizar el pago**</p>\n|2016-06-13|2016-10-06|t|150000|el colegio|kincamptcs|||t|0|f|f|7|7|2019-05-08 07:42:52.250068-05|2019-05-08 07:42:52.347578-05||t||1|0|t
20259|London 6to. Abril 2017|2017-04-24 06:30:00-05|2017-04-28 18:00:00-05|32|10|51|http://www.kincamp.com/london||2016-10-06|2017-04-21|t|150000|el colegio|kincamplondon|||t|0|f|f|7|7|2019-05-08 07:42:52.250068-05|2019-05-08 07:42:52.347578-05||t||1|0|t
20267|Kin Corp: Maguen Teams Dic. 2016|2016-12-16 07:00:00-06|2016-12-16 18:00:00-06||119|9|http://www.kincamp.com/||2016-10-19|2016-12-12|t|0|-|-|||t|0|f|f|7|7|2019-05-08 07:42:52.250068-05|2019-05-08 07:42:52.347578-05||t||1|0|t
20266|Kin Corp: Credimax Nov. 2016|2016-11-26 07:00:00-06|2016-11-26 07:00:00-06||119|9|http://www.kincamp.com/||2016-10-19|2016-11-24|t|0|-|-|||t|0|f|f|7|7|2019-05-08 07:42:52.250068-05|2019-05-08 07:42:52.347578-05||t||1|0|t
20263|Bosque Real Feb. 2017|2017-02-28 06:30:00-06|2017-03-03 18:30:00-06|9|53|51|http://www.kincamp.com/bosquereal|<p>El costo del campamento es de $5,150 pesos (Cinco&nbsp;mil ciento cincuenta pesos 00/100MN).</p>\n\n<p>La fecha de inscripci&oacute;n y primer pago es el viernes 11 de noviembre 2016</p>\n\n<p><strong>* Fecha limite de pago viernes 10 de febrero 2017</strong></p>\n\n<p>Ponemos a tu disposici&oacute;n 2 formas de pago:</p>\n\n<p>*Dep&oacute;sito o transferencia a la cuenta:</p>\n\n<p>BBVA BANCOMER<br />\n&Aacute;NGELA PATRICIA &Aacute;VILA ROJAS<br />\nCta 0199909435 &nbsp;Clabe 012180001999094351</p>\n\n<p>*Con tarjeta de cr&eacute;dito v&iacute;a PAYPAL en nuestro sistema de inscripci&oacute;n (Ojo, en pago con tarjeta aplica 5% de comisi&oacute;n).</p>\n\n<p><strong>IMPORTANTE:</strong></p>\n\n<p>**Mandar el comprobante de pago a pagos@kincamp.com indicando: nombre completo del participante, escuela y grado.</p>\n\n<p>**En caso de requerir factura se agregar&aacute; el IVA correspondiente y te pedimos nos contactes para indicarte la forma de realizar el pago**</p>\n|2016-10-14|2017-02-27|t|150000|el colegio|kincampbosquereal|||t|0|f|f|7|7|2019-05-08 07:42:52.250068-05|2019-05-08 07:42:52.347578-05||t||1|0|t
20265|Kin Corp: Zura Nov 2016|2016-11-09 07:00:00-06|2016-11-09 17:00:00-06||119|9|http://www.kincamp.com/||2016-10-19|2016-11-06|t|0|-|-|||t|0|f|f|7|7|2019-05-08 07:42:52.250068-05|2019-05-08 07:42:52.347578-05||t||1|0|t
20397|Kin Corp: Continental Boot Camp Dic. 2017|2017-12-04 07:00:00-06|2017-12-08 18:00:00-06|25|119|52|||2017-11-24|2022-10-03|t|0|-|-|||t|0|f|f|7|7|2019-05-08 07:42:52.250068-05|2019-05-08 07:42:52.347578-05||t||1|0|f
20396|Kin Corp: Make it Happen Dic. 2017|2017-12-02 07:00:00-06|2017-12-02 18:00:00-06||119|52|||2017-11-24|2022-10-03|t|0|Hotel Stara|-|||t|0|f|f|7|7|2019-05-08 07:42:52.250068-05|2019-05-08 07:42:52.347578-05||t||1|0|f
20455|Capacitación Sensibilización|2018-09-01 10:00:00-05|2018-09-01 19:00:00-05|4|119|57|||2018-08-25|2022-10-03|t|0|oficina kincampera|no hay|||t|0|f|f|15|15|2019-05-08 07:42:52.250068-05|2019-05-08 07:42:52.347578-05||t||1|0|f
20422|Kin corp: Four Up|2018-06-29 07:00:00-05|2018-06-30 18:00:00-05|25|119|56|http://kincamp.com||2018-04-05|2022-10-03|t|0|-|-|||t|0|f|f|15|15|2019-05-08 07:42:52.250068-05|2019-05-08 07:42:52.347578-05||t||1|0|f
20649|Capacitación Primeros Auxilios Febrero 2020|2020-02-15 10:00:00-06|2020-02-15 18:00:00-06|4|119|61|http://www.kincamp.com||2019-11-01|2022-10-03|t|0|oficina|-|||t|0|f|f|15|15|2020-02-14 15:00:00-06|2019-11-01 10:55:59-06||t||1|0|f
20353|Colegio Cuernavaca Noviembre 2017|2017-11-02 06:30:00-06|2017-11-05 18:00:00-06|32|137|52|http://www.kincamp.com/ccuernavaca|<p>El costo del campamento es de $5,100 pesos (Cinco mil cien pesos&nbsp;00/100MN).</p>\n\n<p>Las fechas de pago son las siguientes:&nbsp;</p>\n\n<p>&middot;&nbsp;&nbsp;&nbsp;&nbsp;&nbsp;&nbsp;&nbsp;<strong>1er pago $1700 / del 18 al 22 de septiembre&nbsp;</strong></p>\n\n<p>&middot;&nbsp;&nbsp;&nbsp;&nbsp;&nbsp;&nbsp;&nbsp;<strong>2do pago $1700 / 2 &nbsp;al 6 de Octubre 2017</strong></p>\n\n<p><strong>&middot; &nbsp; &nbsp; &nbsp;Finiquito $1700 / 16 &nbsp;al 25&nbsp;de Octubre 2017</strong></p>\n\n<p>Ponemos a tu disposici&oacute;n 2 formas de pago:</p>\n\n<p>*Dep&oacute;sito o transferencia a la cuenta:</p>\n\n<p>BBVA BANCOMER<br />\n&Aacute;NGELA PATRICIA &Aacute;VILA ROJAS<br />\nCta 0199909435 &nbsp;Clabe 012180001999094351</p>\n\n<p>Usa la referencia:&nbsp;{{referencia}}&nbsp;</p>\n\n<p>*Con tarjeta de cr&eacute;dito v&iacute;a PAYPAL en nuestro sistema de inscripci&oacute;n (Ojo, en pago con tarjeta aplica 5% de comisi&oacute;n).</p>\n\n<p><strong>IMPORTANTE:</strong></p>\n\n<p>**Mandar el comprobante de pago a pagos@kincamp.com indicando: nombre completo del participante, escuela y grado.</p>\n\n<p>**En caso de requerir factura se agregar&aacute; el IVA correspondiente y te pedimos nos contactes para indicarte la forma de realizar el pago**</p>|2017-08-31|2018-08-06|t|150000|el colegio|kincampccuernavaca|||t|5100|f|f|7|7|2019-05-08 07:42:52.250068-05|2019-05-08 07:42:52.347578-05||t||1|0|t
20342|Maguen David Octubre 2017|2017-10-30 07:00:00-06|2017-11-01 18:00:00-06|32|135|52|http://www.kincamp.com/chmd||2017-08-14|2017-12-21|t|150000|el colegio|kincampchmd|||t|3600|f|f|7|7|2019-05-08 07:42:52.250068-05|2019-05-08 07:42:52.347578-05||t||1|0|t
20526|Tomás Moro Maguey 3ro. primaria Marzo 2019|2019-03-28 07:00:00-06|2019-03-29 17:30:00-06|9|66|58|http://www.kincamp.com/tomasmoro|<p>La fecha l&iacute;mite de pago y registro es el 14 de Marzo 2019</p>\n\n<p>El costo del campamento es de $3,400 pesos y se realiza en el colegio.</p>|2018-11-12|2022-10-03|t|150000|el colegio|fogatatomasmoro319|||t|3400|f|f|15|15|2019-05-08 07:42:52.250068-05|2019-05-08 07:42:52.347578-05||t||1|0|f
20426|LFM Moliere 3ème Julio 2018|2018-07-01 08:00:00-05|2018-07-03 18:00:00-05|32|129|56|http://www.kincamp.com/moliere|<p>El costo del campamento es de $4,300 pesos (Cuatro mil trescientos pesos 00/100MN)</p>\n\n<p>Ponemos a tu disposici&oacute;n&nbsp;las siguientes formas de pago:</p>\n\n<p>*Dep&oacute;sito o transferencia a la cuenta:</p>\n\n<p>BBVA BANCOMER<br />\n&Aacute;NGELA PATRICIA &Aacute;VILA ROJAS<br />\nCta 0199909435 &nbsp;Clabe 012180001999094351</p>\n\n<p>*Con tarjeta de cr&eacute;dito v&iacute;a PAYPAL en nuestro sistema de inscripci&oacute;n (Ojo, en pago con tarjeta aplica 5% de comisi&oacute;n).</p>\n\n<p><strong>IMPORTANTE:</strong></p>\n\n<p>**Mandar el comprobante de pago a pagos@kincamp.com indicando: nombre completo del participante, escuela y grado.</p>\n\n<p>**En caso de requerir factura se agregar&aacute; el IVA correspondiente y te pedimos nos contactes para indicarte la forma de realizar el pago**</p>|2018-05-09|2022-10-03|t|150000|el colegio|kincampmoliere|||t|4300|t|f|7|7|2019-05-08 07:42:52.250068-05|2019-05-08 07:42:52.347578-05||t||1|0|f
20368|LFM - CM2 Fiesta de Fin de Ciclo 2018|2018-06-10 08:00:00-05|2018-06-10 18:00:00-05||43|55|http://www.kincamp.com/cm2||2017-10-26|2022-10-03|t|150000|el colegio|kincamplfm|||t|550|f|f|7|7|2019-05-08 07:42:52.250068-05|2019-05-08 07:42:52.347578-05||t||1|0|f
20369|Colegio Juvenal Rendón Mayo 2018|2018-05-28 07:00:00-05|2018-06-01 18:00:00-05|32|131|56|http://www.kincamp.com/cjr||2017-10-27|2022-10-03|t|150000|aeropuerto|kincampcjr|||t|6100|f|f|7|7|2019-05-08 07:42:52.250068-05|2019-05-08 07:42:52.347578-05||t||1|0|f
20370|Luis Vives Mayo 2018|2018-05-04 08:00:00-05|2018-05-06 18:00:00-05|48|119|55|||2017-10-30|2022-10-03|t|150000|el colegio|kincampluisvives|||t|3900|f|f|7|7|2019-05-08 07:42:52.250068-05|2019-05-08 07:42:52.347578-05||t||1|0|f
20364|Piaget 2do. Secundaria Abril 2018|2018-04-23 07:00:00-05|2018-04-27 18:00:00-05|45|123|55|http://www.kincamp.com/piaget||2017-10-16|2022-10-03|f|150000|el colegio|kincamppiaget|||f|6600|f|f|7|7|2019-05-08 07:42:52.250068-05|2019-05-08 07:42:52.347578-05||t||1|0|f
20413|Bosque Real Marzo 2018|2018-03-13 07:00:00-06|2018-03-16 18:00:00-06|48|53|55|http://www.kincamp.com/bosquereal|<p>El costo del campamento es de $5,600 pesos (Cinco mil seiscientos pesos 00/100MN).</p>\n\n<p><strong>* Fecha limite de pago: 2 de Marzo 2018</strong></p>\n\n<p>Ponemos a tu disposici&oacute;n 2 formas de pago:</p>\n\n<p>*Dep&oacute;sito o transferencia a la cuenta:</p>\n\n<p>BBVA BANCOMER<br />\n&Aacute;NGELA PATRICIA &Aacute;VILA ROJAS<br />\nCta 0199909435 &nbsp;Clabe 012180001999094351</p>\n\n<p>Referencia: {{referencia}}</p>\n\n<p>*Con tarjeta de cr&eacute;dito v&iacute;a PAYPAL en nuestro sistema de inscripci&oacute;n (Ojo, en pago con tarjeta aplica 5% de comisi&oacute;n).</p>\n\n<p><strong>IMPORTANTE:</strong></p>\n\n<p>**Mandar el comprobante de pago a pagos@kincamp.com indicando: nombre completo del participante, escuela y grado.</p>\n\n<p>**En caso de requerir factura se agregar&aacute; el IVA correspondiente y te pedimos nos contactes para indicarte la forma de realizar el pago**</p>|2018-02-06|2022-10-03|t|150000|el colegio|kincampbosquereal|||t|5600|t|f|15|15|2019-05-08 07:42:52.250068-05|2019-05-08 07:42:52.347578-05||t||1|0|f
20361|Marymount Senior Integration Camp Feb 2018|2018-02-02 07:00:00-06|2018-02-05 18:00:00-06|25|65|55|http://www.grupo-kin.com/marymount||2017-09-28|2022-10-03|t|150000|el colegio|kincampmarymount|||t|7100|t|t|15|7|2019-05-08 07:42:52.250068-05|2019-05-08 07:42:52.347578-05||t||1|0|f
20350|Greengates J5 - January 2018|2018-01-29 08:00:00-06|2018-02-01 17:00:00-06|25|22|55|http://www.kincamp.com/greengates||2017-08-25|2022-10-03|t|150000|at school|kincampgreengates|||t|6200|f|f|7|7|2019-05-08 07:42:52.250068-05|2019-05-08 07:42:52.347578-05||t||1|0|f
20372|Prueba|2019-09-10 15:32:29-05|2019-09-10 16:27:35-05||119|52|http://www.kincamp.com||2017-10-31|2022-10-03|t|1000|escuela|kincampcontraseña|||t|5000|t|t|7|7|2019-05-08 07:42:52-05|2019-05-08 07:42:52-05||t||1|0|f
20553|Tomás Moro Maguey 2do. Day Camp Marzo 2019|2019-03-20 07:00:00-06|2019-03-20 16:30:00-06|51|66|58|http://www.kincamp.com/tomasmoro||2019-02-05|2022-10-03|t|150000|el colegio|fogatatomasmoro219|||t|450|f|f|15|15|2019-05-08 07:42:52.250068-05|2019-05-08 07:42:52.347578-05||t||1|0|f
20510|Taller Anual de Campamentos Febrero 2019|2019-02-16 07:00:00-06|2019-02-16 18:00:00-06||119|58|||2018-10-30|2022-10-03|t|0|-|-|||t|0|f|f|15|15|2019-05-08 07:42:52.250068-05|2019-05-08 07:42:52.347578-05||t||1|0|f
20450|Greengates J5 Nov. 2018|2018-11-12 08:00:00-06|2018-11-15 17:00:00-06|25|22|57|http://www.kincamp.com/greengates|<p>The cost of the camp is $6,250 pesos</p>\n\n<p>Payments are made at school.</p>\n\n<p><strong>Payment and registration&nbsp;deadline: 0ctober 26 2018</strong></p>|2018-08-06|2022-10-03|t|150000|at school|fogatagreengatesj518|||t|6250|f|f|15|15|2019-05-08 07:42:52.250068-05|2019-05-08 07:42:52.347578-05||t||1|0|f
20381|Eton 6to. Mayo 2018|2018-05-21 06:30:00-05|2018-05-25 13:00:00-05|32|20|55|http://www.kincamp.com/eton|<p>El costo es de $7,600 pesos y se paga directamente en el colegio.</p>|2017-11-15|2022-10-03|t|150000|el colegio|kincampeton|||t|7600|f|f|7|7|2019-05-08 07:42:52.250068-05|2019-05-08 07:42:52.347578-05||t||1|0|f
20307|Colegio Eufrosina Junio 2017|2017-06-27 06:30:00-05|2017-06-29 18:00:00-05|2|126|53|http://www.kincamp.com/eufrosina||2017-03-23|2017-12-21|t|150000|el colegio|kincampeufrosina|||t|4100|f|f|7|7|2019-05-08 07:42:52.250068-05|2019-05-08 07:42:52.347578-05||t||1|0|t
20495|ASF 8th B|2018-10-22 05:50:00-05|2018-10-26 15:30:00-05|49|7|57|http://www.kincamp.com/asf||2018-10-19|2022-10-03|t|150000|el colegio|amigosasf818|||f|0|f|f|15|15|2019-05-08 07:42:52.250068-05|2019-05-08 07:42:52.347578-05||t||1|0|f
20494|ASF 8th A|2018-10-22 05:50:00-05|2018-10-26 15:30:00-05|49|7|57|http://www.kincamp.com/asf||2018-10-19|2022-10-03|t|0|el colegio|amigosasf818|||f|0|f|f|15|15|2019-05-08 07:42:52.250068-05|2019-05-08 07:42:52.347578-05||t||1|0|f
20496|ASF 8th C|2018-10-22 05:50:00-05|2018-10-26 15:30:00-05|49|7|57|http://www.kincamp.com/asf||2018-10-19|2022-10-03|t|150000|el colegio|amigosasf818|||f|0|f|f|15|15|2019-05-08 07:42:52.250068-05|2019-05-08 07:42:52.347578-05||t||1|0|f
20332|Churchill 3ro. sec. Mayo 2018|2018-05-20 07:00:00-05|2018-05-24 18:00:00-05|48|48|55|http://www.kincamp.com/tcs|<p>El costo del campamento es de $6,100 pesos (Seis mil cien pesos&nbsp;00/100MN).</p>\n\n<p><strong>La siguiente fecha de pago es el 30 de Abril 2018</strong></p>\n\n<p><strong>Fecha l&iacute;mite de pago: 11 de Mayo 2018</strong></p>\n\n<p>Ponemos a tu disposici&oacute;n 2 formas de pago:</p>\n\n<p>*Dep&oacute;sito o transferencia a la cuenta:</p>\n\n<p>BBVA BANCOMER<br />\n&Aacute;NGELA PATRICIA &Aacute;VILA ROJAS<br />\nCta 0199909435 &nbsp;Clabe 012180001999094351</p>\n\n<p>Usa la referencia:&nbsp;{{referencia}}&nbsp;</p>\n\n<p>*Con tarjeta de cr&eacute;dito v&iacute;a PAYPAL en nuestro sistema de inscripci&oacute;n (Ojo, en pago con tarjeta aplica 5% de comisi&oacute;n).</p>\n\n<p><strong>IMPORTANTE:</strong></p>\n\n<p>**Mandar el comprobante de pago a pagos@kincamp.com indicando: nombre completo del participante, escuela y grado.</p>\n\n<p>**En caso de requerir factura se agregar&aacute; el IVA correspondiente y te pedimos nos contactes para indicarte la forma de realizar el pago**</p>|2017-08-14|2022-10-03|t|150000|el colegio|kincamptcs|||t|6100|f|f|15|7|2019-05-08 07:42:52.250068-05|2019-05-08 07:42:52.347578-05||t||1|0|f
20407|Capacitación Protección Civil Mayo 2018|2018-05-19 10:00:00-05|2018-05-19 15:00:00-05||119|55|http://www.kincamp.com||2017-12-18|2022-10-03|t|0|-|-|||t|0|f|f|7|7|2019-05-08 07:42:52.250068-05|2019-05-08 07:42:52.347578-05||t||1|0|f
20375|Hellen Keller Mayo 2018|2018-05-11 07:00:00-05|2018-05-15 18:00:00-05|32|108|55|http://www.kincamp.com/hellenkeller|<p>El costo del campamento es de $6,200 pesos (Seis mil doscientos pesos 00/100MN).</p>\n\n<p>Las fechas de pago son:</p>\n\n<p><strong>&ndash; 30 noviembre:&nbsp;$1,100</strong></p>\n\n<p><strong>&ndash; 28 Diciembre:&nbsp;$1,000</strong></p>\n\n<p><strong>&ndash; 30 Enero:&nbsp;$1,000</strong></p>\n\n<p><strong>&ndash; 28 Febrero:&nbsp;$1,000</strong></p>\n\n<p><strong>&ndash; 2 Abril:&nbsp;$1,000</strong></p>\n\n<p><strong>&ndash; 30 Abril:&nbsp;$1,100</strong></p>\n\n<p>Ponemos a tu disposici&oacute;n 2 formas de pago:</p>\n\n<p>*Dep&oacute;sito o transferencia a la cuenta:</p>\n\n<p>BBVA BANCOMER<br />\n&Aacute;NGELA PATRICIA &Aacute;VILA ROJAS<br />\nCta 0199909435 &nbsp;Clabe 012180001999094351</p>\n\n<p>Usa la referencia: {{referencia}}</p>\n\n<p>*Con tarjeta de cr&eacute;dito v&iacute;a PAYPAL en nuestro sistema de inscripci&oacute;n (Ojo, en pago con tarjeta aplica 5% de comisi&oacute;n).</p>\n\n<p><strong>IMPORTANTE:</strong></p>\n\n<p>**Mandar el comprobante de pago a pagos@kincamp.com indicando: nombre completo del participante, escuela y grado.</p>\n\n<p>**En caso de requerir factura se agregar&aacute; el IVA correspondiente y te pedimos nos contactes para indicarte la forma de realizar el pago**</p>|2017-11-08|2022-10-03|t|150000|el colegio|kincamphellenkeller|||t|6200|t|t|15|7|2019-05-08 07:42:52.250068-05|2019-05-08 07:42:52.347578-05||t||1|0|f
20373|Tomás Moro 6to. Maguey Abril 2018|2018-04-24 06:30:00-05|2018-04-26 18:00:00-05|18|66|55|http://www.kincamp.com/tomasmoro||2017-10-31|2022-10-03|t|150000|el colegio|kincamptomasmoro|||t|4500|f|f|7|7|2019-05-08 07:42:52.250068-05|2019-05-08 07:42:52.347578-05||t||1|0|f
20406|Capacitación Aventura Abril 2018|2018-04-14 10:00:00-05|2018-04-14 15:00:00-05||119|55|http://www.kincamp.com||2017-12-18|2022-10-03|t|0|-|-|||t|0|f|f|7|7|2019-05-08 07:42:52.250068-05|2019-05-08 07:42:52.347578-05||t||1|0|f
20380|ATS 6to. Marzo 2018|2018-03-12 07:00:00-06|2018-03-16 18:00:00-06|32|118|55|http://www.kincamp.com/ats||2017-11-15|2022-10-03|t|150000|-|kincampats|||t|7250|f|f|7|7|2019-05-08 07:42:52.250068-05|2019-05-08 07:42:52.347578-05||t||1|0|f
20405|Capacitación Primeros Auxilios Marzo 2018|2018-03-03 10:00:00-06|2018-03-03 15:00:00-06|4|119|55|||2017-12-18|2022-10-03|t|0|-|-|||t|0|f|f|7|7|2019-05-08 07:42:52.250068-05|2019-05-08 07:42:52.347578-05||t||1|0|f
70|CAMP LONDON CUERNA 1 2 Y 3 PRIM OCTUBRE 2008|2008-10-24 01:00:00-05|2008-10-25 01:00:00-05|2|10|15|http://www.london.kincamp.com||2008-09-10|2018-02-02|t||.|.|||t|0|f|f|7|7|2019-05-08 07:42:52.250068-05|2019-05-08 07:42:52.347578-05||t||1|0|t
232|LONDON 6 PRIMARIA 2012|2012-05-20 01:00:00-05|2012-05-24 01:00:00-05|15|10|15|http://www.london.kincamp.com||2011-11-16|2018-02-02|t||.|.|||t|0|f|f|7|7|2019-05-08 07:42:52.250068-05|2019-05-08 07:42:52.347578-05||t||1|0|t
20344|Kobal Senior 2018|2018-07-15 07:00:00-05|2018-07-28 13:00:00-05|32|103|56|http://www.kobal.camp/sr|<p>Ponemos a tu disposici&oacute;n las siguientes formas de pago:</p>\n\n<p>* En efectivo o con cheque directamente en nuestras oficinas.</p>\n\n<p>*Dep&oacute;sito o transferencia a la cuenta:</p>\n\n<p>BBVA BANCOMER<br />\n&Aacute;NGELA PATRICIA &Aacute;VILA ROJAS<br />\nCta <a href="tel:0199909435">0199909435</a> &nbsp;Clabe 012180001999094351</p>\n\n<p>Usa la referencia: {{referencia}}</p>\n\n<p>*Con tarjeta de cr&eacute;dito v&iacute;a PAYPAL en nuestro sistema de inscripci&oacute;n (Ojo, en pago con tarjeta aplica 5% de comisi&oacute;n).</p>\n\n<p><strong>IMPORTANTE:</strong></p>\n\n<p>**Mandar el comprobante de pago a pagos@kincamp.com indicando: nombre completo del participante, escuela y grado.</p>\n\n<p>**En caso de requerir factura se agregar&aacute; el IVA correspondiente y te pedimos nos contactes para indicarte la forma de realizar el pago**</p>|2017-08-17|2022-10-03|t|150000|Parque México|fogatasenior18|||t|24500|f|f|15|10|2019-05-08 07:42:52.250068-05|2019-05-08 07:42:52.347578-05||t||1|0|f
20408|Capacitación Proactivo Junio 2018|2018-06-16 10:00:00-05|2018-06-16 15:00:00-05||119|56|http://www.kincamp.com||2017-12-18|2022-10-03|t|0|-|-|||t|0|f|f|7|7|2019-05-08 07:42:52.250068-05|2019-05-08 07:42:52.347578-05||t||1|0|f
20394|London Special English Junio 2018|2018-06-08 07:30:00-05|2018-06-09 16:00:00-05|2|10|56|http://www.kincamp.com/london||2017-11-16|2022-10-03|t|150000|el colegio|kincamplondon|||t|2500|f|f|7|7|2019-05-08 07:42:52.250068-05|2019-05-08 07:42:52.347578-05||t||1|0|f
20393|TML 6to. Junio 2018|2018-06-04 06:15:00-05|2018-06-06 18:00:00-05|5|128|56|http://www.kincamp.com/tml||2017-11-16|2022-10-03|t|150000|el colegio|kincamptml|||t|4700|f|f|7|7|2019-05-08 07:42:52.250068-05|2019-05-08 07:42:52.347578-05||t||1|0|f
20423|DayCamp Tomás Moro Maguey 2do. primaria Mayo 2018|2018-05-31 07:00:00-05|2018-05-31 18:00:00-05|12|119|55|http://www.kincamp.com||2018-04-11|2022-10-03|t|0|-|-|||t|400|f|f|15|15|2019-05-08 07:42:52.250068-05|2019-05-08 07:42:52.347578-05||t||1|0|f
20391|TML 4to. Mayo 2018|2018-05-16 07:00:00-05|2018-05-18 18:00:00-05|42|128|55|http://www.kincamp.com/tml||2017-11-16|2022-10-03|t|150000|el colegio|kincamptml|||t|4700|f|f|7|7|2019-05-08 07:42:52.250068-05|2019-05-08 07:42:52.347578-05||t||1|0|f
20390|CCM 4to. primaria Mayo 2018|2018-05-16 06:30:00-05|2018-05-18 18:00:00-05|32|50|55|http://www.kincamp.com/ccm||2017-11-16|2022-10-03|t|150000|el colegio|kincampccm|||t|4600|t|f|7|7|2019-05-08 07:42:52.250068-05|2019-05-08 07:42:52.347578-05||t||1|0|f
20388|London 6to. Abril 2018|2018-04-09 07:00:00-05|2018-04-13 14:00:00-05|32|10|55|http://www.kincamp.com/london||2017-11-16|2022-10-03|t|150000|el colegio|kincamplondon|||t|5300|f|f|7|7|2019-05-08 07:42:52.250068-05|2019-05-08 07:42:52.347578-05||t||1|0|f
20387|Tomás Moro Cuajimalpa 5to. Marzo 2018|2018-03-21 07:00:00-06|2018-03-22 18:00:00-06|32|66|55|http://www.kincamp.com/tomasmoro||2017-11-16|2022-10-03|t|150000|el colegio|kincamptomasmoro|||t|2950|f|f|7|7|2019-05-08 07:42:52.250068-05|2019-05-08 07:42:52.347578-05||t||1|0|f
20386|TML 2do. Reino Animal Marzo 2018|2018-03-14 07:00:00-06|2018-03-14 18:00:00-06||128|55|http://www.kincamp.com/tml||2017-11-16|2022-10-03|t|150000|el colegio|kincamptml|||t|800|f|f|7|7|2019-05-08 07:42:52.250068-05|2019-05-08 07:42:52.347578-05||t||1|0|f
20384|TML 1ro. Aviario El Nido Marzo 2018|2018-03-07 08:00:00-06|2018-03-07 17:00:00-06||128|55|http://www.kincamp.com/tml|<p>El costo de la visita es de $845 pesos y se realiza en la caja del colegio.</p>\n\n<p>La fecha l&iacute;mite de pago y registro es el d&iacute;a 10 de Enero del 2019</p>|2017-11-16|2022-10-03|t|150000|el colegio|kincamptml|||t|845|f|f|7|7|2019-05-08 07:42:52.250068-05|2019-05-08 07:42:52.347578-05||t||1|0|f
20383|Moliere Marzo 2018|2018-03-05 07:00:00-06|2018-03-08 18:00:00-06|32|129|55|http://www.kincamp.com/moliere||2017-11-16|2022-10-03|t|150000|el colegio|kincampmoliere|||t|0|f|f|7|7|2019-05-08 07:42:52.250068-05|2019-05-08 07:42:52.347578-05||t||1|0|f
20328|Instituto Regina Noviembre 2017|2017-11-29 06:30:00-06|2017-12-01 18:00:00-06|32|15|52|http://www.kincamp.com/regina|<p>El costo del campamento es de $3,800 pesos (Tres mil ochocientos pesos 00/100MN).</p>\n\n<p>Ponemos a tu disposici&oacute;n las siguientes formas de pago:</p>\n\n<p>* En efectivo o con cheque directamente en el colegio.</p>\n\n<p>*Dep&oacute;sito o transferencia a la cuenta:</p>\n\n<p>BBVA BANCOMER<br />\n&Aacute;NGELA PATRICIA &Aacute;VILA ROJAS<br />\nCta 0199909435 &nbsp;Clabe 012180001999094351</p>\n\n<p>Usa la referencia:&nbsp;{{referencia}}&nbsp;</p>\n\n<p>*Con tarjeta de cr&eacute;dito v&iacute;a PAYPAL en nuestro sistema de inscripci&oacute;n (Ojo, en pago con tarjeta aplica 5% de comisi&oacute;n).</p>\n\n<p><strong>IMPORTANTE:</strong></p>\n\n<p>**Mandar el comprobante de pago a pagos@kincamp.com indicando: nombre completo del participante, escuela y grado.</p>\n\n<p>**En caso de requerir factura se agregar&aacute; el IVA correspondiente y te pedimos nos contactes para indicarte la forma de realizar el pago**</p>|2017-08-14|2022-10-03|t|150000|el colegio|kincampregina|||t|3800|f|f|7|7|2019-05-08 07:42:52.250068-05|2019-05-08 07:42:52.347578-05||t||1|0|f
20329|ASF 7th grade October 2017|2017-10-09 07:30:00-05|2017-10-13 16:30:00-05|32|7|52|http://www.kincamp.com/asf||2017-08-14|2017-12-21|t|150000|at school|kincampasf|||f|7200|f|f|7|7|2019-05-08 07:42:52.250068-05|2019-05-08 07:42:52.347578-05||t||1|0|t
20262|Buena Tierra 6to. Julio 2017|2017-07-06 06:30:00-05|2017-07-09 18:00:00-05|25|109|53|http://www.kincamp.com/buenatierra|<p>El costo del campamento es de<strong>&nbsp;$4,500 pesos</strong>&nbsp;(Cuatro mil quinientos&nbsp;pesos 00/100MN).</p>\n\n<p>Ponemos a tu disposici&oacute;n las siguientes fechas de pago:</p>\n\n<p>&middot;&nbsp;&nbsp;&nbsp;&nbsp;&nbsp;&nbsp;&nbsp;<strong>1er pago $750 / 30 Octubre 2016</strong></p>\n\n<p>&middot;&nbsp;&nbsp;&nbsp;&nbsp;&nbsp;&nbsp;&nbsp;<strong>2do pago $750 / 30 de Noviembre 2016</strong></p>\n\n<p>&middot;&nbsp;&nbsp;&nbsp;&nbsp;&nbsp;&nbsp;&nbsp;<strong>3er pago $750&nbsp; / 30 Enero 2017</strong></p>\n\n<p>&middot;&nbsp;&nbsp;&nbsp;&nbsp;&nbsp;&nbsp;&nbsp;<strong>4to pago $750 / 1 Marzo 2017</strong></p>\n\n<p>&middot;&nbsp;&nbsp;&nbsp;&nbsp;&nbsp;&nbsp;&nbsp;<strong>5to pago $750 / 2 Mayo 2017</strong></p>\n\n<p>&middot;&nbsp;&nbsp;&nbsp;&nbsp;&nbsp;&nbsp;&nbsp;<strong>Finiquito $750 / 2 Junio 2017</strong></p>\n\n<p>Ponemos a tu disposici&oacute;n 2 formas de pago:</p>\n\n<p>*Dep&oacute;sito o transferencia a la cuenta:</p>\n\n<p><strong>BBVA BANCOMER</strong><br />\n<strong>ANGELA PATRICIA AVILA ROJAS</strong><br />\n<strong>Cta 0199909435&nbsp; Clabe&nbsp;012180001999094351</strong></p>\n\n<p>*Con tarjeta de cr&eacute;dito v&iacute;a PAYPAL en nuestro sistema de inscripci&oacute;n (Ojo, en pago con tarjeta aplica 5% de comisi&oacute;n).</p>\n\n<p>Te recordamos enviar tu comprobante de pago v&iacute;a mail a pagos@kincamp.com indicando nombre del acampador, grado escolar y nombre de la escuela.</p>\n\n<p><strong>**En caso de requerir factura se agregar&aacute; el IVA correspondiente y te pedimos nos contactes para indicarte la forma de realizar el pago**</strong></p>\n|2016-10-14|2017-12-21|t|150000|el colegio|kincampbuenatierra|||t|4500|f|f|7|7|2019-05-08 07:42:52.250068-05|2019-05-08 07:42:52.347578-05||t||1|0|t
20441|TCS 1ro. sec. Septiembre 2018|2018-09-23 06:00:00-05|2018-09-27 16:00:00-05|25|48|57|http://www.kincamp.com/tcs|<h4>Precios y Formas de Pago</h4>\n\n<p>El costo del campamento es de $6,400 pesos (Seis mil&nbsp;cuatrocientos pesos&nbsp;00/100MN).</p>\n\n<p><strong>La fecha l&iacute;mite de pago es el 14 de Septiembre 2018</strong></p>\n\n<p>Ponemos a tu disposici&oacute;n 2 formas de pago:</p>\n\n<p>*Dep&oacute;sito o transferencia a la cuenta:</p>\n\n<p>BBVA BANCOMER<br />\n&Aacute;NGELA PATRICIA &Aacute;VILA ROJAS<br />\nCta 0199909435 &nbsp;Clabe 012180001999094351</p>\n\n<p>*Con tarjeta de cr&eacute;dito v&iacute;a PAYPAL en nuestro sistema de inscripci&oacute;n (Ojo, en pago con tarjeta aplica 5% de comisi&oacute;n).</p>\n\n<p><strong>IMPORTANTE:</strong></p>\n\n<p>**Mandar el comprobante de pago a pagos@kincamp.com indicando: nombre completo del participante, escuela y grado.</p>\n\n<p>**En caso de requerir factura se agregar&aacute; el IVA correspondiente y te pedimos nos contactes para indicarte la forma de realizar el pago**</p>|2018-08-06|2022-10-03|t|150000|el colegio|fogatatcs118|||f|6400|t|f|15|15|2019-05-08 07:42:52.250068-05|2019-05-08 07:42:52.347578-05||t||1|0|f
20424|CCM 1ro. primaria Mayo 2018|2018-05-25 07:00:00-05|2018-05-25 18:00:00-05||119|55|http://www.kincamp.com||2018-04-16|2022-10-03|t|0|-|-|||t|22500|f|f|15|15|2019-05-08 07:42:52.250068-05|2019-05-08 07:42:52.347578-05||t||1|0|f
20389|TML 5to. Abril 2018|2018-04-18 07:00:00-05|2018-04-20 18:00:00-05|32|128|55|http://www.kincamp.com/tml||2017-11-16|2022-10-03|t|150000|el colegio|kincamptml|||t|4700|f|f|7|7|2019-05-08 07:42:52.250068-05|2019-05-08 07:42:52.347578-05||t||1|0|f
20385|Olinca Prepri Marzo 2018|2018-03-08 07:00:00-06|2018-03-10 18:00:00-06|32|5|55|http://www.kincamp.com/olinca||2017-11-16|2022-10-03|t|150000|el colegio|kincampolinca|||t|3850|f|f|7|7|2019-05-08 07:42:52.250068-05|2019-05-08 07:42:52.347578-05||t||1|0|f
20338|MDLC Noviembre 2017|2017-11-06 07:00:00-06|2017-11-10 18:00:00-06|48|75|52|http://www.kincamp.com/mdlc|<h4>El costo del campamento es de $6,700 pesos (Seis mil setecientos pesos 00/100MN).</h4>\n\n<p>1er Pago (apartado): 15 sept 2017 - $1,600</p>\n\n<p>2do Pago: 28 sept 2017 - $1,700</p>\n\n<p>3er Pago: 16 Oct 2017 - $1,700</p>\n\n<p>Finiquito: 30 Oct 2017- $1,700</p>\n\n<p><strong>Fecha l&iacute;mite de pago: 27 de Octubre 2017</strong></p>\n\n<p>Ponemos a tu disposici&oacute;n las siguientes formas de pago:</p>\n\n<p>* En efectivo o con cheque directamente en el colegio.</p>\n\n<p>*Dep&oacute;sito o transferencia a la cuenta:</p>\n\n<p>BBVA BANCOMER<br />\n&Aacute;NGELA PATRICIA &Aacute;VILA ROJAS<br />\nCta 0199909435 &nbsp;Clabe 012180001999094351</p>\n\n<p>Usa la referencia:&nbsp;{{referencia}}&nbsp;</p>\n\n<p>*Con tarjeta de cr&eacute;dito v&iacute;a PAYPAL en nuestro sistema de inscripci&oacute;n (Ojo, en pago con tarjeta aplica 5% de comisi&oacute;n).</p>\n\n<p><strong>IMPORTANTE:</strong></p>\n\n<p>**Mandar el comprobante de pago a pagos@kincamp.com indicando: nombre completo del participante, escuela y grado.</p>\n\n<p>**En caso de requerir factura se agregar&aacute; el IVA correspondiente y te pedimos nos contactes para indicarte la forma de realizar el pago**</p>|2017-08-14|2022-10-03|t|150000|el colegio|kincampmdlc|||t|6700|f|f|7|7|2019-05-08 07:42:52.250068-05|2019-05-08 07:42:52.347578-05||t||1|0|f
20271|Miraflores Cuernavaca Junio 2017|2017-06-30 06:30:00-05|2017-07-05 18:00:00-05|32|14|53|http://www.kincamp.com/miraflores|<p>El costo del campamento es de $6,950 pesos (Seis&nbsp;mil novecientos cincuenta pesos 00/100MN).</p>\n\n<p>La fecha l&iacute;mite de pago es el d&iacute;a viernes 2 de Junio del 2017. &nbsp;</p>\n\n<p><strong>FECHAS DE PAGO:</strong><br />\n<br />\n&middot; &nbsp; &nbsp; &nbsp; 1er pago $950 / 2 de diciembre 2016 (inscripci&oacute;n)<br />\n<br />\n&middot; &nbsp; &nbsp; &nbsp; 2do pago $1,500 / 31 de Enero 2017<br />\n<br />\n&middot; &nbsp; &nbsp; &nbsp; 3er pago $1,500 / 15 de Marzo 2017<br />\n<br />\n&middot; &nbsp; &nbsp; &nbsp; 4to pago $1,500 / 28 de Abril 2017<br />\n<br />\n&middot; &nbsp; &nbsp; &nbsp; Finiquito $1,500 / 2 Junio 2017</p>\n\n<p>Ponemos a tu disposici&oacute;n&nbsp;las siguientes formas de pago:</p>\n\n<p>*Dep&oacute;sito o transferencia a la cuenta:</p>\n\n<p>BBVA BANCOMER<br />\n&Aacute;NGELA PATRICIA &Aacute;VILA ROJAS<br />\nCta 0199909435 &nbsp;Clabe 012180001999094351</p>\n\n<p>*Con tarjeta de cr&eacute;dito v&iacute;a PAYPAL en nuestro sistema de inscripci&oacute;n (Ojo, en pago con tarjeta aplica 5% de comisi&oacute;n).</p>\n\n<p><strong>IMPORTANTE:</strong></p>\n\n<p>**Mandar el comprobante de pago a pagos@kincamp.com indicando: nombre completo del participante, escuela y grado.</p>\n\n<p>**En caso de requerir factura se agregar&aacute; el IVA correspondiente y te pedimos nos contactes para indicarte la forma de realizar el pago**</p>\n|2016-11-01|2017-12-21|t|150000|el colegio|kincampmiraflores|||t|6950|f|f|7|7|2019-05-08 07:42:52.250068-05|2019-05-08 07:42:52.347578-05||t||1|0|t
20297|Teifaros Junio 2017|2017-06-26 06:30:00-05|2017-06-29 18:00:00-05|32|111|53|http://www.kincamp.com/teifaros|<p>El precio del campamento es de $4,900 (cuatro mil novecientos pesos MN 00/100). Ponemos a tu disposici&oacute;n varias fechas de pago y 2 formas de pago. La fecha l&iacute;mite de pago es el d&iacute;a 2 de Junio del 2017.</p>\n\n<p><strong>1er pago $900 /15 de febrero 2017</strong></p>\n\n<p><strong>2do pago $1,000 /15 de Marzo 2017</strong></p>\n\n<p><strong>3er pago $1,000 / 28 de Abril 2017</strong></p>\n\n<p><strong>4to pago $1,000 / 15 de Mayo 2017</strong></p>\n\n<p><strong>Finiquito $1,000 / 15 de Junio 2017</strong></p>\n\n<p>Ponemos a tu disposici&oacute;n 2 formas de pago:</p>\n\n<p>*Dep&oacute;sito o transferencia a la cuenta:</p>\n\n<p>BBVA BANCOMER<br />\n&Aacute;NGELA PATRICIA &Aacute;VILA ROJAS<br />\nCta 0199909435 &nbsp;Clabe 012180001999094351</p>\n\n<p>*Con tarjeta de cr&eacute;dito v&iacute;a PAYPAL en nuestro sistema de inscripci&oacute;n (Ojo, en pago con tarjeta aplica 5% de comisi&oacute;n).</p>\n\n<p><strong>IMPORTANTE:</strong></p>\n\n<p>**Mandar el comprobante de pago a pagos@kincamp.com indicando: nombre completo del participante, escuela y grado.</p>\n\n<p>**En caso de requerir factura se agregar&aacute; el IVA correspondiente y te pedimos nos contactes para indicarte la forma de realizar el pago**</p>\n|2017-01-26|2017-12-21|t|150000|el Parque Frida Khalo|kincampteifaros|||t|4900|f|f|7|7|2019-05-08 07:42:52.250068-05|2019-05-08 07:42:52.347578-05||t||1|0|t
20243|CCM 1ro. Sec. Junio 2017|2017-06-21 06:30:00-05|2017-06-23 18:00:00-05|34|50|53|http://www.kincamp.com/ccm|<p>El costo del campamento es de $4,200 pesos (Cuatro mil doscientos pesos 00/100MN).</p>\n\n<p><strong>​Fechas de pago:​</strong></p>\n\n<p>&middot; &nbsp; &nbsp; &nbsp; 1er pago $1,400 / 3 de Abril de 2017 (<strong>inscripci&oacute;n)</strong></p>\n\n<p>&middot; &nbsp; &nbsp; &nbsp; 2do pago $1,400 / 2 de Mayo de 2017</p>\n\n<p>&middot; &nbsp; &nbsp; &nbsp; 3er pago $1,400 / &nbsp;2 de Junio de 2017</p>\n\n<p>&middot; &nbsp; &nbsp; &nbsp; Fecha l&iacute;mite de pago viernes 2 de Junio de 2017</p>\n\n<p><strong>Ponemos a tu disposici&oacute;n 2 formas de pago:</strong></p>\n\n<p>*Dep&oacute;sito o transferencia a la cuenta:</p>\n\n<p>BBVA BANCOMER<br />\n&Aacute;NGELA PATRICIA &Aacute;VILA ROJAS<br />\nCta 0199909435 &nbsp;Clabe 012180001999094351</p>\n\n<p>*Con tarjeta de cr&eacute;dito v&iacute;a PAYPAL en nuestro sistema de inscripci&oacute;n (Ojo, en pago con tarjeta aplica 5% de comisi&oacute;n).</p>\n\n<p><strong>IMPORTANTE:</strong></p>\n\n<p>**Mandar el comprobante de pago a pagos@kincamp.com indicando: nombre completo del participante, escuela y grado.</p>\n\n<p>**En caso de requerir factura se agregar&aacute; el IVA correspondiente y te pedimos nos contactes para indicarte la forma de realizar el pago**</p>\n|2016-09-07|2017-12-21|t|150000|el colegio|kincampccm|||t|4200|f|f|7|7|2019-05-08 07:42:52.250068-05|2019-05-08 07:42:52.347578-05||t||1|0|t
20229|Tomás Moro Lomas 6to. Junio 2017|2017-06-14 06:30:00-05|2017-06-16 18:00:00-05|5|128|53|http://www.kincamp.com/tml||2016-08-31|2017-12-21|t|150000|el colegio|kincamptml|||t|4400|f|f|7|7|2019-05-08 07:42:52.250068-05|2019-05-08 07:42:52.347578-05||t||1|0|t
20258|Tomás Moro Cuajimalpa 5to. Junio 2017|2017-06-05 07:30:00-05|2017-06-06 17:00:00-05|32|66|51|http://www.kincamp.com/tomasmoro||2016-10-05|2017-12-21|t|150000|el colegio|kincamptomasmoro|||t|3030|f|f|7|7|2019-05-08 07:42:52.250068-05|2019-05-08 07:42:52.347578-05||t||1|0|t
20549|Emmanuel Mounier Day Febrero 2019|2019-02-13 07:00:00-06|2019-02-13 18:00:00-06|51|21|58|http://www.kincamp.com/mounier|<p>El costo del evento es de $1,500 pesos (Mil quinientos pesos&nbsp;00/100MN).</p>\n\n<p>La fecha l&iacute;mite de pago y registro es el 6 de Febrero 2019</p>\n\n<p>Ponemos a tu disposici&oacute;n 3 formas de pago:</p>\n\n<p>*En efectivo o cheque al portador directamente en el colegio</p>\n\n<p>*Dep&oacute;sito o transferencia a la cuenta:</p>\n\n<p>BBVA BANCOMER<br />\n&Aacute;NGELA PATRICIA &Aacute;VILA ROJAS<br />\nCta 0199909435 &nbsp;Clabe 012180001999094351</p>\n\n<p>*Con tarjeta de cr&eacute;dito v&iacute;a PAYPAL en nuestro sistema de inscripci&oacute;n (Ojo, en pago con tarjeta aplica 5% de comisi&oacute;n).</p>\n\n<p><strong>IMPORTANTE:</strong></p>\n\n<p>**Mandar el comprobante de pago a pagos@kincamp.com indicando: nombre completo del participante, escuela y grado.</p>\n\n<p>**En caso de requerir factura se agregar&aacute; el IVA correspondiente y te pedimos nos contactes para indicarte la forma de realizar el pago**</p>|2019-01-22|2022-10-03|t|150000|el colegio|fogatamounier19|||f|1500|f|f|15|15|2019-05-08 07:42:52.250068-05|2019-05-08 07:42:52.347578-05||t||1|0|f
20500|ASF 7th A|2018-10-22 08:30:00-05|2018-10-26 13:30:00-05|32|7|57|||2018-10-22|2022-10-03|t|150000|at school|amigosasf718|||f|0|f|f|15|15|2019-05-08 07:42:52.250068-05|2019-05-08 07:42:52.347578-05||t||1|0|f
20446|Columbia Sec. Octubre 2018|2018-10-15 07:00:00-05|2018-10-17 18:00:00-05|32|105|57|http://www.kincamp.com/columbia|<h4>Precios y Formas de Pago</h4>\n\n<p>El costo del campamento es de $4,150 pesos (Cuatro mil ciento cincuenta pesos 00/100 M.N.)</p>\n\n<p><strong>La fecha l&iacute;mite de pago es el 1ro de Octubre 2018</strong></p>\n\n<p>Los pagos se realizan directamente en el colegio.</p>|2018-08-06|2022-10-03|t|150000|el colegio|fogatacolumbia18|||t|4150|f|f|15|15|2019-05-08 07:42:52.250068-05|2019-05-08 07:42:52.347578-05||t||1|0|f
260|CHURCHILL SCHOOL 2 SEC EN SEPT 2012|2012-09-25 01:00:00-05|2012-09-27 01:00:00-05|19|48|15|http://www.tcs.kincamp.com||2012-07-10|2018-08-29|t||.|.|||t|0|f|f|7|7|2019-05-08 07:42:52.250068-05|2019-05-08 07:42:52.347578-05||t||1|0|t
20473|Kobal Junior 2019|2019-07-07 07:00:00-05|2019-07-20 13:00:00-05|48|103|59|http://www.kobal.camp/jr|<p>Ponemos a tu disposici&oacute;n las siguientes formas de pago:</p>\n\n<p>* En efectivo o con cheque directamente en nuestras oficinas.</p>\n\n<p>*Dep&oacute;sito o transferencia a la cuenta:</p>\n\n<p>BBVA BANCOMER<br />\n&Aacute;NGELA PATRICIA &Aacute;VILA ROJAS<br />\nCta <a href="tel:0199909435">0199909435</a> &nbsp;Clabe 012180001999094351</p>\n\n<p>Usa la referencia: {{referencia}}</p>\n\n<p>*Con tarjeta de cr&eacute;dito v&iacute;a PAYPAL en nuestro sistema de inscripci&oacute;n (Ojo, en pago con tarjeta aplica 5% de comisi&oacute;n).</p>\n\n<p><strong>IMPORTANTE:</strong></p>\n\n<p>**Mandar el comprobante de pago a pagos@kincamp.com indicando: nombre completo del participante, escuela y grado.</p>\n\n<p>**En caso de requerir factura se agregar&aacute; el IVA correspondiente y te pedimos nos contactes para indicarte la forma de realizar el pago**</p>|2018-10-03|2022-10-03|t|150000|Parque México|bosquejunior19|||t|29500|f|f|15|15|2019-05-08 07:42:52-05|2019-05-08 07:42:52-05||t||1|0|f
20467|Vallarta Sec. Marzo 2019|2019-03-01 07:00:00-06|2019-03-03 18:00:00-06|48|51|58|http://www.kincamp.com/vallarta|<p>El costo del campamento es de $3,800 pesos (Tres mil&nbsp;ochocientos pesos&nbsp;00/100MN)</p>\n\n<p>1er pago / 15 Octubre 2018 (inscripci&oacute;n) &ndash; $ 600<br />\n2do pago / 15 Noviembre 2018 &ndash; $ 800<br />\n3er pago / 15 Diciembre 2018 &ndash; $ 800<br />\n4to pago / 15 Enero 2019 &ndash; $ 800<br />\n5to pago / 15 Febrero 2019 (Finiquito) &ndash; $ 800</p>\n\n<p><strong>La fecha l&iacute;mite de pago es el 15 de Febrero 2019</strong></p>\n\n<p>Ponemos a tu disposici&oacute;n 2 formas de pago:</p>\n\n<p>*Dep&oacute;sito o transferencia a la cuenta:</p>\n\n<p>BBVA BANCOMER<br />\n&Aacute;NGELA PATRICIA &Aacute;VILA ROJAS<br />\nCta 0199909435 &nbsp;Clabe 012180001999094351</p>\n\n<p>*Con tarjeta de cr&eacute;dito v&iacute;a PAYPAL en nuestro sistema de inscripci&oacute;n (Ojo, en pago con tarjeta aplica 5% de comisi&oacute;n).</p>\n\n<p><strong>IMPORTANTE:</strong></p>\n\n<p>**Mandar el comprobante de pago a pagos@kincamp.com indicando: nombre completo del participante, escuela y grado.</p>\n\n<p>**En caso de requerir factura se agregar&aacute; el IVA correspondiente y te pedimos nos contactes para indicarte la forma de realizar el pago**</p>|2018-10-01|2022-10-03|t|150000|el colegio|fogatavallarta319|||f|3800|f|f|15|15|2019-05-08 07:42:52.250068-05|2019-05-08 07:42:52.347578-05||t||1|0|f
20414|Goldenwoods Junio 2018|2018-06-08 07:30:00-05|2018-06-10 18:00:00-05|48|19|56|http://www.kincamp.com/goldenwoods|<p>El costo del campamento es de $3,900 pesos (Tres mil&nbsp;novecientos pesos&nbsp;00/100MN).</p>\n\n<p><strong>La fecha l&iacute;mite de inscripci&oacute;n es el 28 de febrero 2018.</strong></p>\n\n<p><strong>La fecha l&iacute;mite de pago es el 18 de Mayo 2018</strong></p>\n\n<p><strong>Fechas de pago:</strong></p>\n\n<p>2 de Marzo 1er pago &ndash; $900 (Inscripci&oacute;n)</p>\n\n<p>2 de Abril 2do pago &ndash; $1,000</p>\n\n<p>30 de Abril 3er pago &ndash; $1,000</p>\n\n<p>18 de Mayo 4to pago &ndash; $1,000 (finiquito)</p>\n\n<p>Ponemos a tu disposici&oacute;n 2 formas de pago:</p>\n\n<p><strong>*Dep&oacute;sito o transferencia a la cuenta:</strong></p>\n\n<p>BBVA BANCOMER<br />\n&Aacute;NGELA PATRICIA &Aacute;VILA ROJAS<br />\nCta 0199909435 &nbsp;Clabe 012180001999094351</p>\n\n<p>*Con tarjeta de cr&eacute;dito v&iacute;a PAYPAL en nuestro sistema de inscripci&oacute;n (Ojo, en pago con tarjeta aplica 5% de comisi&oacute;n).</p>\n\n<p><strong>IMPORTANTE:</strong></p>\n\n<p>**Mandar el comprobante de pago a pagos@kincamp.com indicando: nombre completo del participante, escuela y grado.</p>\n\n<p>**En caso de requerir factura se agregar&aacute; el IVA correspondiente y te pedimos nos contactes para indicarte la forma de realizar el pago**</p>|2018-02-06|2022-10-03|t|150000|el colegio|kincampgoldenwoods|||t|3900|f|f|15|15|2019-05-08 07:42:52.250068-05|2019-05-08 07:42:52.347578-05||t||1|0|f
20379|Colegio Cuernavaca 6to. Enero 2018|2018-01-25 06:30:00-06|2018-01-28 18:00:00-06|32|137|55|http://www.kincamp.com/ccuernavaca|<p>El costo del campamento es de $5,100 pesos (Cinco mil cien pesos&nbsp;00/100MN).</p>\n\n<p>Las fechas de pago son las siguientes:</p>\n\n<p><strong>1er pago $1,000/del 13 al 17 de Noviembre 2017 (Reservaci&oacute;n)</strong></p>\n\n<p><strong>2do pago $1,000/del 27 de Noviembre al 1 de Diciembre 2017</strong></p>\n\n<p><strong>3er pago $1,000/ del 15 al 22 de Diciembre &nbsp;de 2017</strong></p>\n\n<p>&nbsp;<strong>4to pago $1,000/ del 2 al 5 de Enero de 2018</strong></p>\n\n<p><strong>5to pago&nbsp; $1,100/ del 15 &nbsp;al 19 de Enero 2018 (Finiquito)</strong></p>\n\n<hr />\n<p>Ponemos a tu disposici&oacute;n 2 formas de pago:</p>\n\n<p>*Dep&oacute;sito o transferencia a la cuenta:</p>\n\n<p>BBVA BANCOMER<br />\n&Aacute;NGELA PATRICIA &Aacute;VILA ROJAS<br />\nCta 0199909435 &nbsp;Clabe 012180001999094351</p>\n\n<p>Usa la referencia: {{referencia}}</p>\n\n<p>*Con tarjeta de cr&eacute;dito v&iacute;a PAYPAL en nuestro sistema de inscripci&oacute;n (Ojo, en pago con tarjeta aplica 5% de comisi&oacute;n).</p>\n\n<p><strong>IMPORTANTE:</strong></p>\n\n<p>**Mandar el comprobante de pago a pagos@kincamp.com indicando: nombre completo del participante, escuela y grado.</p>\n\n<p>**En caso de requerir factura se agregar&aacute; el IVA correspondiente y te pedimos nos contactes para indicarte la forma de realizar el pago**</p>|2017-11-13|2022-10-03|t|150000|el colegio|kincampccuernavaca|||t|5100|t|f|15|7|2019-05-08 07:42:52.250068-05|2019-05-08 07:42:52.347578-05||t||1|0|f
20565|Social - LUCHAS|2019-04-27 18:30:00-05|2019-04-27 22:00:00-05||119|58|||2019-04-15|2022-10-03|t|0|arena méxico|no hay|||t|50|f|f|15|15|2019-05-08 07:42:52.250068-05|2019-05-08 07:42:52.347578-05||t||1|0|f
20525|TML 4to. Marzo 2019|2019-03-27 06:30:00-06|2019-03-29 18:00:00-06|42|128|58|http://www.kincamp.com/tml|<p>La fecha l&iacute;mite de pago y registro es el 13 de Marzo 2019.</p>\n\n<p>El costo&nbsp;del campamento es de $4,900 pesos y se realiza en el colegio.</p>|2018-11-12|2022-10-03|t|150000|el colegio|fogatatml419|||t|4900|f|f|15|15|2019-05-08 07:42:52.250068-05|2019-05-08 07:42:52.347578-05||t||1|0|f
20521|Tomás Moro Maguey 5to. Marzo 2019|2019-03-06 07:00:00-06|2019-03-07 18:00:00-06|32|66|58|http://www.kincamp.com/tomasmoro|<p>La fecha&nbsp;l&iacute;mite de pago&nbsp;y registro es el d&iacute;a 20 de Febrero 2019.</p>\n\n<p>El costo&nbsp;es de $3,400 pesos y los pagos se realizan en el colegio.</p>|2018-11-12|2022-10-03|t|150000|el colegio|fogatatomasmoro519|||f|3400|f|f|15|15|2019-05-08 07:42:52.250068-05|2019-05-08 07:42:52.347578-05||t||1|0|f
20491|Luis Vives Marzo 2019|2019-03-01 07:00:00-06|2019-03-03 18:00:00-06|25|28|58|http://www.kincamp.com/luisvives|<p>La fecha l&iacute;mite de pago y registro es el 15 de Febrero 2019</p>\n\n<p>El costo del campamento es de $4,500 pesos y se realiza en el colegio.</p>|2018-10-17|2022-10-03|t|150000|el colegio|fogataluisvives19|||f|4500|f|f|15|15|2019-05-08 07:42:52.250068-05|2019-05-08 07:42:52.347578-05||t||1|0|f
20540|Alqimia 9.0|2018-11-30 06:00:00-06|2018-12-02 18:00:00-06||119|57|||2018-11-21|2022-10-03|t|0|oficina kincampera|no hay|||f|0|f|f|15|15|2019-05-08 07:42:52.250068-05|2019-05-08 07:42:52.347578-05||t||1|0|f
20416|Maguen David Octubre 2018|2018-10-30 07:00:00-06|2018-11-01 18:00:00-06|32|135|57|http://www.kincamp.com|<p>El costo del campamento es de $3,800 pesos (Tres mil ochocientos pesos 00/100 M.N.)</p>\n\n<p>El pago se realiza en el colegio.</p>\n\n<p>La fecha l&iacute;mite de pago es el 16 de Octubre 2018.</p>|2018-02-07|2022-10-03|t|150000|el colegio|-|||t|3800|f|f|15|15|2019-05-08 07:42:52.250068-05|2019-05-08 07:42:52.347578-05||t||1|0|f
20489|ASF 4th C|2018-10-08 17:55:24-05|2018-10-12 17:55:24-05|9|7|57|||2018-10-05|2022-10-03|t|0|colegio|fogataasf418|||f|0|f|f|15|15|2019-05-08 07:42:52.250068-05|2019-05-08 07:42:52.347578-05||t||1|0|f
20457|Capacitación kines|2018-09-08 06:00:00-05|2018-09-09 20:00:00-05|48|119|57|||2018-09-05|2022-10-03|t|0|parque méxico|no hay|||t|0|f|f|15|15|2019-05-08 07:42:52.250068-05|2019-05-08 07:42:52.347578-05||t||1|0|f
20430|CIDE: Semana 1 (Del 2 al 6 de Julio 2018)|2018-07-02 07:00:00-05|2018-07-06 18:00:00-05||133|56|http://www.kincamp.com/cide||2018-05-30|2022-10-03|t|0|-|kincampcide|||t|0|f|f|15|15|2019-05-08 07:42:52.250068-05|2019-05-08 07:42:52.347578-05||t||1|0|f
20415|Cimat Mayo 2018|2018-05-25 06:30:00-05|2018-05-27 17:00:00-05|48|76|55|http://www.kincamp.com/cimat||2018-02-07|2022-10-03|t|150000|el colegio|kincampcimat|||t|3800|f|f|15|15|2019-05-08 07:42:52.250068-05|2019-05-08 07:42:52.347578-05||t||1|0|f
20367|Teifaros Abril 2018|2018-04-28 08:00:00-05|2018-05-01 16:00:00-05|32|111|55|http://www.kincamp.com/teifaros|<p>El precio del campamento es de $5,100 (Cinco mil&nbsp;cien pesos MN 00/100).</p>\n\n<p>Ponemos a tu disposici&oacute;n&nbsp;las siguientes fechas de pago:</p>\n\n<p>La fecha l&iacute;mite de pago y registro es el d&iacute;a 13 de Abril 2018</p>\n\n<p><strong>1er pago (apartado) 15 de Noviembre $1000</strong></p>\n\n<p><strong>2do pago 15 de Diciembre $1000</strong></p>\n\n<p><strong>3er pago 15 de Enero $1000</strong></p>\n\n<p><strong>4to pago&nbsp; 15 de Febrero $1000</strong></p>\n\n<p><strong>Finiquito 15 de Marzo&nbsp; $1,100</strong></p>\n\n<p>Ponemos a tu disposici&oacute;n 2 formas de pago:</p>\n\n<p>*Dep&oacute;sito o transferencia a la cuenta:</p>\n\n<p>BBVA BANCOMER<br />\n&Aacute;NGELA PATRICIA &Aacute;VILA ROJAS<br />\nCta 0199909435 &nbsp;Clabe 012180001999094351</p>\n\n<p>Utiliza la referencia: {{referencia}}</p>\n\n<p>*Con tarjeta de cr&eacute;dito v&iacute;a PAYPAL en nuestro sistema de inscripci&oacute;n (Ojo, en pago con tarjeta aplica 5% de comisi&oacute;n).</p>\n\n<p><strong>IMPORTANTE:</strong></p>\n\n<p>**Mandar el comprobante de pago a pagos@kincamp.com indicando: nombre completo del participante, escuela y grado.</p>\n\n<p>**En caso de requerir factura se agregar&aacute; el IVA correspondiente y te pedimos nos contactes para indicarte la forma de realizar el pago**</p>|2017-10-20|2022-10-03|t|150000|el colegio|kincampteifaros|||t|5100|t|f|7|7|2019-05-08 07:42:52.250068-05|2019-05-08 07:42:52.347578-05||t||1|0|f
20469|Capacitación Leyendas Octubre 2018|2018-10-20 10:00:00-05|2018-10-20 18:00:00-05|4|119|57|||2018-10-03|2022-10-03|t|0|oficina kincampera|no hay|||t|0|f|f|15|15|2019-05-08 07:42:52.250068-05|2019-05-08 07:42:52.347578-05||t||1|0|f
20515|Piaget 4to. primaria Feb. 2019|2019-02-19 06:30:00-06|2019-02-22 15:00:00-06|9|123|58|http://www.kincamp.com/piaget|<p><strong>La fecha&nbsp;l&iacute;mite de pago y registro es el Viernes 8 de Febrero 2019</strong></p>\n\n<p>El costo del campamento es de $5,850 pesos y se realiza en las cajas del colegio.</p>|2018-11-12|2022-10-03|t|150000|el colegio|fogatapiaget419|||t|5850|f|f|15|15|2019-05-08 07:42:52.250068-05|2019-05-08 07:42:52.347578-05||t||1|0|f
20360|Humanitree 3ro. y 4to. Feb. 2018|2018-02-19 07:00:00-06|2018-02-22 18:00:00-06|32|138|55|http://www.kincamp.com/humanitree|<p>El costo del campamento es de $6,000 pesos (Seis mil pesos 00/100MN).</p>\n\n<p>Ponemos a tu disposici&oacute;n las siguientes formas de pago:</p>\n\n<p>*Dep&oacute;sito o transferencia a la cuenta:</p>\n\n<p>BBVA BANCOMER<br />\n&Aacute;NGELA PATRICIA &Aacute;VILA ROJAS<br />\nCta 0199909435 &nbsp;Clabe 012180001999094351</p>\n\n<p>Usa la referencia: {{referencia}}</p>\n\n<p>*Con tarjeta de cr&eacute;dito v&iacute;a PAYPAL en nuestro sistema de inscripci&oacute;n (Ojo, en pago con tarjeta aplica 5% de comisi&oacute;n).</p>\n\n<p><strong>IMPORTANTE:</strong></p>\n\n<p>**Mandar el comprobante de pago a pagos@kincamp.com indicando: nombre completo del participante, escuela y grado.</p>\n\n<p>**En caso de requerir factura se agregar&aacute; el IVA correspondiente y te pedimos nos contactes para indicarte la forma de realizar el pago**</p>|2017-09-18|2022-10-03|t|150000|el colegio|kincamphumanitree|||t|6000|t|f|15|7|2019-05-08 07:42:52.250068-05|2019-05-08 07:42:52.347578-05||t||1|0|f
20620|TCS 6to. primaria Junio 2020 - Cancelado COVID|2020-06-22 07:00:00-05|2020-06-25 18:00:00-05|45|48|63|http://www.kincamp.com/tcs||2019-09-23|2022-10-03|f|150000|el colegio|bosquetcs620|||f|0|f|f|15|15|2020-06-12 10:00:00-05|2019-09-23 13:51:00-05||t||1|0|f
20456|North Williams Febrero 2019|2019-02-22 07:00:00-06|2019-02-24 18:00:00-06|48|136|58|http://www.kincamp.com/inw|<p>El costo del campamento es de $4,500 pesos.</p>\n\n<p>La fecha l&iacute;mite de registro y pago es el 8 de Febrero 2019.</p>|2018-09-04|2022-10-03|t|150000|el colegio|fogatainw19|||f|4500|f|f|15|15|2019-05-08 07:42:52.250068-05|2019-05-08 07:42:52.347578-05||t||1|0|f
20461|Capacitación Inclusión Diciembre 2018|2018-12-01 10:00:00-06|2018-12-02 15:00:00-06|4|119|57|||2018-09-14|2022-10-03|t|0|oficina kincampera|no hay|||t|0|f|f|15|15|2019-05-08 07:42:52.250068-05|2019-05-08 07:42:52.347578-05||t||1|0|f
20459|Piaget 2do. Sec. Noviembre 2018|2018-11-26 06:30:00-06|2018-11-30 18:00:00-06|32|123|57|http://www.kincamp.com/piaget|<p>El costo&nbsp;del campamento es de $7,250 pesos (Siete mil doscientos cincuenta pesos 00/100 M.N.)</p>\n\n<p>Las fechas de pago son las siguientes:</p>\n\n<p>12 de Octubre 2019 &ndash; $3,625 pesos</p>\n\n<p>9 de Noviembre 2018 &ndash; $3,625 pesos</p>\n\n<p><strong>La fecha l&iacute;mite de pago y registro es el Viernes 9 de Noviembre 2018</strong></p>\n\n<p>Los pagos se realizan en el colegio.</p>|2018-09-11|2022-10-03|t|150000|el colegio|fogatapiaget218|||f|7250|f|f|15|15|2019-05-08 07:42:52.250068-05|2019-05-08 07:42:52.347578-05||t||1|0|f
20458|Peterson Prepa Septiembre 2018|2018-09-21 06:00:00-05|2018-09-23 14:00:00-05|48|73|57|http://www.kincamp.com/peterson|<p>El costo del campamento es de $3,900 pesos.</p>\n\n<p>La fecha l&iacute;mite de pago y registro es el Martes 18 de septiembre 2018.</p>\n\n<p>Los pagos&nbsp;se realizan en el colegio.&nbsp;</p>|2018-09-10|2022-10-03|t|150000|el colegio|fogatapeterson18|||f|3900|f|f|15|15|2019-05-08 07:42:52.250068-05|2019-05-08 07:42:52.347578-05||t||1|0|f
20432|CIDE: Semana 3 (del 6 al 10 de Agosto 2018)|2018-08-06 07:00:00-05|2018-08-10 18:00:00-05||133|56|http://www.kincamp.com/cide||2018-05-30|2022-10-03|t|0|-|kincampcide|||t|0|f|f|15|15|2019-05-08 07:42:52.250068-05|2019-05-08 07:42:52.347578-05||t||1|0|f
20431|CIDE: Semana 2 (Del 9 al 13 de Julio 2018)|2018-07-09 07:00:00-05|2018-07-13 18:00:00-05||133|56|http://www.kincamp.com/cide||2018-05-30|2022-10-03|t|0|-|kincampcide|||t|0|f|f|15|15|2019-05-08 07:42:52.250068-05|2019-05-08 07:42:52.347578-05||t||1|0|f
20418|Eufrosina Primaria Junio 2018|2018-06-09 07:00:00-05|2018-06-11 18:00:00-05|32|126|56|http://www.kincamp.com/eufrosina|<p>El costo del campamento es de $4,750 pesos (Cuatro mil seiscientos cincuenta pesos&nbsp;00/100MN) y se realiza en la caja del colegio.</p>\n\n<p><strong>La fecha l&iacute;mite de pago es el d&iacute;a 17 de Mayo 2018</strong></p>\n\n<p>Se puede ir abonando poco a poco hasta liquidarlo.</p>|2018-02-12|2022-10-03|t|150000|el colegio|kincampeufrosina|||t|4750|f|f|15|15|2019-05-08 07:42:52.250068-05|2019-05-08 07:42:52.347578-05||t||1|0|f
20425|Alpinia-Apoyo|2018-06-07 07:00:00-05|2018-06-08 12:00:00-05|48|119|56|http://www.kincamp.com||2018-05-02|2022-10-03|t|0|-|-|||t|0|f|f|15|15|2019-05-08 07:42:52.250068-05|2019-05-08 07:42:52.347578-05||t||1|0|f
20409|Vallarta Junio 2018|2018-06-01 07:30:00-05|2018-06-03 18:00:00-05|44|51|55|http://www.kincamp.com/vallarta|<p>El costo del campamento es de $3,500 pesos (Tres mil quinientos pesos 00/100MN)</p>\n\n<p>Las fechas de pago son las siguientes:&nbsp;</p>\n\n<p>Pago 1 (Apartado): 15 de Febrero - $850 pesos</p>\n\n<p>Pago 2: 15 de Abril - $900 pesos</p>\n\n<p>Pago 3: 15 de Marzo - $850 pesos</p>\n\n<p>Pago 4&nbsp; (Finiquito): 15 de Mayo - $900 pesos</p>\n\n<p>Ponemos a tu disposici&oacute;n las siguientes formas de pago:</p>\n\n<p>*Dep&oacute;sito o transferencia a la cuenta:</p>\n\n<p>BBVA BANCOMER<br />\n&Aacute;NGELA PATRICIA &Aacute;VILA ROJAS<br />\nCta 0199909435 &nbsp;Clabe 012180001999094351</p>\n\n<p>Usa la referencia: {{referencia}}</p>\n\n<p>*Con tarjeta de cr&eacute;dito v&iacute;a PAYPAL en nuestro sistema de inscripci&oacute;n (Ojo, en pago con tarjeta aplica 5% de comisi&oacute;n).</p>\n\n<p><strong>IMPORTANTE:</strong></p>\n\n<p>**Mandar el comprobante de pago a pagos@kincamp.com indicando: nombre completo del participante, escuela y grado.</p>\n\n<p>**En caso de requerir factura se agregar&aacute; el IVA correspondiente y te pedimos nos contactes para indicarte la forma de realizar el pago**</p>|2018-01-08|2022-10-03|t|150000|el colegio|kincampvallarta|||t|3500|t|t|15|15|2019-05-08 07:42:52.250068-05|2019-05-08 07:42:52.347578-05||t||1|0|f
20420|Kin Corp: Byrne Electrical Marzo 2018|2018-03-10 08:30:00-06|2018-03-10 16:30:00-06||119|55|||2018-02-27|2022-10-03|t|0|Toks Santa Fé|-|||t|0|f|f|15|15|2019-05-08 07:42:52.250068-05|2019-05-08 07:42:52.347578-05||t||1|0|f
20417|Capacitación Febrero 2018|2018-02-10 07:00:00-06|2018-02-11 18:00:00-06|32|119|55|http://www.kincamp.com||2018-02-09|2022-10-03|t|150000|-|-|||t|0|f|f|15|15|2019-05-08 07:42:52.250068-05|2019-05-08 07:42:52.347578-05||t||1|0|f
20564|London Día del Niño Abril 2019|2019-04-30 07:30:00-05|2019-04-30 18:00:00-05||10|58|http://www.kincamp.com||2019-03-26|2022-10-03|t|0|el colegio|-|||t|0|f|f|15|15|2019-05-08 07:42:52.250068-05|2019-05-08 07:42:52.347578-05||t||1|0|f
20523|TML 2do. Reino Animal Marzo 2019|2019-03-13 07:30:00-06|2019-03-13 17:00:00-06||128|58|http://www.kincamp.com/tml|<p>La fecha l&iacute;mite de pago y registro es el 27 de Febrero 2019</p>\n\n<p>El costo de la salida escolar es de $900 pesos y se realiza en el colegio.</p>|2018-11-12|2022-10-03|t|150000|el colegio|fogatatml219|||t|900|f|f|15|15|2019-05-08 07:42:52.250068-05|2019-05-08 07:42:52.347578-05||t||1|0|f
20465|Greengates J4 Feb. 2019|2019-02-11 08:00:00-06|2019-02-14 17:00:00-06|32|22|58|http://www.kincamp.com/greengates|<p><strong>Payment and registration&nbsp;deadline: February 1st, 2019</strong></p>\n\n<p>The cost of the camp is $6,650 pesos. Payments are made at school.</p>|2018-09-27|2022-10-03|t|150000|el colegio|fogatagreengatesj419|||t|6650|f|f|15|15|2019-05-08 07:42:52.250068-05|2019-05-08 07:42:52.347578-05||t||1|0|f
20464|London 6to. Primaria Feb. 2019|2019-02-04 06:45:00-06|2019-02-08 18:00:00-06|32|10|58|http://www.kincamp.com/london|<p>La fecha l&iacute;mite de pago&nbsp;y registro es el 21 de Enero 2019.</p>|2018-09-27|2022-10-03|t|150000|el colegio|fogatalondon619|||f|6600|f|f|15|15|2019-05-08 07:42:52.250068-05|2019-05-08 07:42:52.347578-05||t||1|0|f
20508|Capacitación Kines Nuevos 2019|2019-01-26 07:00:00-06|2019-01-27 20:00:00-06|48|103|58|http://kincamp.com/capakin||2018-10-30|2022-10-03|t|150000|Parque México|-|||f|1000|t|f|15|15|2019-05-08 07:42:52.250068-05|2019-05-08 07:42:52.347578-05||t||1|0|f
20462|TML 1ro. El Nido Enero 2019|2019-01-24 07:00:00-06|2019-01-24 17:00:00-06||128|58|http://www.kincamp.com/tml||2018-09-27|2022-10-03|t|150000|el colegio|fogatatml118|||t|845|f|f|15|15|2019-05-08 07:42:52.250068-05|2019-05-08 07:42:52.347578-05||t||1|0|f
20506|1er Reclutamiento Masivo Enero 2019|2019-01-05 07:00:00-06|2019-01-05 18:00:00-06||119|58|||2018-10-30|2022-10-03|t|0|Parque Tamayo|-|||t|0|f|f|15|15|2019-05-08 07:42:52.250068-05|2019-05-08 07:42:52.347578-05||t||1|0|f
20445|Piaget 1ro. Sec. Octubre 2018|2018-10-08 06:30:00-05|2018-10-12 18:00:00-05|48|123|57|http://www.kincamp.com/piaget|<p>El costo del campamento&nbsp;es de $7,250 pesos</p>\n\n<p>El pago se realiza en la caja del colegio.</p>\n\n<p><strong>Las fechas de pago son las siguientes:&nbsp;</strong></p>\n\n<p>Primer pago (apartado): 14 de Septiembre</p>\n\n<p>Fecha l&iacute;mite de registro y pago: 28 de Septiembre</p>|2018-08-06|2022-10-03|t|150000|el colegio|fogatapiaget118|||f|7250|f|f|15|15|2019-05-08 07:42:52.250068-05|2019-05-08 07:42:52.347578-05||t||1|0|f
20433|CIDE: Semana 4 (del 13 al 17 de Agosto 2018)|2018-08-13 07:00:00-05|2018-08-17 18:00:00-05||133|56|http://www.kincamp.com/cide||2018-05-30|2022-10-03|t|0|-|kincampcide|||t|0|f|f|15|15|2019-05-08 07:42:52.250068-05|2019-05-08 07:42:52.347578-05||t||1|0|f
20376|Colegio México Tehuacán Junio 2018|2018-06-22 06:00:00-05|2018-06-24 18:00:00-05|32|77|56|http://kincamp.com/colemexico|<h4>Precios y Formas de Pago</h4>\n\n<p>El costo del campamento es de $3,900 pesos (Tres mil&nbsp;novecientos pesos&nbsp;00/100MN).</p>\n\n<p>Ponemos a su disposici&oacute;n 5 fechas de pago:</p>\n\n<p>1er pago $500 &nbsp;/ 8 de Noviembre 2017 (Apartado)</p>\n\n<p>2do pago $850 / 15 de Diciembre 2017</p>\n\n<p>3er pago $850 / 15 de Enero 2018</p>\n\n<p>4to pago $850 / 15 de Febrero 2018</p>\n\n<p><strong>5to pago $850 / 16 de Marzo 2018 (finiquito)</strong></p>\n\n<p>Ponemos a tu disposici&oacute;n 2 formas de pago:</p>\n\n<p>*Dep&oacute;sito o transferencia a la cuenta:</p>\n\n<p>BBVA BANCOMER<br />\n&Aacute;NGELA PATRICIA &Aacute;VILA ROJAS<br />\nCta <a href="tel:0199909435">0199909435</a> &nbsp;Clabe 012180001999094351</p>\n\n<p>Usa la referencia: {{referencia}}</p>\n\n<p>*Con tarjeta de cr&eacute;dito v&iacute;a PAYPAL en nuestro sistema de inscripci&oacute;n (Ojo, en pago con tarjeta aplica 5% de comisi&oacute;n).</p>\n\n<p><strong>IMPORTANTE:</strong></p>\n\n<p>**Mandar el comprobante de pago a pagos@kincamp.com indicando: nombre completo del participante, escuela y grado.</p>\n\n<p>**En caso de requerir factura se agregar&aacute; el IVA correspondiente y te pedimos nos contactes para indicarte la forma de realizar el pago**</p>|2017-11-08|2022-10-03|t|150000|el colegio|kincampcolemexico|||f|3900|f|f|15|7|2019-05-08 07:42:52.250068-05|2019-05-08 07:42:52.347578-05||t||1|0|f
20410|Formus MTY Junio 2018|2018-06-20 09:00:00-05|2018-06-22 17:30:00-05|29|17|56|http://www.kincamp.com/formus||2018-01-11|2022-10-03|t|150000|Hotel Bahía Escondida|kincampformus|||t|1400|f|f|15|15|2019-05-08 07:42:52.250068-05|2019-05-08 07:42:52.347578-05||t||1|0|f
20626|Luis Vives Febrero 2020|2020-02-01 06:30:00-06|2020-02-03 18:00:00-06|32|28|61|http://www.kincamp.com/luisvives||2019-10-01|2022-10-03|t|150000|el colegio|bosqueluisvives20|||t|4300|f|f|15|15|2020-01-17 10:00:00-06|2019-10-01 12:32:14-05||t||1|0|f
20554|Cancelled Greengates F1 June 2019|2019-06-24 07:00:00-05|2019-06-26 18:00:00-05|32|22|59|http://www.kincamp.com/greengates||2019-02-18|2022-10-03|f|150000|el colegio|aventuragreengatesf119|||f|0|f|f|15|15|2019-06-26 18:00:00-05|2019-06-24 07:00:00-05||t||1|0|f
20555|Cancelled Greengates F2 June 2019|2019-06-24 07:00:00-05|2019-06-26 18:00:00-05|25|22|59|http://www.kincamp.com/greengates||2019-02-18|2022-10-03|f|150000|el colegio|aventuragreengatesf219|||f|0|f|f|15|15|2019-06-26 18:00:00-05|2019-06-24 07:00:00-05||t||1|0|f
20551|Formus Junio 2019|2019-06-19 08:00:00-05|2019-06-21 17:00:00-05|29|17|58|http://www.kincamp.com/formus||2019-01-28|2022-10-03|t|150000|Hotel Bahía Escondida|fogataformus19|||t|1450|f|f|15|15|2019-05-08 07:42:52-05|2019-05-08 07:42:52-05||t||1|0|f
20558|Social - Tepozteco|2019-03-23 09:00:00-06|2019-03-23 18:00:00-06||119|58|||2019-02-27|2022-10-03|t|0|Tepoztlan|no hay|||t|0|f|f|15|15|2019-05-08 07:42:52.250068-05|2019-05-08 07:42:52.347578-05||t||1|0|f
20511|Capacitación de Aventura Marzo 2019|2019-03-09 09:00:00-06|2019-03-09 16:00:00-06|54|119|60|||2018-10-30|2022-10-03|t|0|barranca tarahumara|-|||t|0|f|f|15|15|2019-05-08 07:42:52.250068-05|2019-05-08 07:42:52.347578-05||t||1|0|f
20518|TML 3ro. Febrero 2019|2019-02-27 06:30:00-06|2019-02-28 18:00:00-06|9|128|58|http://www.kincamp.com/tml|<p>La fecha l&iacute;mite de pago y registro es el 13 de Febrero 2019</p>\n\n<p>El costo del campamento es de $3,000 pesos y se realiza en el colegio.</p>|2018-11-12|2022-10-03|t|150000|el colegio|fogatatml319|||t|3000|f|f|15|15|2019-05-08 07:42:52.250068-05|2019-05-08 07:42:52.347578-05||t||1|0|f
20466|Piaget 5to. Febrero 2019|2019-02-18 06:30:00-06|2019-02-22 16:00:00-06|2|123|58|http://www.kincamp.com/piaget|<p><strong>La fecha&nbsp;l&iacute;mite de pago y registro es el Viernes 8 de Febrero 2019</strong></p>\n\n<p>El costo del campamento es de $7,200 pesos y se realiza en las cajas del colegio.</p>|2018-09-27|2022-10-03|t|150000|el colegio|fogatapiaget519|||t|7200|f|f|15|15|2019-05-08 07:42:52.250068-05|2019-05-08 07:42:52.347578-05||t||1|0|f
20509|Capacitación Primeros Auxilios Febrero 2019|2019-02-09 09:00:00-06|2019-02-09 16:00:00-06|4|119|58|||2018-10-30|2022-10-03|t|0|Oficina|-|||t|0|f|f|15|15|2019-05-08 07:42:52.250068-05|2019-05-08 07:42:52.347578-05||t||1|0|f
20507|2do. Reclutamiento Masivo Enero 2019|2019-01-12 07:00:00-06|2019-01-12 18:00:00-06||119|58|||2018-10-30|2022-10-03|t|0|Parque Tamayo|-|||t|0|f|f|15|15|2019-05-08 07:42:52.250068-05|2019-05-08 07:42:52.347578-05||t||1|0|f
20487|ASF 4th A|2018-10-08 17:53:40-05|2018-10-12 17:53:40-05|9|7|57|||2018-10-05|2022-10-03|f|0|escuela|fogataasf418|||f|0|f|f|15|15|2019-05-08 07:42:52.250068-05|2019-05-08 07:42:52.347578-05||t||1|0|f
20411|Eufrosina Secundaria Junio 2018|2018-06-12 07:00:00-05|2018-06-14 18:00:00-05|32|126|56|http://www.kincamp.com/eufrosina||2018-01-18|2022-10-03|t|150000|el colegio|kincampeufrosina|||t|4750|f|f|15|15|2019-05-08 07:42:52.250068-05|2019-05-08 07:42:52.347578-05||t||1|0|f
20428|Niños en Alegría - Beneficencia|2018-06-04 00:00:00-05|2018-06-08 00:00:00-05|34|119|55|||2018-05-21|2022-10-03|t|0|sede|no hay|||t|0|f|f|15|15|2019-05-08 07:42:52.250068-05|2019-05-08 07:42:52.347578-05||t||1|0|f
20429|Alqimia 8.0|2018-06-01 12:55:45-05|2018-06-03 12:55:45-05|24|119|55|||2018-05-21|2022-10-03|t|0|oficina|no hay|||t|0|f|f|15|15|2019-05-08 07:42:52.250068-05|2019-05-08 07:42:52.347578-05||t||1|0|f
20404|Emmanuel Mounier Enero 2018|2018-01-22 07:00:00-06|2018-01-24 18:00:00-06|32|21|55|http://www.kincamp.com/mounier|<p>El costo del campamento es de $3,900 pesos (Tres mil&nbsp;novecientos pesos&nbsp;00/100MN).</p>\n\n<p>Ponemos a tu disposici&oacute;n 2 formas de pago:</p>\n\n<p>*Dep&oacute;sito o transferencia a la cuenta:</p>\n\n<p>BBVA BANCOMER<br />\n&Aacute;NGELA PATRICIA &Aacute;VILA ROJAS<br />\nCta 0199909435 &nbsp;Clabe 012180001999094351</p>\n\n<p>Usa la referencia: {{referencia}}</p>\n\n<p>*Con tarjeta de cr&eacute;dito v&iacute;a PAYPAL en nuestro sistema de inscripci&oacute;n (Ojo, en pago con tarjeta aplica 5% de comisi&oacute;n).</p>\n\n<p><strong>IMPORTANTE:</strong></p>\n\n<p>**Mandar el comprobante de pago a pagos@kincamp.com indicando: nombre completo del participante, escuela y grado.</p>\n\n<p>**En caso de requerir factura se agregar&aacute; el IVA correspondiente y te pedimos nos contactes para indicarte la forma de realizar el pago**</p>|2017-12-08|2022-10-03|t|150000|el colegio|kincampmounier|||t|3900|t|f|15|15|2019-05-08 07:42:52.250068-05|2019-05-08 07:42:52.347578-05||t||1|0|f
20557|Ernesto Alconedo Mayo 2019|2019-05-24 07:00:00-05|2019-05-25 19:00:00-05|44|146|58|http://www.kincamp.com/ernestoalconedo|<p>La fecha l&iacute;mite de pago y registro es el 30 de Abril 2019.</p>\n\n<p>El pago del campamento se realiza directamente en el colegio.</p>|2019-02-26|2022-10-03|t|150000|el colegio|fogataernestoalconedo19|||f|2800|f|f|15|15|2019-05-08 07:42:52.250068-05|2019-05-08 07:42:52.347578-05||t||1|0|f
20543|Taller Creatividad Feb. 2019|2019-02-23 09:30:00-06|2019-02-23 16:00:00-06|53|119|58|http://kincamp.com||2019-01-09|2022-10-03|t||stratominds|-|||t|0|f|f|15|15|2019-05-08 07:42:52.250068-05|2019-05-08 07:42:52.347578-05||t||1|0|f
20516|TML 5to. Febrero 2019|2019-02-20 06:30:00-06|2019-02-22 18:00:00-06|32|128|58|http://www.kincamp.com/tml|<p>La fecha l&iacute;mite de registro es el 3 de Febrero 2019</p>\n\n<p>El costo del campamento es de $4,900 pesos y el pago se realiza en el colegio.</p>|2018-11-12|2022-10-03|t|150000|el colegio|fogatatml519|||t|4900|f|f|15|15|2019-05-08 07:42:52.250068-05|2019-05-08 07:42:52.347578-05||t||1|0|f
20454|Humanitree Bloom 3&4 Feb. 2019|2019-02-18 07:00:00-06|2019-02-21 16:30:00-06|5|138|58|http://www.kincamp.com/humanitree|<p>El costo del campamento es de $6,950 pesos (Seis mil novecientos cincuenta pesos 00/100 M.N.)</p>\n\n<p><strong>La fecha l&iacute;mite de pago y registro es el 30 de enero 2019</strong></p>\n\n<p>*Dep&oacute;sito o transferencia a la cuenta:</p>\n\n<p>BBVA BANCOMER<br />\n&Aacute;NGELA PATRICIA &Aacute;VILA ROJAS<br />\nCta 0199909435 &nbsp;Clabe 012180001999094351</p>\n\n<p><strong>IMPORTANTE:</strong></p>\n\n<p>**Mandar el comprobante de pago a pagos@kincamp.com indicando: nombre completo del participante, escuela y grado.</p>\n\n<p>**En caso de requerir factura se agregar&aacute; el IVA correspondiente y te pedimos nos contactes para indicarte la forma de realizar el pago**</p>|2018-08-20|2022-10-03|t|150000|el colegio|fogatahumanitree3y419|||t|6950|f|f|15|15|2019-05-08 07:42:52.250068-05|2019-05-08 07:42:52.347578-05||t||1|0|f
20542|Taller Comunicación Feb. 2019|2019-02-02 09:00:00-06|2019-02-02 18:00:00-06|4|119|58|http://kincamp.com||2019-01-09|2022-10-03|t||oficina|-|||t|0|f|f|15|15|2019-05-08 07:42:52.250068-05|2019-05-08 07:42:52.347578-05||t||1|0|f
20463|Marymount Prepa Enero 2019|2019-01-31 07:00:00-06|2019-02-03 17:00:00-06|25|65|58|http://www.grupo-kin.com/marymount|<p>&nbsp;</p>\n\n<p>El costo del campamento es de $7,450 pesos (Siete mil cuatrocientos cincuenta pesos 00/100MN).&nbsp;<br />\n<br />\n*Dep&oacute;sito o transferencia a la cuenta:&nbsp;<br />\n<br />\nBBVA BANCOMER<br />\n&Aacute;NGELA PATRICIA &Aacute;VILA ROJAS<br />\nCta 0199909435 Clabe 012180001999094351&nbsp;<br />\n<br />\n*Con tarjeta de cr&eacute;dito v&iacute;a PAYPAL en nuestro sistema de inscripci&oacute;n (Ojo, en pago con tarjeta aplica 5% de comisi&oacute;n).&nbsp;<br />\n<br />\nIMPORTANTE:&nbsp;<br />\n<br />\n**Mandar el comprobante de pago a pagos@kincamp.com indicando: nombre completo del participante, escuela y grado. Se deber&aacute; llevar el comprobante a las mam&aacute;s del comit&eacute; en las fechas y horarios establecidos.&nbsp;<br />\n<br />\n**En caso de requerir factura se agregar&aacute; el IVA correspondiente y te pedimos nos contactes para indicarte la forma de realizar el pago** *M&iacute;nimo 30 participantes*</p>|2018-09-27|2022-10-03|t|150000|el colegio|fogatamarymount19|||f|7450|f|f|15|15|2019-05-08 07:42:52.250068-05|2019-05-08 07:42:52.347578-05||t||1|0|f
20449|MDLC Noviembre 2018|2018-11-12 07:00:00-06|2018-11-16 18:00:00-06|42|75|57|http://www.kincamp.com/mdlc|<h4>Precios y Formas de Pago</h4>\n\n<p>El costo del campamento es de $7,100 pesos (Siete mil cien pesos 00/100MN).</p>\n\n<p>&nbsp;</p>\n\n<p><strong>Fecha l&iacute;mite de pago: 30 de Octubre 2018</strong></p>\n\n<p>Ponemos a tu disposici&oacute;n las siguientes formas de pago:</p>\n\n<p>* En efectivo o con cheque directamente en el colegio.</p>\n\n<p>*Dep&oacute;sito o transferencia a la cuenta:</p>\n\n<p>BBVA BANCOMER<br />\n&Aacute;NGELA PATRICIA &Aacute;VILA ROJAS<br />\nCta <a href="tel:0199909435">0199909435</a> &nbsp;Clabe 012180001999094351</p>\n\n<p>Con la referencia: {{referencia}}</p>\n\n<p>*Con tarjeta de cr&eacute;dito v&iacute;a PAYPAL en nuestro sistema de inscripci&oacute;n (Ojo, en pago con tarjeta aplica 5% de comisi&oacute;n).</p>\n\n<p><strong>IMPORTANTE:</strong></p>\n\n<p>**Mandar el comprobante de pago a pagos@kincamp.com indicando: nombre completo del participante, escuela y grado.</p>\n\n<p>**En caso de requerir factura se agregar&aacute; el IVA correspondiente y te pedimos nos contactes para indicarte la forma de realizar el pago**</p>|2018-08-06|2022-10-03|t|150000|el colegio|fogatamdlc18|||f|7100|f|f|15|15|2019-05-08 07:42:52.250068-05|2019-05-08 07:42:52.347578-05||t||1|0|f
20486|Vallarta primaria Mayo 2019|2019-05-31 07:00:00-05|2019-06-02 18:00:00-05|32|51|59|http://www.kincamp.com/vallarta|<h4>Precios y Formas de Pago</h4>\n\n<p>El costo del campamento es de $3,700 pesos (Tres mil setecientos pesos 00/100 M.N.)</p>\n\n<p><strong>La fecha l&iacute;mite de pago y registro es el 15 de Mayo 2019</strong></p>\n\n<p>Pago 1 (apartado) 28 de Febrero: $900 pesos</p>\n\n<p>Pago 2 &ndash; 29 de Marzo: $900 pesos</p>\n\n<p>Pago 3 &ndash; 13 de Abril: $900 pesos</p>\n\n<p>Pago 4 &ndash; 15 de Mayo: $1,000 pesos</p>\n\n<p>*Dep&oacute;sito o transferencia a la cuenta:</p>\n\n<p>BBVA BANCOMER<br />\n&Aacute;NGELA PATRICIA &Aacute;VILA ROJAS<br />\nCta 0199909435 &nbsp;Clabe 012180001999094351</p>\n\n<p><strong>IMPORTANTE:</strong></p>\n\n<p>**Mandar el comprobante de pago a pagos@kincamp.com indicando: nombre completo del participante, escuela y grado.</p>\n\n<p>**En caso de requerir factura se agregar&aacute; el IVA correspondiente y te pedimos nos contactes para indicarte la forma de realizar el pago**</p>|2018-10-03|2022-10-03|t|150000|el colegio|fogatavallarta19|||f|3700|f|f|15|15|2019-05-08 07:42:52-05|2019-05-08 07:42:52-05||t||1|0|f
20531|Piaget 1ro. primaria Mayo 2019|2019-05-29 06:30:00-05|2019-05-31 16:00:00-05|25|123|58|http://www.kincamp.com/piaget|<p>La fecha&nbsp;l&iacute;mite de pago y registro es el 17 de Mayo 2019</p>\n\n<p>El costo del campamento es de $4,550 pesos y se realiza directamente en el colegio.</p>|2018-11-12|2022-10-03|t|150000|el colegio|fogatapiaget119|||t|4550|f|f|15|15|2019-05-08 07:42:52.250068-05|2019-05-08 07:42:52.347578-05||t||1|0|f
20530|TML 6to. Mayo 2019|2019-05-28 06:30:00-05|2019-05-30 18:00:00-05|5|128|58|http://www.kincamp.com/tml|<p>La fecha l&iacute;mite de pago y registro es el 13 de mayo 2019</p>\n\n<p>El costo del campamento es de $4,900 pesos y se realiza directamente en el colegio.</p>|2018-11-12|2022-10-03|t|150000|el colegio|fogatatml619|||t|4900|f|f|15|15|2019-05-08 07:42:52-05|2019-05-08 07:42:52-05||t||1|0|f
20513|Capacitación Proactivo Mayo 2019|2019-05-11 07:00:00-05|2019-05-11 18:00:00-05|4|119|58|||2018-10-30|2022-10-03|t|0|-|-|||t|0|f|f|15|15|2019-05-08 07:42:52.250068-05|2019-05-08 07:42:52.347578-05||t||1|0|f
20470|Teifaros Secundaria Mayo 2019|2019-05-08 07:00:00-05|2019-05-12 18:00:00-05|25|111|58|http://www.kincamp.com/teifaros|<p>El costo del campamento es de $6,650 pesos (Seis mil&nbsp;seiscientos pesos&nbsp;00/100MN).</p>\n\n<p>Pago 1 (apartado) / 17 oct - $800</p>\n\n<p>Pago 2 / 16 nov - $950 pesos</p>\n\n<p>Pago 3 / 17 dic - $950 pesos</p>\n\n<p>Pago 4 / 16 ene - $950 pesos</p>\n\n<p>Pago 5 / 18 feb - $950 pesos</p>\n\n<p>Pago 6 / 18 mar - $950 pesos</p>\n\n<p>Pago 7 (finiquito) / 11 abr - $1100 pesos</p>\n\n<p><strong>La fecha l&iacute;mite de pago es el 11 de Abril 2019</strong></p>\n\n<p>Ponemos a tu disposici&oacute;n 2 formas de pago:</p>\n\n<p>*Dep&oacute;sito o transferencia a la cuenta:</p>\n\n<p>BBVA BANCOMER<br />\n&Aacute;NGELA PATRICIA &Aacute;VILA ROJAS<br />\nCta 0199909435 &nbsp;Clabe 012180001999094351</p>\n\n<p>*Con tarjeta de cr&eacute;dito v&iacute;a PAYPAL en nuestro sistema de inscripci&oacute;n (Ojo, en pago con tarjeta aplica 5% de comisi&oacute;n).</p>\n\n<p><strong>IMPORTANTE:</strong></p>\n\n<p>**Mandar el comprobante de pago a pagos@kincamp.com indicando: nombre completo del participante, escuela y grado.</p>\n\n<p>**En caso de requerir factura se agregar&aacute; el IVA correspondiente y te pedimos nos contactes para indicarte la forma de realizar el pago**</p>|2018-10-03|2022-10-03|t|150000|Parque Frida Kahlo|fogatateifaros19|||f|6650|f|f|15|15|2019-05-08 07:42:52-05|2019-05-08 07:42:52-05||t||1|0|f
20544|Taller Hábitos de Bienestar Marzo 2019|2019-03-02 09:00:00-06|2019-03-02 16:00:00-06|4|119|58|http://kincamp.com||2019-01-09|2022-10-03|t|0|oficina|-|||t|0|f|f|15|15|2019-05-08 07:42:52.250068-05|2019-05-08 07:42:52.347578-05||t||1|0|f
20604|North Williams Marzo 2020|2020-03-13 06:30:00-06|2020-03-15 18:00:00-06|25|136|61|http://www.kincamp.com/inw||2019-09-02|2022-10-03|t|150000|el colegio|bosquenorthwilliams20|||f|4800|f|f|15|15|2020-02-28 10:00:00-06|2019-09-02 16:32:19-05||t||1|0|f
20644|1er Reclutamiento Masivo Enero 2020|2020-01-04 09:00:00-06|2020-01-04 12:00:00-06||119|61|http://www.kincamp.com||2019-11-01|2022-10-03|t|150000|Parque México|-|||t|0|f|f|15|15|2020-01-04 10:47:59-06|2019-11-01 10:47:59-06||t||1|0|f
20568|Hoyo en la Cerca|2019-06-30 15:30:00-05|2019-08-17 18:00:00-05|48|103|58|http://www.kincamp.com/helc||2019-04-29|2022-10-03|t|150000|-|bosquehelc19|||t|0|f|f|15|15|2019-05-08 07:42:52-05|2019-05-08 07:42:52-05||t||1|0|f
20548|London Special English Junio 2019|2019-06-12 07:00:00-05|2019-06-13 18:00:00-05|2|10|59|http://www.kincamp.com/london|<p>La fecha&nbsp;l&iacute;mite de pago&nbsp;y registro es el 15 de Febrero 2019</p>\n\n<p>El costo del campamento es de $3,300 pesos. El pago se realiza directamente en el colegio.</p>|2019-01-16|2022-10-03|t|150000|el colegio|fogatalondonse19|||t|3300|f|f|15|15|2019-05-08 07:42:52-05|2019-05-08 07:42:52-05||t||1|0|f
20563|LFM - CM2 Junio 2019|2019-06-09 08:00:00-05|2019-06-09 18:00:00-05||43|58|http://www.kincamp.com/lfm|<p>La fecha l&iacute;mite de pago y registro es el 3 de Mayo 2019</p>|2019-03-21|2022-10-03|t|150000|el colegio|fogatalfmcm219|||t|950|f|f|15|15|2019-05-08 07:42:52-05|2019-05-08 07:42:52-05||t||1|0|f
20514|Capacitación Reflexiones Junio 2019|2019-06-08 09:30:00-05|2019-06-08 14:00:00-05|4|119|58|||2018-10-30|2022-10-03|t|0|-|-|||t|0|f|f|15|15|2019-05-08 07:42:52-05|2019-05-08 07:42:52-05||t||1|0|f
20533|Piaget Prefirst Junio 2019|2019-06-05 07:30:00-05|2019-06-07 15:00:00-05|48|123|59|http://www.kincamp.com/piaget|<p>La fecha l&iacute;mite de pago y registro es el Mi&eacute;rcoles 29 de Mayo 2019</p>\n\n<p>El costo del campamento es de $4,400 pesos y se realiza directamente en el colegio.</p>|2018-11-12|2022-10-03|t|150000|el colegio|fogatapiagetprefirst19|||t|4400|f|f|15|15|2019-06-07 15:00:00-05|2019-06-05 07:30:00-05||t||1|0|f
20472|NCM 6to. primaria Mayo 2019|2019-05-31 07:00:00-05|2019-06-02 18:00:00-05|25|52|58|http://www.kincamp.com/ncm|<p>El costo del campamento es de:&nbsp;$3,900 pesos (Tres mil novecientos pesos&nbsp;00/100MN).</p>\n\n<p>Las fechas de pago son las siguientes:</p>\n\n<p>1er pago $700 &nbsp;/ 17 Octubre 2018 (inscripci&oacute;n y anticipo para asegurar fecha)</p>\n\n<p>2do pago $800 / 14 de Diciembre 2018</p>\n\n<p>3er pago $800 / 18 de Febrero 2019</p>\n\n<p>4to pago $800 / 18 de Marzo 2019</p>\n\n<p>5to pago $800 / 17 de Mayo 2019 (finiquito)</p>\n\n<p><strong>La fecha l&iacute;mite de pago y registro es el 17 de Mayo 2019</strong></p>\n\n<p>Ponemos a tu disposici&oacute;n 2 formas de pago:</p>\n\n<p>*Dep&oacute;sito o transferencia a la cuenta:</p>\n\n<p>BBVA BANCOMER<br />\n&Aacute;NGELA PATRICIA &Aacute;VILA ROJAS<br />\nCta 0199909435 &nbsp;Clabe 012180001999094351</p>\n\n<p>*Con tarjeta de cr&eacute;dito v&iacute;a PAYPAL en nuestro sistema de inscripci&oacute;n (Ojo, en pago con tarjeta aplica 5% de comisi&oacute;n).</p>\n\n<p><strong>IMPORTANTE:</strong></p>\n\n<p>**Mandar el comprobante de pago a pagos@kincamp.com indicando: nombre completo del participante, escuela y grado.</p>\n\n<p>**En caso de requerir factura se agregar&aacute; el IVA correspondiente y te pedimos nos contactes para indicarte la forma de realizar el pago**</p>|2018-10-03|2022-10-03|t|150000|Parque San José la Pilita, en el acceso de "la Quinta"|fogatancm619|||f|3900|f|f|15|15|2019-05-08 07:42:52-05|2019-05-08 07:42:52-05||t||1|0|f
20484|Hamilton Sec. Mayo 2019|2019-05-23 06:00:00-05|2019-05-26 18:00:00-05|48|54|58|http://www.kincamp.com/hamilton|<p>El pago del campamento se realiza directamente en el colegio.</p>\n\n<p>La fecha l&iacute;mite de pago y registro es el 9 de Mayo 2019</p>|2018-10-03|2022-10-03|t|150000|el colegio|fogatahamilton19|||f|7350|f|f|15|15|2019-05-26 18:00:00-05|2019-05-23 06:00:00-05||t||1|0|f
20529|Eton Mayo 2019|2019-05-20 06:30:00-05|2019-05-24 13:00:00-05|32|20|58|http://www.kincamp.com/eton|<p><strong>La fecha l&iacute;mite de pago y registro es el Lunes 6 de Mayo 2019</strong></p>\n\n<p>El costo del campamento es de $7,980 pesos y se realiza en el colegio.</p>|2018-11-12|2022-10-03|t|150000|el colegio|fogataeton19|||t|7980|f|f|15|15|2019-05-08 07:42:52-05|2019-05-08 07:42:52-05||t||1|0|f
20567|Social - Scaperoom|2019-05-11 17:00:00-05|2019-05-11 18:30:00-05||119|58|||2019-04-28|2022-10-03|t|0|Scaperoom|No haay|||t|0|f|f|15|15|2019-05-08 07:42:52.250068-05|2019-05-08 07:42:52.347578-05||t||1|0|f
20608|Day Camp Olinca 4° Octubre 2019|2019-10-18 07:00:00-05|2019-10-18 18:00:00-05|43|119|60|||2019-09-17|2022-10-03|t|150000|-|-|||t|0|f|f|15|15|2019-10-18 10:00:00-05|2019-09-17 12:11:43-05||t||1|0|f
20607|Day Camp Olinca 2° Octubre 2019|2019-10-10 07:00:00-05|2019-10-10 18:00:00-05|43|119|60|||2019-09-17|2022-10-03|t|150000|-|-|||t|0|f|f|15|15|2019-10-10 12:09:19-05|2019-09-17 12:09:19-05||t||1|0|f
20024|Camp de prueba|2019-10-10 01:00:00-05|2019-10-17 01:00:00-05|22|42|25|||2014-09-30|2022-10-03|t|50000|no importa|no importa|||t|0|f|f|7|7|2019-10-17 01:00:00-05|2019-10-10 01:00:00-05||t||1|0|f
20480|Kobal Mini Semana 3 2019|2019-08-05 07:00:00-05|2019-08-09 18:00:00-05|51|103|59|http://www.kobal.camp|<p>Ponemos a tu disposici&oacute;n las siguientes formas de pago:</p>\n\n<p>* En efectivo o con cheque directamente en nuestras oficinas.</p>\n\n<p>*Dep&oacute;sito o transferencia a la cuenta:</p>\n\n<p>BBVA BANCOMER<br />\n&Aacute;NGELA PATRICIA &Aacute;VILA ROJAS<br />\nCta <a href="tel:0199909435">0199909435</a> &nbsp;Clabe 012180001999094351</p>\n\n<p>Usa la referencia: {{referencia}}</p>\n\n<p>*Con tarjeta de cr&eacute;dito v&iacute;a PAYPAL en nuestro sistema de inscripci&oacute;n (Ojo, en pago con tarjeta aplica 5% de comisi&oacute;n).</p>\n\n<p><strong>IMPORTANTE:</strong></p>\n\n<p>**Mandar el comprobante de pago a pagos@kincamp.com indicando: nombre completo del participante, escuela y grado.</p>\n\n<p>**En caso de requerir factura se agregar&aacute; el IVA correspondiente y te pedimos nos contactes para indicarte la forma de realizar el pago**</p>|2018-10-03|2022-10-03|f|150000|-|bosquemini319|||f|5900|t|t|15|15|2019-05-08 07:42:52-05|2019-05-08 07:42:52-05||t||1|0|f
20536|Cimat Junio 2019|2019-06-28 06:30:00-05|2019-06-30 17:00:00-05|32|76|59|http://www.kincamp.com/cimat|<p>El costo del campamento es de $4,000 pesos y se realiza directamente en el colegio.</p>\n\n<p>Fecha l&iacute;mite de pago y registro: 14 de Junio 2019</p>\n\n<p>Fechas de pago:<br />\n&ndash; Apartado: $1,000 pesos antes del 3 de Mayo 2019<br />\n&ndash; Segundo pago: $1,500 pesos &ndash; 17 de Mayo<br />\n&ndash; Tercer pago: $1,500 pesos &ndash; 14 de junio</p>|2018-11-12|2022-10-03|t|150000|el colegio|fogatacimat19|||t|4000|f|f|15|15|2019-05-08 07:42:52-05|2019-05-08 07:42:52-05||t||1|0|f
20569|Eufrosina Sec. Junio 2019|2019-06-19 07:00:00-05|2019-06-21 18:00:00-05|48|126|58|http://www.kincamp.com/eufrosina|<p>La fecha l&iacute;mite de pago y registro es el 3 de Junio 2019</p>\n\n<p>El pago del campamento se realiza directamente en el colegio.</p>|2019-05-02|2022-10-03|t|150000|el colegio|fogataeufrosina19|||t|5100|f|f|15|15|2019-06-21 18:00:00-05|2019-06-19 07:00:00-05||t||1|0|f
20532|Tomás Moro Maguey 6to. Junio 2019|2019-06-04 06:30:00-05|2019-06-06 18:00:00-05|45|66|59|http://www.kincamp.com/tomasmoro|<p>La fecha l&iacute;mite de pago&nbsp;y registro es el Martes 21 de Mayo 2019</p>\n\n<p>El costo del campamento es de $5,350 pesos y se realiza en el colegio.</p>|2018-11-12|2022-10-03|t|150000|el colegio|fogatatomasmoro619|||t|5350|f|f|15|15|2019-06-06 18:00:00-05|2019-06-04 07:00:00-05||t||1|0|f
20561|Niños en Alegría Junio 2019|2019-06-03 07:00:00-05|2019-06-07 12:00:00-05|34|119|59|http://www.kincamp.com||2019-03-19|2022-10-03|t|150000|-|fogataniñosenalegria19|||t|0|f|f|15|15|2019-06-07 12:00:00-05|2019-06-03 07:00:00-05||t||1|0|f
20571|Corp 300|2019-05-19 18:00:00-05|2019-05-21 18:00:00-05||119|58|||2019-05-07|2022-10-03|t|0|oficina|no hay|||t|0|f|f|15|15|2019-05-21 18:00:00-05|2019-05-19 18:00:00-05||t||1|0|f
20566|Make it Happen -Corp|2019-05-18 06:00:00-05|2019-05-18 18:00:00-05||119|58|||2019-04-25|2022-10-03|t|0|oficina|N/A|||t|0|f|f|15|15|2019-05-18 18:00:00-05|2019-05-18 06:00:00-05||t||1|0|f
20570|Alpinia|2019-05-14 06:00:00-05|2019-05-15 18:00:00-05|48|119|58|||2019-05-04|2022-10-03|t|0|oficina|no hay|||t|0|f|f|15|15|2019-05-08 07:42:52.250068-05|2019-05-08 07:42:52.347578-05||t||1|0|f
20673|CCM 1ro. primaria Enero 2020|2020-01-31 07:00:00-06|2020-01-31 18:00:00-06||50|61|http://www.kincamp.com|<p>El pago se realiza directamente en el colegio.&nbsp;</p>|2019-12-10|2022-10-03|t|150000|el colegio|bosqueccm120|||t|0|f|f|15|15|2020-01-17 16:01:38-06|2019-12-10 16:01:38-06||t||1|0|f
20527|CEM Abril 2019|2019-04-05 07:00:00-06|2019-04-07 18:00:00-05|48|57|58|http://www.kincamp.com/cem|<p>El costo del campamento es de $3,800 pesos (Tres mil&nbsp;ochocientos pesos 00/100MN).</p>\n\n<p><strong>Fecha l&iacute;mite de pago y registro: 22 de Marzo 2019</strong></p>\n\n<p>Pago 1 (apartado) 21 diciembre 2018: $950 pesos</p>\n\n<p>Pago 2 &ndash; 21 enero 2019: $950 pesos</p>\n\n<p>Pago 3 &ndash; 21 febrero 2019: $950 pesos</p>\n\n<p>Pago 4 (fecha l&iacute;mite): 22 marzo: $950 pesos</p>\n\n<p>Ponemos a tu disposici&oacute;n 2 formas de pago:</p>\n\n<p>*Dep&oacute;sito o transferencia a la cuenta:</p>\n\n<p>BBVA BANCOMER<br />\n&Aacute;NGELA PATRICIA &Aacute;VILA ROJAS<br />\nCta 0199909435 &nbsp;Clabe 012180001999094351</p>\n\n<p>*Con tarjeta de cr&eacute;dito v&iacute;a PAYPAL en nuestro sistema de inscripci&oacute;n (Ojo, en pago con tarjeta aplica 5% de comisi&oacute;n).</p>\n\n<p><strong>IMPORTANTE:</strong></p>\n\n<p>**Mandar el comprobante de pago a pagos@kincamp.com indicando: nombre completo del participante, escuela y grado.</p>\n\n<p>**En caso de requerir factura se agregar&aacute; el IVA correspondiente y te pedimos nos contactes para indicarte la forma de realizar el pago**</p>|2018-11-12|2022-10-03|t|150000|el colegio|fogatacem19|||t|3800|f|f|15|15|2019-05-08 07:42:52-05|2019-05-08 07:42:52-05||t||1|0|f
20650|Capacitación Aventura Marzo 2020|2020-03-07 10:00:00-06|2020-03-07 14:00:00-06|54|119|61|http://www.kincamp.com||2019-11-01|2022-10-03|t|0|-|-|||t|0|f|f|15|15|2020-03-06 18:00:00-06|2019-11-01 10:57:09-06||t||1|0|f
20648|Social TAC Febrero 2020|2020-02-07 12:00:00-06|2020-02-09 12:00:00-06||119|61|http://www.kincamp.com||2019-11-01|2022-10-03|t|0|-|-|||t|0|f|f|15|15|2020-02-07 10:54:46-06|2019-11-01 10:54:46-06||t||1|0|f
20647|Capacitación Enero 2020|2020-01-25 08:00:00-06|2020-01-26 18:00:00-06|58|119|61|http://www.kincamp.com||2019-11-01|2022-10-03|t|0|-|-|||t|0|f|f|15|15|2020-01-25 18:00:00-06|2019-11-01 10:53:32-06||t||1|0|f
20601|Maguen David Noviembre 2019|2019-11-26 07:00:00-06|2019-11-28 18:00:00-06|32|135|60|http://www.kincamp.com/chmd||2019-08-14|2022-10-03|t|150000|el colegio|bosquechmd19|||t|0|f|f|15|15|2019-11-19 10:00:00-06|2019-08-14 11:16:47-05||t||1|0|f
20597|TCS 3ro. sec. Octubre 2019|2019-10-27 08:00:00-06|2019-10-31 18:00:00-06|32|48|60|http://www.kincamp.com/tcs|<p>El costo del campamento es de $7,540* pesos (Siete mil quinientos cuarenta pesos&nbsp;00/100MN)&nbsp;<strong>*Incluye IVA*</strong></p>\n\n<p>Pago 1: 30 septiembre 2019 &ndash; $3,770 pesos</p>\n\n<p>Pago 2: 14 de octubre 2019 &ndash; $3,770 pesos</p>\n\n<p><strong>La fecha l&iacute;mite de pago y registro es el 14 de octubre 2019</strong></p>\n\n<p>&ndash; Dep&oacute;sito o transferencia a cuenta:</p>\n\n<p>BBVA<br />\nKin Camp SA de CV<br />\nCta: 0146450970<br />\nClabe: 012180001464509708</p>\n\n<p><strong>IMPORTANTE:&nbsp;</strong><strong>*Debes enviar el comprobante con nombre del participante, grado, colegio y datos fiscales al correo pagos@kincamp.com*</strong></p>|2019-08-12|2022-10-03|t|150000|el colegio|bosquetcs319|||t|7540|f|f|15|15|2019-10-14 10:00:00-05|2019-08-12 12:01:19-05||t||1|0|f
20595|TCS 1ro. sec. Octubre 2019|2019-10-27 06:00:00-06|2019-10-31 16:00:00-06|25|48|60|http://www.kincamp.com/tcs|<p>El costo del campamento es de $7,540* pesos (Siete mil quinientos cuarenta pesos&nbsp;00/100MN)&nbsp;<strong>*Incluye IVA*</strong></p>\n\n<p>Pago 1: 30 septiembre 2019 &ndash; $3,770 pesos</p>\n\n<p>Pago 2: 14 de octubre 2019 &ndash; $3,770 pesos</p>\n\n<p><strong>La fecha l&iacute;mite de pago y registro es el 14 de octubre 2019</strong></p>\n\n<p>&ndash; Dep&oacute;sito o transferencia a cuenta:</p>\n\n<p>BBVA<br />\nKin Camp SA de CV<br />\nCta: 0146450970<br />\nClabe: 012180001464509708</p>\n\n<p><strong>IMPORTANTE:&nbsp;</strong><strong>*Debes enviar el comprobante con nombre del participante, grado, colegio y datos fiscales al correo pagos@kincamp.com*</strong></p>|2019-08-12|2022-10-03|t|150000|el colegio|bosquetcs119|||t|7540|f|f|15|15|2019-10-14 10:00:00-05|2019-08-12 11:58:16-05||t||1|0|f
20574|Peterson Prepa Septiembre 2019|2019-09-06 06:00:00-05|2019-09-08 18:00:00-05|48|73|60|http://www.kincamp.com/peterson|<p>El precio del campamento es de $4,700 pesos (Cuatro mil setecientos pesos 00/100 M.N.)</p>\n\n<p>Ponemos a tu disposici&oacute;n dos formas de pago:</p>\n\n<p>1. En efectivo en el colegio.</p>\n\n<p>2. Dep&oacute;sito o transferencia a cuenta:<br />\n<strong>*Debes agregar el IVA y enviar el comprobante junto con datos fiscales al correo pagos@kincamp.com*</strong></p>\n\n<p>BBVA</p>\n\n<p>Kin Camp SA de CV</p>\n\n<p>Cta: <a href="tel:0146450970">0146450970</a></p>\n\n<p>Clabe: 012180001464509708</p>\n\n<p><strong>La fecha l&iacute;mite de pago y registro es el viernes 30 de agosto 2019</strong></p>|2019-05-30|2022-10-03|t|150000|el colegio|bosquepeterson19|||t|4700|t|f|15|15|2019-08-30 23:59:59-05|2019-09-06 06:00:00-05||t||1|0|f
20587|Glaxo - Día de la familia|2019-08-17 06:00:00-05|2019-08-17 18:00:00-05||119|60|||2019-08-08|2022-10-03|t|0|sede|no hay|||t|0|f|f|15|15|2019-08-17 18:00:00-05|2019-08-17 06:00:00-05||t||1|0|f
20600|ASF New Student Orientation Agosto 2019|2019-08-16 07:00:00-05|2019-08-16 18:00:00-05||7|60|||2019-08-12|2022-10-03|t|150000|El colegio|bosquenso19|||f|0|f|f|15|15|2019-08-16 18:00:00-05|2019-08-16 07:00:00-05||t||1|0|f
20556|Cancelled Greengates F3 June 2019|2019-06-24 07:00:00-05|2019-06-26 18:00:00-05|48|22|58|http://www.kincamp.com/greengates||2019-02-18|2022-10-03|f|150000|el colegio|aventuragreengatesf319|||f|0|f|f|15|15|2019-05-08 07:42:52-05|2019-05-08 07:42:52-05||t||1|0|f
20573|Niños en Alegría 2 Junio 2019|2019-06-10 06:00:00-05|2019-06-14 18:00:00-05|34|119|58|||2019-05-23|2022-10-03|t|0|oficina|no hay|||t|0|f|f|15|15|2019-06-07 17:13:10-05|2019-05-23 17:13:10-05||t||1|0|f
20485|Colegio México Tehuacán 6to Primaria Mayo 2019|2019-05-24 07:00:00-05|2019-05-26 18:00:00-05|32|77|58|http://www.kincamp.com/colemex|<p>El costo del campamento es de $4,100 pesos (Cuatro mil cien pesos&nbsp;00/100MN).</p>\n\n<p>Ponemos a su disposici&oacute;n las siguientes fechas de pago:</p>\n\n<p>Inscripci&oacute;n $500 &nbsp;/&nbsp; 15 de Octubre 2018</p>\n\n<p>2do pago $600 /&nbsp; 15 de Noviembre 2018</p>\n\n<p>3er pago $600/&nbsp; 15 de Diciembre 2018</p>\n\n<p>4to pago $600 / 15de Enero 2019</p>\n\n<p>5to pago $600 / 15 de Febrero 2019</p>\n\n<p>6to pago $600 / 15 de Marzo 2019</p>\n\n<p><strong>Finiquito $600 /</strong>&nbsp;13 de Mayo 2019</p>\n\n<p><strong>La fecha l&iacute;mite de pago y registro es el 13 de Mayo 2019</strong></p>\n\n<p>Ponemos a tu disposici&oacute;n 2 formas de pago:</p>\n\n<p>*Dep&oacute;sito o transferencia a la cuenta:</p>\n\n<p>BBVA BANCOMER<br />\n&Aacute;NGELA PATRICIA &Aacute;VILA ROJAS<br />\nCta 0199909435 &nbsp;Clabe 012180001999094351</p>\n\n<p>*Con tarjeta de cr&eacute;dito v&iacute;a PAYPAL en nuestro sistema de inscripci&oacute;n (Ojo, en pago con tarjeta aplica 5% de comisi&oacute;n).</p>\n\n<p><strong>IMPORTANTE:</strong></p>\n\n<p>**Mandar el comprobante de pago a pagos@kincamp.com indicando: nombre completo del participante, escuela y grado.</p>\n\n<p>**En caso de requerir factura se agregar&aacute; el IVA correspondiente y te pedimos nos contactes para indicarte la forma de realizar el pago**</p>|2018-10-03|2022-10-03|t|150000|el colegio|fogatacolemex19|||f|4100|f|f|15|15|2019-05-08 07:42:52-05|2019-05-08 07:42:52-05||t||1|0|f
20662|Colegio Metropolitano Abril 2020|2020-04-01 06:00:00-06|2020-04-03 18:00:00-06|32|154|61|http://www.kincamp.com/metropolitano|<p>El pago se hace directamente en el colegio.&nbsp;</p>\n\n<p>La fecha l&iacute;mite de registro es el 5 de marzo 2020.</p>|2019-11-07|2022-10-03|f|150000|el colegio|bosquemetropolitano20|||f|5000|f|f|15|15|2020-03-05 18:00:00-06|2019-11-07 12:06:56-06||t||1|0|f
20614|Capacitación Educación Experiencial|2019-10-19 10:00:00-05|2019-10-19 14:00:00-05||119|60|||2019-09-18|2022-10-03|t|0|oficina|no hay|||t|0|f|f|15|15|2019-10-19 14:00:00-05|2019-10-19 10:00:00-05||t||1|0|f
20615|Social - Malinche|2019-10-12 07:00:00-05|2019-10-13 18:00:00-05||119|60|||2019-09-18|2022-10-03|t|0|oficina|no hay|||t|0|f|f|15|15|2019-10-13 18:00:00-05|2019-10-12 07:00:00-05||t||1|0|f
20588|Instituto Mexicano Regina Oct. 2019|2019-10-03 06:30:00-05|2019-10-05 18:00:00-05|32|15|60|http://www.kincamp.com/regina|<h4>Ponemos a tu disposici&oacute;n dos formas de pago:</h4>\n\n<p>* En efectivo directamente en el colegio:&nbsp;<strong>$4,300 pesos</strong>&nbsp;(Cuatro mil trescientos pesos 00/100 M.N.)</p>\n\n<p>* Dep&oacute;sito o transferencia a cuenta (incluye IVA):&nbsp;<strong>$4,988 pesos</strong>&nbsp;(Cuatro mil novecientos ochenta y ocho pesos 00/100M.N.)</p>\n\n<p>BBVA</p>\n\n<p>Kin Camp SA de CV</p>\n\n<p>Cta: 0146450970</p>\n\n<p>Clabe: 012180001464509708</p>\n\n<p><strong>*Debes enviar el comprobante junto con datos fiscales al correo pagos@kincamp.com*</strong></p>\n\n<p><strong>La fecha l&iacute;mite de pago y registro es el 20 de septiembre 2019</strong></p>|2019-08-12|2022-10-03|t|150000|el colegio|bosqueregina19|||t|4300|f|f|15|15|2019-09-20 23:59:59-05|2019-08-12 10:56:26-05||t||1|0|f
20474|Kobal Senior 2019|2019-07-07 07:00:00-05|2019-07-20 10:00:00-05|32|103|59|http://www.kobal.camp/sr|<p>Ponemos a tu disposici&oacute;n las siguientes formas de pago:</p>\n\n<p>* En efectivo o con cheque directamente en nuestras oficinas.</p>\n\n<p>*Dep&oacute;sito o transferencia a la cuenta:</p>\n\n<p>BBVA BANCOMER<br />\n&Aacute;NGELA PATRICIA &Aacute;VILA ROJAS<br />\nCta <a href="tel:0199909435">0199909435</a> &nbsp;Clabe 012180001999094351</p>\n\n<p>Usa la referencia: {{referencia}}</p>\n\n<p>*Con tarjeta de cr&eacute;dito v&iacute;a PAYPAL en nuestro sistema de inscripci&oacute;n (Ojo, en pago con tarjeta aplica 5% de comisi&oacute;n).</p>\n\n<p><strong>IMPORTANTE:</strong></p>\n\n<p>**Mandar el comprobante de pago a pagos@kincamp.com indicando: nombre completo del participante, escuela y grado.</p>\n\n<p>**En caso de requerir factura se agregar&aacute; el IVA correspondiente y te pedimos nos contactes para indicarte la forma de realizar el pago**</p>|2018-10-03|2022-10-03|t|150000|Parque México|bosquesenior19|||t|29500|f|f|15|15|2019-05-08 07:42:52-05|2019-05-08 07:42:52-05||t||1|0|f
20559|El Roble Junio 2019|2019-06-13 07:00:00-05|2019-06-15 18:00:00-05|48|147|59|http://www.kincamp.com/elroble|<p>El costo del campamento est&aacute; de $4,500 (Cuatro mil quinientos pesos 00/100 M.N.)</p>\n\n<p><strong>La fecha l&iacute;mite de pago y registro es el 31 de Mayo 2019</strong></p>\n\n<p>Pago 1: 12 de Abril &ndash; $2,250 pesos</p>\n\n<p>Pago 2: 31 de Mayo &ndash; $2,250 pesos</p>\n\n<p>&ndash; &ndash; &ndash; &ndash; &ndash;</p>\n\n<p>Ponemos a tu disposici&oacute;n 2 formas de pago:</p>\n\n<p><strong>*Dep&oacute;sito o transferencia a la cuenta:</strong></p>\n\n<p>BBVA BANCOMER<br />\n&Aacute;NGELA PATRICIA &Aacute;VILA ROJAS<br />\nCta 0199909435 &nbsp;Clabe 012180001999094351</p>\n\n<p><strong>*Con tarjeta de cr&eacute;dito v&iacute;a PAYPAL en nuestro sistema de inscripci&oacute;n (Ojo, en pago con tarjeta aplica 5% de comisi&oacute;n).</strong></p>\n\n<p><strong>IMPORTANTE:</strong></p>\n\n<p>**Mandar el comprobante de pago a pagos@kincamp.com indicando: nombre completo del participante, escuela y grado.</p>\n\n<p>**En caso de requerir factura se agregar&aacute; el IVA correspondiente y te pedimos nos contactes para indicarte la forma de realizar el pago**</p>|2019-03-06|2022-10-03|t|150000|el colegio|fogataelroble19|||t|4500|f|f|15|15|2019-06-15 18:00:00-05|2019-06-13 07:00:00-05||t||1|0|f
20687|London Special English Junio 2020 - Cancelado COVID|2020-06-12 07:00:00-05|2020-06-13 18:00:00-05|2|10|63|http://www.kincamp.com/london|<p>La fecha&nbsp;l&iacute;mite de pago&nbsp;y registro es el 29 de mayo 2020</p>\n\n<p>El costo del campamento es de $2,850 pesos. El pago se realiza directamente en el colegio.</p>|2020-01-28|2022-10-03|f|150000|el colegio|bosquelondonse20|||f|2850|f|f|15|15|2020-05-29 12:17:00-05|2020-01-28 12:17:00-06||t||1|0|f
20635|Juvenal Rendón Mayo 2020 - Pospuesto COVID|2020-06-01 07:00:00-05|2020-06-05 18:00:00-05|32|131|63|http://www.kincamp.com/cjr|<p>La fecha l&iacute;mite de pago y registro es el 18 de mayo 2020.</p>\n\n<p>El pago se realiza directamente en el colegio.</p>|2019-10-14|2022-10-03|t|150000|-|bosquecjr20|||t|6700|f|f|15|15|2020-05-18 18:00:00-05|2019-10-14 13:13:00-05||t||1|0|f
20653|Capacitación Protección Civil Abril 2020|2020-04-25 10:00:00-05|2020-04-25 18:00:00-05||119|61|http://www.kincamp.com||2019-11-01|2022-10-03|t|0|-|-||http://www.google.com|t|0|f|f|15|15|2020-04-24 18:00:00-05|2019-11-01 11:00:19-06|<p>Este es un mensaje para el administrador</p>\n\n<p>1</p>\n\n<p>2</p>\n\n<p>3</p>\n\n<p>4</p>\n\n<p>5</p>\n\n<p>6</p>\n\n<p>7</p>\n\n<p>8</p>\n\n<p>&nbsp;</p>|t||1|0|f
20632|Capacitación Inclusión 2019|2019-11-23 09:30:00-06|2019-11-23 14:00:00-06||119|60|||2019-10-11|2022-10-03|t|0|oficina|no hay|||t|0|f|f|15|15|2019-11-24 14:00:00-06|2019-11-23 09:30:00-06||t||1|0|f
20633|Social - Leyendas|2019-11-09 19:30:00-06|2019-11-09 21:00:00-06||119|60|||2019-10-11|2022-10-03|t|0|catedral|no hay|||t|0|f|f|15|15|2019-11-09 21:00:00-06|2019-11-09 19:30:00-06||t||1|0|f
20594|ASF 8th Oct. 2019|2019-10-21 06:20:00-05|2019-10-23 15:00:00-05|57|7|60|http://www.kincamp.com/asf||2019-08-12|2022-10-03|t|150000|ASF|bosqueasf819|||f|5400|f|f|15|15|2019-09-19 10:00:00-05|2019-08-12 11:56:49-05||t||1|0|f
20589|Piaget 5to Octubre 2019|2019-10-07 06:30:00-05|2019-10-11 16:30:00-05|2|123|62|http://www.kincamp.com/piaget||2019-08-12|2022-10-03|t|150000|el colegio|bosquepiaget519|||t|7650|f|f|15|15|2019-10-03 10:00:00-05|2019-08-12 10:59:05-05||t||1|0|f
20602|Capacitación KinCorp|2019-09-28 09:30:00-05|2019-09-28 14:00:00-05||119|60|||2019-08-30|2022-10-03|t|0|oficina|no hay|||t|0|f|f|15|15|2019-09-28 14:00:00-05|2019-09-28 09:30:00-05||t||1|0|f
20476|Kobal Master Semana 2 2019|2019-07-28 07:00:00-05|2019-08-03 10:00:00-05|32|103|59|http://www.kobal.camp/mr-2|<p>Ponemos a tu disposici&oacute;n las siguientes formas de pago:</p>\n\n<p>* En efectivo o con cheque directamente en nuestras oficinas.</p>\n\n<p>*Dep&oacute;sito o transferencia a la cuenta:</p>\n\n<p>BBVA BANCOMER<br />\n&Aacute;NGELA PATRICIA &Aacute;VILA ROJAS<br />\nCta <a href="tel:0199909435">0199909435</a> &nbsp;Clabe 012180001999094351</p>\n\n<p>Usa la referencia: {{referencia}}</p>\n\n<p>*Con tarjeta de cr&eacute;dito v&iacute;a PAYPAL en nuestro sistema de inscripci&oacute;n (Ojo, en pago con tarjeta aplica 5% de comisi&oacute;n).</p>\n\n<p><strong>IMPORTANTE:</strong></p>\n\n<p>**Mandar el comprobante de pago a pagos@kincamp.com indicando: nombre completo del participante, escuela y grado.</p>\n\n<p>**En caso de requerir factura se agregar&aacute; el IVA correspondiente y te pedimos nos contactes para indicarte la forma de realizar el pago**</p>|2018-10-03|2022-10-03|t|150000|Parque México|bosquemaster219|||t|17000|f|f|15|15|2019-05-08 07:42:52-05|2019-05-08 07:42:52-05||t||1|0|f
20575|Curso de Verano Glaxo Julio 2019|2019-07-15 09:00:00-05|2019-07-26 15:00:00-05||103|59|http://www.kincamp.com/glaxo||2019-07-03|2022-10-03|t|150000|Glaxo|bosqueglaxo19|||f|0|f|f|15|15|2019-07-10 18:00:00-05|2019-07-03 10:32:54-05||t||1|0|f
20610|Kobal Senior 2020|2020-07-26 07:00:00-05|2020-08-08 10:00:00-05|48|103|63|http://www.kobal.camp/sr|<p>Ponemos a tu disposici&oacute;n las siguientes formas de pago:</p>\n\n<p>* En efectivo o con cheque directamente en nuestras oficinas.</p>\n\n<p>*Dep&oacute;sito o transferencia a la cuenta:</p>\n\n<p>BBVA BANCOMER<br />\n&Aacute;NGELA PATRICIA &Aacute;VILA ROJAS<br />\nCta <a href="tel:0199909435">0199909435</a> &nbsp;Clabe 012180001999094351</p>\n\n<p>Usa la referencia: {{referencia}}</p>\n\n<p>*Con tarjeta de cr&eacute;dito v&iacute;a PAYPAL en nuestro sistema de inscripci&oacute;n (Ojo, en pago con tarjeta aplica 5% de comisi&oacute;n).</p>\n\n<p><strong>IMPORTANTE:</strong></p>\n\n<p>**Mandar el comprobante de pago a pagos@kincamp.com indicando: nombre completo del participante.</p>\n\n<p>**En caso de requerir factura se agregar&aacute; el IVA correspondiente y te pedimos nos contactes para indicarte la forma de realizar el pago**</p>|2019-09-17|2022-10-03|t|150000|Bondojito 215|jaguarkobalsr20|||t|32000|f|f|15|15|2020-07-25 23:59:00-05|2019-09-17 19:13:00-05||f||1|0|f
20680|XV años mail|2019-12-18 20:33:36-06|2019-12-18 20:33:36-06|9|119|60|||2019-12-18|2022-10-03|f|0|.|.|||f|0|f|f|15|15|2019-12-18 20:33:36-06|2019-12-18 20:33:36-06||t||1|0|f
20471|NCM 3ro. sec. Mayo 2019|2019-05-17 07:00:00-05|2019-05-19 18:00:00-05|32|52|58|http://www.kincamp.com/ncm|<p>El costo del campamento es de: $4,000 (Cuatro mil pesos 00/100 M.N.)</p>\n\n<p>Las fechas de pago son las siguientes:</p>\n\n<p>1er pago $800 &nbsp;/ 17 Octubre 2018 (inscripci&oacute;n y anticipo)</p>\n\n<p>2do pago $800 / 14 de Diciembre 2018</p>\n\n<p>3er pago $800 / 18 de Febrero 2019</p>\n\n<p>4to pago $800 / 18 de Marzo 2019</p>\n\n<p>5to pago $800 / 3 de Mayo 2019 (finiquito)</p>\n\n<p><strong>La fecha l&iacute;mite de pago y registro es el 3 de Mayo 2019</strong></p>\n\n<p>Ponemos a tu disposici&oacute;n 2 formas de pago:</p>\n\n<p>*Dep&oacute;sito o transferencia a la cuenta:</p>\n\n<p>BBVA BANCOMER<br />\n&Aacute;NGELA PATRICIA &Aacute;VILA ROJAS<br />\nCta 0199909435 &nbsp;Clabe 012180001999094351</p>\n\n<p>*Con tarjeta de cr&eacute;dito v&iacute;a PAYPAL en nuestro sistema de inscripci&oacute;n (Ojo, en pago con tarjeta aplica 5% de comisi&oacute;n).</p>\n\n<p><strong>IMPORTANTE:</strong></p>\n\n<p>**Mandar el comprobante de pago a pagos@kincamp.com indicando: nombre completo del participante, escuela y grado.</p>\n\n<p>**En caso de requerir factura se agregar&aacute; el IVA correspondiente y te pedimos nos contactes para indicarte la forma de realizar el pago**</p>|2018-10-03|2022-10-03|t|150000|Parque San José la Pilita, en el acceso de "la Quinta"|fogatancm319|||t|4000|f|f|15|15|2019-05-08 07:42:52-05|2019-05-08 07:42:52-05||t||1|0|f
20656|Capacitación Reflexiones Junio 2020|2020-06-13 10:00:00-05|2020-06-13 18:00:00-05||104|63|http://www.kincamp.com||2019-11-01|2022-10-03|t||-|-|||t|0|f|f|15|15|2020-06-12 18:00:00-05|2019-11-01 11:16:13-06||t||1|0|f
20655|Social Zoológico Mayo 2020|2020-05-23 10:00:00-05|2020-05-16 15:00:00-05||104|61|http://www.kincamp.com||2019-11-01|2022-10-03|t|0|-|-|||t|0|f|f|15|15|2020-05-15 10:00:00-05|2019-11-01 11:14:19-06||t||1|0|f
20582|Tarbut 4to. bachillerato OAXACA Diciembre 2019|2019-12-01 08:00:00-06|2019-12-05 17:00:00-06|55|150|60|http://www.kincamp.com/tarbut||2019-07-23|2022-10-03|t|150000|el colegio|bosquetarbut419|||f|8900|f|f|15|15|2019-12-01 06:00:00-06|2019-07-23 12:47:46-05||t||1|0|f
20583|Tarbut 5to. bachillerato JALCO Diciembre 2019|2019-12-01 07:30:00-06|2019-12-05 16:30:00-06|14|150|60|http://www.kincamp.com/tarbut||2019-07-23|2022-10-03|t|150000|el colegio|bosquetarbut519|||f|10250|f|f|15|15|2019-12-01 07:00:00-06|2019-07-23 12:51:34-05||t||1|0|f
20584|Tarbut 6to. bachillerato HUASTECA Diciembre 2019|2019-12-01 05:45:00-06|2019-12-05 15:30:00-06|56|150|60|http://www.kincamp.com/tarbut||2019-07-23|2022-10-03|t|150000|el colegio|bosquetarbut619|||f|10800|f|f|15|15|2019-12-01 06:00:00-06|2019-07-23 12:52:20-05||t||1|0|f
20598|MDLC Noviembre 2019|2019-11-18 06:30:00-06|2019-11-22 18:00:00-06|32|75|60|http://www.kincamp.com/mdlc|<p>El costo del campamento es de $8,350 pesos* (Ocho mil trescientos cincuenta pesos 00/100MN).</p>\n\n<p>*Incluye iva</p>\n\n<p><strong>Fecha l&iacute;mite de pago y registro: 25 de Octubre 2019</strong></p>\n\n<p>Las fechas de pago son las siguientes:</p>\n\n<p>Pago 1 &ndash; 25 septiembre:&nbsp; $4,200 pesos</p>\n\n<p>Pago 2 (finiquito) &ndash; 25 de octubre: $4,150 pesos</p>\n\n<p><strong>Ponemos a tu disposici&oacute;n las siguientes formas de pago:</strong></p>\n\n<p>* En efectivo en las oficinas de Kin Camp (Chihuahua 230 PB, Roma Norte, CDMX)</p>\n\n<p>*Dep&oacute;sito o transferencia con factura a la cuenta:</p>\n\n<p>BBVA BANCOMER<br />\nKIN CAMP S.A. DE C.V.<br />\nCta 0146450970&nbsp; Clabe 012180001464509708</p>\n\n<p><strong>IMPORTANTE:</strong></p>\n\n<p>**Mandar el comprobante de pago a pagos@kincamp.com indicando: nombre completo del participante, escuela, grado y datos fiscales.</p>|2019-08-12|2022-10-03|t|150000|el colegio|bosquemdlc19|||f|8350|f|f|15|15|2019-10-25 10:00:00-05|2019-08-12 12:03:02-05||t||1|0|f
20663|Prueba automatica|2019-11-15 15:28:10-06|2019-11-16 16:59:17-06|48|103|61||<p>Prueba</p>|2019-11-11|2022-10-03|t|50|aqui|si||http://aca.com|f|355|t|f|15|15|2019-11-16 16:59:17-06|2019-11-15 15:28:10-06||t||1|0|f
20593|ASF 7th Oct. 2019|2019-10-21 05:50:00-05|2019-10-23 15:30:00-05|32|7|60|http://www.kincamp.com/asf||2019-08-12|2022-10-03|t|150000|ASF|bosqueasf719|||f|5350|f|f|15|15|2019-09-19 10:00:00-05|2019-08-12 11:25:17-05||t||1|0|f
20591|Piaget 1ro. sec. Octubre 2019|2019-10-14 06:30:00-05|2019-10-18 18:00:00-05|47|123|60|http://www.kincamp.com/piaget||2019-08-12|2022-10-03|t|150000|el colegio|bosquepiaget119|||t|7800|f|f|15|15|2019-10-07 10:00:00-05|2019-08-12 11:10:49-05||t||1|0|f
20625|Glaxo Daycamp Octubre 2019|2019-10-04 08:00:00-05|2019-10-04 14:00:00-05||103|60|http://www.kincamp.com/glaxo||2019-09-30|2022-10-03|t|150000|Glaxo|-|||t|0|f|f|15|15|2019-10-03 16:00:00-05|2019-09-30 11:28:46-05||t||1|0|f
20603|Social Picnic|2019-09-21 09:30:00-05|2019-09-21 14:00:00-05||119|60|||2019-08-30|2022-10-03|t|0|parque Tamayo|no hay|||t|0|f|f|15|15|2019-09-21 14:00:00-05|2019-09-21 09:30:00-05||t||1|0|f
20576|Capacitación Kines Nuevos 2019-2|2019-08-31 07:00:00-05|2019-09-01 20:00:00-05|48|103|59|||2019-07-22|2022-10-03|t|0|parque México|no hay|||t|1000|f|f|15|15|2019-09-01 20:00:00-05|2019-08-31 07:00:00-05||t||1|0|f
20585|Social - mil cascadas|2019-08-24 07:00:00-05|2019-08-25 18:00:00-05||119|60|||2019-07-29|2022-10-03|f|0|oficina|no hay|||f|0|f|f|15|15|2019-08-25 18:00:00-05|2019-08-24 07:00:00-05||t||1|0|f
20538|Villa High Sec. Junio 2019|2019-06-08 07:00:00-05|2019-06-10 18:00:00-05|32|142|59|http://www.kincamp.com/villahigh|<p>El costo del campamento es de $4,200 pesos (Cuatro mil doscientos pesos&nbsp;00/100MN).</p>\n\n<p><strong>La fecha l&iacute;mite de pago y registro es el 8 de Mayo 2019</strong></p>\n\n<p>Ponemos a tu disposici&oacute;n 2 formas de pago:</p>\n\n<p>*Dep&oacute;sito o transferencia a la cuenta:</p>\n\n<p>BBVA BANCOMER<br />\n&Aacute;NGELA PATRICIA &Aacute;VILA ROJAS<br />\nCta 0199909435 &nbsp;Clabe 012180001999094351</p>\n\n<p>*Con tarjeta de cr&eacute;dito v&iacute;a PAYPAL en nuestro sistema de inscripci&oacute;n (Ojo, en pago con tarjeta aplica 5% de comisi&oacute;n).</p>\n\n<p><strong>IMPORTANTE:</strong></p>\n\n<p>**Mandar el comprobante de pago a pagos@kincamp.com indicando: nombre completo del participante, escuela y grado.</p>\n\n<p>**En caso de requerir factura se agregar&aacute; el IVA correspondiente y te pedimos nos contactes para indicarte la forma de realizar el pago**</p>|2018-11-14|2022-10-03|t|150000|el colegio|fogatavillahigh19|||t|4200|f|f|15|15|2019-06-10 18:00:00-05|2019-06-08 07:00:00-05||t||1|0|f
20609|Kobal Junior 2020|2020-07-26 08:00:00-05|2020-08-08 10:00:00-05|58|103|63|http://www.kobal.camp/jr|<p>Ponemos a tu disposici&oacute;n las siguientes formas de pago:</p>\n\n<p>* En efectivo o con cheque directamente en nuestras oficinas.</p>\n\n<p>*Dep&oacute;sito o transferencia a la cuenta:</p>\n\n<p>BBVA BANCOMER<br />\n&Aacute;NGELA PATRICIA &Aacute;VILA ROJAS<br />\nCta <a href="tel:0199909435">0199909435</a> &nbsp;Clabe 012180001999094351</p>\n\n<p>Usa la referencia: {{referencia}}</p>\n\n<p>*Con tarjeta de cr&eacute;dito v&iacute;a PAYPAL en nuestro sistema de inscripci&oacute;n (Ojo, en pago con tarjeta aplica 5% de comisi&oacute;n).</p>\n\n<p><strong>IMPORTANTE:</strong></p>\n\n<p>**Mandar el comprobante de pago a pagos@kincamp.com indicando: nombre completo del participante.</p>\n\n<p>**En caso de requerir factura se agregar&aacute; el IVA correspondiente y te pedimos nos contactes para indicarte la forma de realizar el pago**</p>|2019-09-17|2022-10-03|t|150000|Bondojito 215|jaguarkobaljr20|||t|32000|f|f|16|15|2020-07-25 23:59:00-05|2019-09-17 19:07:00-05||f||1|0|f
20688|Formus Junio 2020 - Cancelado COVID|2020-06-17 07:00:00-05|2020-06-19 18:00:00-05|29|17|61|http://www.kincamp.com/formus||2020-01-30|2022-10-03|f|150000|Hotel Bahía Escondida|bosqueformus20|||f||f|f|15|15|2020-06-02 13:03:00-05|2020-01-30 13:03:00-06||t||1|0|f
20581|Tomás Moro Maguey 2do. primaria Abril 2020|2020-04-23 06:00:00-05|2020-04-23 18:00:00-05|51|66|61|http://www.kincamp.com/tomasmoro||2019-07-23|2022-10-03|f|150000|el colegio|bosquetomasmoro220|||f|0|f|f|15|15|2020-04-23 06:00:00-05|2019-07-23 12:34:46-05||t||1|0|f
21035|Asociación CEDYN Julio 2023|2023-07-07 06:00:00-06|2023-07-09 17:00:00-06|58|119|73|||2023-03-27|2023-03-27|t|0|-|-|||t|0|f|f|15|15|2023-07-09 17:00:00-06|2023-07-07 06:00:00-06||t||1|0|t
20643|Merici 1ro, 2do y 3ro Febrero 2020|2020-02-11 07:30:00-06|2020-02-13 18:00:00-06|9|27|61|http://www.kincamp.com/merici|<p>El costo del campamento es de $4,756 pesos (Cuatro mil setecientos cincuenta y seis&nbsp;pesos&nbsp;00/100MN).</p>\n\n<p><strong>La fecha l&iacute;mite de pago y registro es el 17 de enero 2020</strong></p>\n\n<p>&ndash; &ndash; &ndash; &ndash; &ndash;</p>\n\n<p><strong>Fechas de pago:</strong></p>\n\n<p>1er pago: del 11 al 15 de noviembre 2019 &ndash; $1,585 pesos</p>\n\n<p>2do pago: del 16 al 20 de diciembre 2019 &ndash; $1,585 pesos</p>\n\n<p>3er pago: del 13 al 17 de enero 2020 &ndash; $1,586 pesos</p>\n\n<p><strong>*Dep&oacute;sito o transferencia a la cuenta:</strong></p>\n\n<p>BBVA BANCOMER<br />\nKin Camp SA de CV<br />\nCTA 0146450970 CLABE 0121800 01464509708</p>\n\n<p><strong>IMPORTANTE:</strong></p>\n\n<p>**Mandar el comprobante de pago a pagos@kincamp.com indicando: nombre completo del participante, escuela y grado.</p>|2019-10-31|2022-10-03|t|150000|el colegio|bosquemerici12320|||t|4756|f|f|15|15|2020-01-17 18:00:00-06|2019-10-31 22:32:24-06||t||1|0|f
20674|Greengates J4 Febrero 2020|2020-02-10 08:00:00-06|2020-02-13 17:00:00-06|32|22|61|http://www.kincamp.com/greengates||2019-12-10|2022-10-03|t|150000|el colegio|bosquegreengates420|||t|6800|f|f|15|15|2020-01-27 18:00:00-06|2019-12-10 16:09:40-06||t||1|0|f
20672|TML 1ro. - Aviario Enero 2020|2020-01-23 07:00:00-06|2020-01-23 17:00:00-06||128|61|http://www.kincamp.com/tml|<p>El costo del campamento es de $875 y se realiza en en el colegio.&nbsp;</p>|2019-12-10|2022-10-03|t|150000|el colegio|bosquetml120|||t|875|f|f|15|15|2020-01-09 18:00:00-06|2019-12-10 15:56:25-06||t||1|0|f
20636|Bosque Real 1ro. y 2do. primaria Dic. 2019|2019-12-06 06:30:00-06|2019-12-07 16:00:00-06|25|53|60|http://www.kincamp.com/bosquereal|<p>El costo del campamento es de $2,900 pesos (Dos mil novecientos pesos 00/100MN).</p>\n\n<p><strong>* Fecha limite de pago y registro es el 21 de noviembre&nbsp;</strong></p>\n\n<p>Pago 1 &ndash; 25 al 31 de oct: $1,000 pesos</p>\n\n<p>Pago 2 (finiquito) &ndash; 15 al 21 de nov: $1,900</p>\n\n<p>Ponemos a tu disposici&oacute;n 2 formas de pago:</p>\n\n<p>*Dep&oacute;sito o transferencia a la cuenta:</p>\n\n<p>BBVA BANCOMER<br />\n&Aacute;NGELA PATRICIA &Aacute;VILA ROJAS<br />\nCta <a href="tel:0199909435">0199909435</a> &nbsp;Clabe 012180001999094351</p>\n\n<p>*Con tarjeta de cr&eacute;dito v&iacute;a PAYPAL en nuestro sistema de inscripci&oacute;n (Ojo, en pago con tarjeta aplica 5% de comisi&oacute;n).</p>\n\n<p><strong>IMPORTANTE:</strong></p>\n\n<p>**Mandar el comprobante de pago a pagos@kincamp.com indicando: nombre completo del participante, escuela y grado.</p>\n\n<p>**En caso de requerir factura se agregar&aacute; el IVA correspondiente y te pedimos nos contactes para indicarte la forma de realizar el pago**</p>|2019-10-17|2022-10-03|t|150000|el colegio|bosquebosquereal19|||t|2900|f|f|15|15|2019-11-21 18:00:00-06|2019-10-17 15:54:14-05||t||1|0|f
20685|Piaget 6to. primaria Junio 2020 - Cancelado COVID|2020-06-15 06:30:00-05|2020-06-19 18:00:00-05|32|123|63|http://www.kincamp.com/piaget|<p>La fecha&nbsp;l&iacute;mite de pago&nbsp;y registro&nbsp;es el 18 de mayo 2020</p>\n\n<p>El costo del campamento es de $7,950 pesos y se realiza directamente en el colegio.</p>|2020-01-14|2022-10-03|f|150000|el colegio|bosquepiaget620|||f|7950|f|f|15|15|2020-06-18 18:00:00-05|2020-01-14 11:30:00-06||t||1|0|f
20667|Eton Mayo 2020|2020-05-18 06:00:00-05|2020-05-22 18:00:00-05|32|20|61|http://www.kincamp.com/eton|<p><strong>La fecha l&iacute;mite de pago y registro es el 30 de abril.&nbsp;</strong></p>\n\n<p>El costo del campamento es de $8,380 pesos y se realiza en el colegio.</p>|2019-11-27|2022-10-03|f|150000|el colegio|bosqueeton20|||f|8380|f|f|15|15|2019-05-01 18:00:00-05|2019-11-27 11:53:00-06||t||1|0|f
20634|Teifaros 6to. Mayo 2020 - Cancelado COVID|2020-05-01 08:00:00-05|2020-05-04 18:00:00-05|48|111|63|http://www.kincamp.com/teifaros|<p>El precio del campamento es de $5,800 pesos (Cinco mil ochocientos pesos MN 00/100).</p>\n\n<p>Gotcha opcional: $300 pesos</p>\n\n<p>Ponemos a tu disposici&oacute;n 2 formas de pago:</p>\n\n<p>*Dep&oacute;sito o transferencia a la cuenta:</p>\n\n<p>BBVA BANCOMER<br />\n&Aacute;NGELA PATRICIA &Aacute;VILA ROJAS<br />\nCta 0199909435 &nbsp;Clabe 012180001999094351</p>\n\n<p>*Con tarjeta de cr&eacute;dito v&iacute;a PAYPAL en nuestro sistema de inscripci&oacute;n (Ojo, en pago con tarjeta aplica 5% de comisi&oacute;n).</p>\n\n<p><strong>IMPORTANTE:</strong></p>\n\n<p>**Mandar el comprobante de pago a pagos@kincamp.com indicando: nombre completo del participante, escuela y grado.</p>\n\n<p>**En caso de requerir factura se agregar&aacute; el IVA correspondiente y te pedimos nos contactes para indicarte la forma de realizar el pago**</p>|2019-10-11|2022-10-03|f|150000|el colegio|bosqueteifaros620|||f|5800|t|f|15|15|2020-04-01 18:00:00-06|2019-10-11 16:12:00-05||t||1|0|f
20678|ATS 6to. Marzo 2020 - Cancelado COVID|2020-03-22 07:00:00-06|2020-03-26 18:00:00-06|32|118|61|http://www.kincamp.com/ats|<p>El pago se realiza directamente en el colegio.&nbsp;</p>|2019-12-10|2022-10-03|f|150000|-|bosqueats20|||f|0|f|f|15|15|2020-03-06 18:00:00-06|2019-12-10 16:42:00-06||t||1|0|f
20671|TML 2do. - Reino Animal Marzo 2020|2020-03-12 07:30:00-06|2020-03-12 17:00:00-06||128|61|http://www.kincamp.com/tml|<p>La fecha l&iacute;mite de pago y registro es el 28 de Febrero 2020</p>\n\n<p>El costo de la salida escolar es de $950 pesos y se realiza en el colegio.</p>|2019-12-06|2022-10-03|t|150000|el colegio|bosquetml220|||t|950|f|f|15|15|2020-02-28 18:00:00-06|2019-12-06 12:05:40-06||t||1|0|f
20578|Tomás Moro Maguey 3ro. primaria Marzo 2020|2020-03-04 07:30:00-06|2020-03-05 17:30:00-06|9|66|61|http://www.kincamp.com/tomasmoro|<p>El costo del campamento es de $4,060* pesos (Cuatro mil sesenta pesos 00/100MN)&nbsp;<strong>*Incluye IVA*</strong></p>\n\n<p>Pago 1: del 16 al 20 de diciembre &ndash; $1,353 pesos</p>\n\n<p>Pago 2: del 13 al 17 de enero &ndash; $1,353 pesos</p>\n\n<p>Pago 3: del 14 al 19 de febrero &ndash; $1,354 pesos</p>\n\n<p><strong>La fecha l&iacute;mite de pago y registro es el 19 de febrero 2020</strong></p>\n\n<p>&ndash; Dep&oacute;sito o transferencia a cuenta:</p>\n\n<p>BBVA<br />\nKin Camp SA de CV<br />\nCta: 0146450970<br />\nClabe: 012180001464509708</p>\n\n<p><strong>IMPORTANTE:&nbsp;</strong><strong>*Debes enviar el comprobante con nombre del participante, grado, colegio y datos fiscales al correo pagos@kincamp.com*</strong></p>|2019-07-23|2022-10-03|t|150000|el colegio|bosquetomasmoro320|||t|4060|f|f|15|15|2020-03-05 06:00:00-06|2019-07-23 07:00:00-05||t||1|0|f
20668|TML 5to. Febrero 2020|2020-02-25 06:00:00-06|2020-02-27 18:00:00-06|48|128|61|http://www.kincamp.com/tml|<p>El costo del campamento es de $5,000 pesos. El pago se realiza en el colegio.&nbsp;</p>|2019-11-28|2022-10-03|t|150000|el colegio|bosquetml520|||t|5000|f|f|15|15|2020-02-11 18:00:00-06|2019-11-28 10:32:25-06||t||1|0|f
20676|Piaget 3ro. primaria Febrero 2020|2020-02-19 06:00:00-06|2020-02-21 16:30:00-06|45|123|61|http://www.kincamp.com/piaget|<p>El costo del campamento es de $5,300 pesos y se realiza directamente en el colegio.&nbsp;</p>|2019-12-10|2022-10-03|t|150000|el colegio|bosquepiaget320|||t|5300|f|f|15|15|2020-02-05 18:00:00-06|2019-12-10 16:26:42-06||t||1|0|f
20669|TML 3ro Febrero 2020|2020-02-19 06:00:00-06|2020-02-20 18:00:00-06|9|128|61|http://www.kincamp.com/tml|<p>El costo del campamento es de $3,200 pesos y se realiza en el colegio.&nbsp;</p>|2019-11-28|2022-10-03|t|150000|el colegio|bosquetml320|||t|3200|f|f|15|15|2020-02-05 18:00:00-06|2019-11-28 11:49:00-06||t||1|0|f
20682|Glaxo Daycamp Enero 2020|2020-01-31 08:00:00-06|2020-01-31 14:00:00-06||103|61|http://www.kincamp.com/glaxo|<p>El costo del daycamp es de $270 pesos (Doscientos setenta&nbsp;pesos&nbsp;00/100MN).</p>\n\n<p><strong>El pago se deber&aacute; realizar en el &aacute;rea de Recursos Humanos con Elisa Haces.</strong></p>|2020-01-13|2022-10-03|t|150000|Glaxo|-|||t|270|f|f|15|15|2020-01-27 18:00:00-06|2020-01-13 11:08:49-06||t||1|0|f
20751|Grupo Estudio CE1 - Olga 2021|2021-01-04 08:30:00-06|2021-07-02 13:30:00-05|24|43|62|||2021-01-01|2022-10-03|t|0|Por definir|.||http://www.noaplica.com|t|6000|f|f|15|15|2021-01-01 21:45:22.465063-06|2021-01-01 21:45:22.465059-06||f||1|0|f
20681|ASFM 7th Grade April 2020|2020-08-27 12:00:00-05|2020-08-30 18:00:00-05||155|61|http://www.kincamp.com/asfm|<p>Price per student: $6,800 pesos (includes vat)</p>\n\n<p>First payment: February 14 &ndash; $3,400 pesos</p>\n\n<p>Second payment: March 13 &ndash; $3,400 pesos</p>\n\n<p>Payment method:</p>\n\n<p>BBVA<br />\nKin Camp SA de CV<br />\nCta: 0146450970<br />\nClabe: 012180001464509708</p>\n\n<p><strong>IMPORTANT: You must send the voucher with camper&rsquo;s name, school and fiscal data to pagos@kincamp.com</strong></p>|2020-01-07|2022-10-03|f|150000|Colegio|bosqueasfm720|||f|6800|t|f|15|15|2020-08-13 14:47:00-05|2020-01-07 14:47:00-06||f||1|0|f
20658|Kincena Julio 2020|2020-07-04 18:00:00-05|2020-07-04 02:00:00-05||119|61|http://www.kincamp.com||2019-11-01|2022-10-03|t|0|-|-|||t|0|f|f|15|15|2020-07-03 18:00:00-05|2019-11-01 11:18:18-06||t||1|0|f
20690|Eufrosina 3ro sec. Junio 2020 - Cancelado COVID|2020-06-08 07:00:00-05|2020-06-10 18:00:00-05|32|126|63|http://www.kincamp.com/eufrosina|<p>El costo del campamento es de $5,600 pesos (Cinco mil seiscientos pesos 00/100MN)&nbsp;y se realiza directamente en el colegio.</p>\n\n<p>La fecha l&iacute;mite de pago es el 18 de mayo 2020</p>\n\n<p>**En caso de requerir factura se agregar&aacute; el IVA correspondiente y te pedimos nos contactes para indicarte la forma de realizar el pago**</p>|2020-02-07|2022-10-03|f|150000|el colegio|bosqueeufrosina320|||f|5600|f|f|15|15|2020-05-18 18:00:00-05|2020-02-07 11:59:00-06||t||1|0|f
20684|Piaget 1ro primaria Mayo 2020 - Cancelado COVID|2020-05-27 06:30:00-05|2020-05-29 18:00:00-05|25|123|61|http://www.kincamp.com/piaget|<p>La fecha&nbsp;l&iacute;mite de pago&nbsp;y registro&nbsp;es el 30&nbsp;de abril&nbsp;2020</p>\n\n<p>El costo del campamento es de $5,000&nbsp;pesos y se realiza directamente en el colegio.</p>|2020-01-14|2022-10-03|f|150000|el colegio|bosquepiaget120|||f|5000|f|f|15|15|2020-04-30 18:00:00-05|2020-01-14 11:26:00-06||t||1|0|f
20654|Capacitación Proactivo Mayo 2020|2020-05-09 10:00:00-05|2020-05-09 18:00:00-05||119|61|http://www.kincamp.com||2019-11-01|2022-10-03|t|0|-|-|||t|0|f|f|15|15|2020-05-08 18:00:00-05|2019-11-01 11:08:36-06||t||1|0|f
20679|TML 4to. Marzo 2020 - Cancelado COVID|2020-03-24 06:30:00-06|2020-03-26 18:00:00-06|42|128|61|http://www.kincamp.com/tml|<p>La fecha l&iacute;mite de pago y registro es el 10 de marzo 2020</p>\n\n<p>El costo&nbsp;del campamento es de $5,000 pesos y se realiza directamente en el colegio.</p>|2019-12-10|2022-10-03|f|150000|el colegio|bosquetml420|||f|4750|f|f|15|15|2020-03-10 18:00:00-06|2019-12-10 16:46:00-06||t||1|0|f
20683|Glaxo Daycamp Marzo 2020|2020-03-13 08:00:00-06|2020-03-13 14:00:00-06||103|61|http://www.kincamp.com/glaxo||2020-01-13|2022-10-03|t|150000|Glaxo|-|||t|270|f|f|15|15|2020-03-09 14:05:38-06|2020-01-13 11:13:25-06|<p>El costo del daycamp es de $270 pesos (Doscientos setenta&nbsp;pesos&nbsp;00/100MN).</p>\n\n<p>El pago se deber&aacute; realizar en el &aacute;rea de Recursos Humanos con Elisa Haces.</p>|t||1|0|f
20622|Humanitree Bloom 5 Febrero 2020|2020-02-28 07:00:00-06|2020-03-05 18:00:00-06|50|138|61|http://www.kincamp.com/humanitree|<p>El costo del campamento es de $21,500 pesos (Veintiun mil quinientos pesos&nbsp;00/100MN)</p>\n\n<p><strong>1er pago: 13 de Noviembre 2019 &ndash; $16,000 pesos</strong></p>\n\n<p>*Dep&oacute;sito o transferencia a la cuenta:</p>\n\n<p>BBVA BANCOMER<br />\n&Aacute;NGELA PATRICIA &Aacute;VILA ROJAS<br />\nCta 0199909435 &nbsp;Clabe 012180001999094351</p>\n\n<p><strong>2do pago: 13 de Diciembre 2019 &ndash; $5,500 pesos</strong></p>\n\n<p>*Dep&oacute;sito o transferencia a la cuenta:</p>\n\n<p>BANAMEX Sucursal 7008<br />\nFLORENTINO BISTRA&Iacute;N P&Eacute;REZ BRAVO<br />\nCta 8032924 Clabe 002109700880329249</p>\n\n<p><strong>IMPORTANTE:</strong></p>\n\n<p>**Mandar el comprobante de pago a pagos@kincamp.com indicando: nombre completo del participante, escuela y grado.</p>\n\n<p>**En caso de requerir factura se agregar&aacute; el IVA correspondiente y te pedimos nos contactes para indicarte la forma de realizar el pago**</p>|2019-09-26|2022-10-03|t|150000|el colegio|bosquehumanitree520|||t|21500|f|f|15|15|2020-01-27 10:00:00-06|2019-09-26 11:48:11-05||t||1|0|f
20675|Piaget 2do. primaria Febrero 2020|2020-02-19 06:00:00-06|2020-02-21 15:30:00-06|42|123|61|http://www.kincamp.com/piaget|<p>El costo del campamento es de $5,200 pesos y se realiza directamente en el colegio.&nbsp;</p>|2019-12-10|2022-10-03|t|150000|el colegio|bosquepiaget220|||t|5200|f|f|15|15|2020-02-05 18:00:00-06|2019-12-10 16:23:07-06||t||1|0|f
20619|TCS 5to. primaria Enero 2020|2020-01-27 06:00:00-06|2020-01-30 18:00:00-06|9|48|61|http://www.kincamp.com/tcs|<p>El costo del campamento es de $7,308 pesos (Siete mil trescientos ocho pesos 00/100 M.N.)</p>\n\n<p>Si vendr&aacute;n hermanos al campamento, Kin Camp ofrece un 10% de descuento a cada uno.</p>\n\n<p><strong>La fecha l&iacute;mite de pago y registro es el 13 de enero 2020</strong></p>\n\n<p>&ndash; &ndash; &ndash; &ndash; &ndash;</p>\n\n<p><strong>Ponemos a tu disposici&oacute;n las siguientes fechas de pago:&nbsp;</strong></p>\n\n<p>1er pago &ndash; 15 de Noviembre 2019: $2,436</p>\n\n<p>2do pago &ndash; 13 Diciembre 2019: $2,436</p>\n\n<p>3er pago -13 Enero 2020: $2,436</p>\n\n<p><strong>*Dep&oacute;sito o transferencia a la cuenta:</strong></p>\n\n<p>BBVA<br />\nKin Camp SA de CV<br />\nCta: <a href="tel:0146450970">0146450970</a><br />\nClabe: 012180001464509708</p>\n\n<p><strong>IMPORTANTE:</strong></p>\n\n<p>**Mandar el comprobante de pago a pagos@kincamp.com indicando: nombre completo del participante, escuela y grado.</p>|2019-09-23|2022-10-03|t|150000|el colegio|bosquetcs520|||t|7308|f|f|15|15|2020-01-13 18:00:00-06|2019-09-23 13:49:49-05||t||1|0|f
20762|Grupo Estudio - CE1 Polanco Ileana|2021-03-21 08:30:00-06|2021-07-02 13:30:00-05|24|43|66|http://www.kincamp.com||2021-03-18|2022-10-03|t|0|Polanco|.||http://no.aplica.com|t|1500|f|f|15|15|2021-07-09 13:30:00-05|2021-03-21 08:30:00-06||f||1|0|f
20759|Burbuja Estudio EFAD PS San Miguel|2021-03-02 09:00:00-06|2021-07-02 14:00:00-05|24|158|64|http://www.kincamp.com||2021-02-23|2022-10-03|t|0|Rebollar 95 San Miguel Chapultepec|.||http://www.noaplica.com|t|6000|f|f|15|15|2021-07-09 14:00:00-05|2021-03-02 09:00:00-06||t||1|0|f
20692|Villa High Junio 2020 - Cancelado COVID|2020-06-22 07:00:00-05|2020-06-24 18:00:00-05|48|142|63|http://www.kincamp.com/villahigh|<h4>Precios y Formas de Pago</h4>\n\n<p>El costo del campamento es de $4,500 pesos (Cuatro mil quinientos pesos&nbsp;00/100MN).</p>\n\n<p><strong>La fecha l&iacute;mite de pago y registro es el 5 de junio 2020</strong></p>\n\n<p>Fechas de pago:</p>\n\n<p>Pago 1 (apartado): 5 de marzo &ndash; $1,100 pesos</p>\n\n<p>Pago 2: 3 de abril &ndash; $1,100 pesos</p>\n\n<p>Pago 3: 5 de mayo &ndash; $1,100 pesos</p>\n\n<p>Pago 4: 5 de junio &ndash; $1,200 pesos</p>\n\n<p>Ponemos a tu disposici&oacute;n 2 formas de pago:</p>\n\n<p>*Dep&oacute;sito o transferencia a la cuenta:</p>\n\n<p>BBVA BANCOMER<br />\n&Aacute;NGELA PATRICIA &Aacute;VILA ROJAS<br />\nCta 0199909435 &nbsp;Clabe 012180001999094351</p>\n\n<p>*Con tarjeta de cr&eacute;dito v&iacute;a PAYPAL en nuestro sistema de inscripci&oacute;n (Ojo, en pago con tarjeta aplica 5% de comisi&oacute;n).</p>\n\n<p><strong>IMPORTANTE:</strong></p>\n\n<p>**Mandar el comprobante de pago a pagos@kincamp.com indicando: nombre completo del participante, escuela y grado.</p>\n\n<p>**En caso de requerir factura se agregar&aacute; el IVA correspondiente y te pedimos nos contactes para indicarte la forma de realizar el pago**</p>|2020-02-14|2022-10-03|t|150000|el colegio|bosquevillahigh20|||t|4500|f|f|15|15|2020-06-05 18:00:00-05|2020-02-14 11:40:00-06||f||1|0|f
20750|Grupo Estudio Coyoacán Carolina Coppel 2021|2021-01-04 08:30:00-06|2021-07-02 13:30:00-05|24|43|62|||2021-01-01|2022-10-03|t|0|Por definir|.||http://www.noaplica.com|t|6000|f|f|15|15|2021-01-01 21:37:43.187573-06|2021-01-01 21:37:43.18757-06||f||1|0|f
20749|Grupo Estudio - MS - Lorena Alvarez 2021|2021-01-04 08:30:00-06|2021-07-02 13:30:00-05|24|43|62|||2021-01-01|2022-10-03|t|0|Sierra Fria 640, lomas de chapultepec|.||http://www.noaplica.com|t|6000|f|f|15|15|2021-01-01 21:29:45.332897-06|2021-01-01 21:29:45.332894-06||f||1|0|f
20580|Tomás Moro Maguey 6to. primaria Mayo 2020|2020-05-27 06:00:00-05|2020-05-29 18:00:00-05|45|66|61|http://www.kincamp.com/tomasmoro|<p>El costo del campamento es de $6,519 pesos (Seis mil quinientos diecinueve pesos 00/100 M.N.)</p>\n\n<p><strong>La fecha l&iacute;mite de pago y registro es el 13 de mayo 2020</strong></p>\n\n<p>1er pago: 9 al 13 de enero &ndash; $2,173 pesos</p>\n\n<p>2do pago: 16 al 20 de marzo &ndash; $2,173 pesos</p>\n\n<p>3er pago: 9 al 13 de mayo &ndash; $2,173 pesos</p>\n\n<p>&ndash; &ndash; &ndash; &ndash; &ndash;</p>\n\n<p><strong>*Dep&oacute;sito o transferencia a la cuenta:</strong></p>\n\n<p>BBVA<br />\nKin Camp SA de CV<br />\nCta: 0146450970<br />\nClabe: 012180001464509708</p>\n\n<p><strong>IMPORTANTE:&nbsp;</strong><strong>*Debes enviar el comprobante con nombre del participante, grado, colegio y datos fiscales al correo pagos@kincamp.com*</strong></p>|2019-07-23|2022-10-03|f|150000|el colegio|bosquetomasmoro620|||f|6519|t|f|15|15|2020-05-27 06:00:00-05|2019-07-23 12:32:00-05||t||1|0|f
20677|Humanitree Bloom 3 y 4 Marzo 2020|2020-03-09 07:30:00-06|2020-03-12 16:30:00-06|32|138|61|http://www.kincamp.com/humanitree|<p>El costo del campamento es de $7,300 pesos (Siete mil trescientos pesos&nbsp;00/100MN).</p>\n\n<p><strong>La fecha l&iacute;mite de pago y registro es el 21 de febrero 2020</strong></p>\n\n<p>Ponemos a tu disposici&oacute;n las siguientes formas de pago:</p>\n\n<p>*Dep&oacute;sito o transferecncia:</p>\n\n<p>BBVA BANCOMER<br />\nAngela Patricia Avila Rojas<br />\nCta 0199909435<br />\nClabe 012180001999094351</p>\n\n<p>*Con tarjeta de cr&eacute;dito v&iacute;a PAYPAL en nuestro sistema de inscripci&oacute;n (Ojo, en pago con tarjeta aplica 5% de comisi&oacute;n).</p>\n\n<p><strong>IMPORTANTE:</strong></p>\n\n<p>**Mandar el comprobante de pago a pagos@kincamp.com indicando: nombre completo del participante, escuela y grado.</p>\n\n<p>**En caso de requerir factura se agregar&aacute; el IVA correspondiente y te pedimos nos contactes para indicarte la forma de realizar el pago**</p>|2019-12-10|2022-10-03|t|150000|el colegio|bosquehumanitree3420|||t|7300|f|f|15|15|2020-03-24 18:00:00-06|2019-12-10 16:32:32-06||f||1|0|f
20642|Marymount Senior Integration 2020|2020-01-30 06:30:00-06|2020-02-02 16:30:00-06|25|65|61|http://www.kincamp.com/marymount|<p>El costo del campamento es de $8,500 pesos (Ocho mil quinientos&nbsp;pesos&nbsp;00/100MN).</p>\n\n<p><strong>La fecha l&iacute;mite de pago y registro es el 17 de enero 2020</strong></p>\n\n<p>&ndash; &ndash; &ndash; &ndash; &ndash;</p>\n\n<p><strong>Fechas de pago:</strong></p>\n\n<p>1er pago: 15 de noviembre &ndash; $4,250 pesos</p>\n\n<p>2do pago: 17 de enero &ndash;&nbsp; $4,250 pesos</p>\n\n<p>Ponemos a tu disposici&oacute;n 2 formas de pago:</p>\n\n<p><strong>*Dep&oacute;sito o transferencia a la cuenta:</strong></p>\n\n<p>BBVA BANCOMER<br />\n&Aacute;NGELA PATRICIA &Aacute;VILA ROJAS<br />\nCta 0199909435 &nbsp;Clabe 012180001999094351</p>\n\n<p><strong>*Con tarjeta de cr&eacute;dito v&iacute;a PAYPAL en nuestro sistema de inscripci&oacute;n (Ojo, en pago con tarjeta aplica 5% de comisi&oacute;n).</strong></p>\n\n<p><strong>IMPORTANTE:</strong></p>\n\n<p>**Mandar el comprobante de pago a pagos@kincamp.com indicando: nombre completo del participante, escuela y grado.</p>\n\n<p>**En caso de requerir factura se agregar&aacute; el IVA correspondiente y te pedimos nos contactes para indicarte la forma de realizar el pago**</p>|2019-10-31|2022-10-03|t|150000|Colegio Marymount|bosquemarymount20|||t|8500|f|f|15|15|2020-01-17 23:59:59-06|2019-10-31 13:00:27-06||t||1|0|f
20746|Grupo Estudio - GS - Zebadua 2021|2021-01-04 08:30:00-06|2021-07-02 13:30:00-05|24|43|62|http://www.kincamp.com||2021-01-01|2022-10-03|t|0|Sierra Fria 640, lomas de chapultepec|.||http://www.noaplica.com|t|4000|f|f|15|15|2021-07-02 13:30:00-05|2021-01-04 08:30:00-06||f||1|0|f
20661|Aristos de Metepec Junio 2020|2020-06-12 07:00:00-05|2020-06-14 18:00:00-05|58|130|63|http://www.kincamp.com/aristos|<p>El costo del campamento es de $4,100 pesos (Cuatro mil cien pesos 00/100MN).</p>\n\n<p>&middot; &nbsp; &nbsp; &nbsp; 1er pago: del 25 al 28 de noviembre &ndash; $1,500 pesos</p>\n\n<p>&middot; &nbsp; &nbsp; &nbsp; 2do pago: del 2 al 5 de marzo &ndash; $1,500 pesos</p>\n\n<p>&middot; &nbsp; &nbsp; &nbsp; 3er pago: del 4 al 7 de mayo &ndash; $1,100 pesos</p>\n\n<p>Ponemos a tu disposici&oacute;n 2 formas de pago:</p>\n\n<p>*Dep&oacute;sito o transferencia a la cuenta:</p>\n\n<p>BBVA BANCOMER<br />\n&Aacute;NGELA PATRICIA &Aacute;VILA ROJAS<br />\nCta 0199909435 &nbsp;Clabe 012180001999094351</p>\n\n<p>*Con tarjeta de cr&eacute;dito v&iacute;a PAYPAL en nuestro sistema de inscripci&oacute;n (Ojo, en pago con tarjeta aplica 5% de comisi&oacute;n).</p>\n\n<p><strong>IMPORTANTE:</strong></p>\n\n<p>**Mandar el comprobante de pago a pagos@kincamp.com indicando: nombre completo del participante, escuela y grado.</p>\n\n<p>**En caso de requerir factura se agregar&aacute; el IVA correspondiente y te pedimos nos contactes para indicarte la forma de realizar el pago**</p>|2019-11-06|2022-10-03|f|150000|el colegio|bosquearistos20|||f|4100|t|f|15|15|2020-06-07 18:00:00-05|2019-11-06 12:23:00-06||t||1|0|f
20694|Apoyo Alpinia 2|2020-03-28 06:00:00-06|2020-03-29 18:00:00-06|48|119|61|||2020-02-18|2022-10-03|t|0|oficina|no hay|||t|0|f|f|15|15|2020-03-29 18:00:00-06|2020-03-28 06:00:00-06||t||1|0|f
20693|Apoyo Alpinia 1|2020-03-24 06:00:00-06|2020-03-26 18:00:00-06|48|119|61|||2020-02-18|2022-10-03|t|0|oficina|no hay|||t|0|f|f|15|15|2020-03-26 18:00:00-06|2020-03-24 06:00:00-06||t||1|0|f
20639|CEM Marzo 2020|2020-03-13 06:30:00-06|2020-03-15 18:00:00-06|58|57|61|http://www.kincamp.com/cem|<p>El costo del campamento es de $4,200 pesos (Cuatro mil doscientos pesos 00/100 M.N).</p>\n\n<p><strong>Fecha l&iacute;mite de pago y registro es el 28 de febrero 2020</strong></p>\n\n<p>1er pago: del 13 al 20 de diciembre &ndash; $1,400 pesos</p>\n\n<p>2do pago: del 27 al 31 de enero &ndash; $1,400 pesos</p>\n\n<p>3er pago: del 24 al 28 de febrero &ndash; $1,400 pesos</p>\n\n<p>Ponemos a tu disposici&oacute;n 2 formas de pago:</p>\n\n<p>*Dep&oacute;sito o transferencia a la cuenta:</p>\n\n<p>BBVA BANCOMER<br />\n&Aacute;NGELA PATRICIA &Aacute;VILA ROJAS<br />\nCta 0199909435 &nbsp;Clabe 012180001999094351</p>\n\n<p>*Con tarjeta de cr&eacute;dito v&iacute;a PAYPAL en nuestro sistema de inscripci&oacute;n (Ojo, en pago con tarjeta aplica 5% de comisi&oacute;n).</p>\n\n<p><strong>IMPORTANTE:</strong></p>\n\n<p>**Mandar el comprobante de pago a pagos@kincamp.com indicando: nombre completo del participante, escuela y grado.</p>\n\n<p>**En caso de requerir factura se agregar&aacute; el IVA correspondiente y te pedimos nos contactes para indicarte la forma de realizar el pago**</p>|2019-10-24|2022-10-03|t|150000|el colegio|bosquecem20|||t|4200|f|f|15|15|2020-03-01 18:00:00-06|2019-10-24 20:38:22-05||t||1|0|f
20641|Rootland Junio 2020 - Pospuesto COVID|2020-03-27 06:30:00-06|2020-03-31 18:00:00-06|32|153|61|http://www.kincamp.com/rootland|<p>El costo del campamento es de $6,950 pesos (Seis mil novecientos cincuenta&nbsp;pesos&nbsp;00/100MN).</p>\n\n<p><strong>La fecha l&iacute;mite de pago y registro es el 13 de marzo 2020</strong></p>\n\n<p>Ponemos a tu disposici&oacute;n las siguentes fechas de pago:</p>\n\n<p>1er pago: 9 al 13 de Diciembre &ndash; $1,700 pesos</p>\n\n<p>2do Pago: 13 al 17 de enero &ndash; $1,750 pesos</p>\n\n<p>3er Pago: 17 al 21 de febrero &ndash; $1,750 pesos</p>\n\n<p>4to Pago: 9 al 13 de marzo &ndash; $1,750 pesos</p>\n\n<p>BBVA BANCOMER<br />\nAngela Patricia Avila Rojas<br />\nCta 0199909435<br />\nClabe 012180001999094351</p>\n\n<p>*Con tarjeta de cr&eacute;dito v&iacute;a PAYPAL en nuestro sistema de inscripci&oacute;n (Ojo, en pago con tarjeta aplica 5% de comisi&oacute;n).</p>\n\n<p><strong>IMPORTANTE:</strong></p>\n\n<p>**Mandar el comprobante de pago a pagos@kincamp.com indicando: nombre completo del participante, escuela y grado.</p>\n\n<p>**En caso de requerir factura se agregar&aacute; el IVA correspondiente y te pedimos nos contactes para indicarte la forma de realizar el pago**</p>|2019-10-25|2023-03-11|t|150000|el colegio|bosquerootland20|||t|6950|f|f|15|15|2020-03-13 18:00:00-06|2019-10-25 14:30:00-05||f||1|0|f
20747|Grupo Estudio - CP - Gina Barrios 2021|2021-01-04 08:30:00-06|2021-02-12 13:30:00-06|24|43|62|http://www.kincamp.com||2021-01-01|2022-10-03|t|0|Por definir|.||http://www.noaplica.com|t|6000|f|f|15|15|2021-01-01 21:13:00-06|2021-01-01 21:13:00-06||f||1|0|f
20726|Grupo de estudio Petite Section - Sofía Rodriguez|2020-09-17 08:45:00-05|2020-12-18 13:45:00-06|24|43|62||<p>El costo del apoyo escolar es de:</p>\n\n<p>- $1,500 pesos por semana por participante</p>\n\n<p>&ndash; &ndash; &ndash; &ndash; &ndash;</p>\n\n<p>Ponemos a tu disposici&oacute;n 2&nbsp;formas de pago:</p>\n\n<p><strong>*Dep&oacute;sito o transferencia a la cuenta:</strong></p>\n\n<p>BBVA BANCOMER<br />\n&Aacute;NGELA PATRICIA &Aacute;VILA ROJAS<br />\nCta 0199909435 &nbsp;Clabe 012180001999094351</p>\n\n<p><strong>*Con tarjeta de cr&eacute;dito v&iacute;a PAYPAL en nuestro sistema de inscripci&oacute;n (Ojo, en pago con tarjeta aplica 5% de comisi&oacute;n).</strong></p>\n\n<p><strong>IMPORTANTE:</strong></p>\n\n<p>**Mandar el comprobante de pago a pagos@kincamp.com indicando: nombre completo del participante y semana en la que participar&aacute;.</p>\n\n<p>**En caso de requerir factura se agregar&aacute; el IVA correspondiente y te pedimos nos contactes para indicarte la forma de realizar el pago**</p>|2020-09-09|2022-10-03|t|0|Sierra Vertientes 439A, Lomas de Chapultepec|.|||t|1500|t|t|15|15|2020-12-18 14:00:00-06|2020-09-17 09:00:00-05||t||1|0|f
20659|Miraflores Cuernavaca 6to. Mayo 2020 - Pospuesto COVID|2020-05-24 07:00:00-05|2020-05-28 18:00:00-05|32|14|61|http://www.kincamp.com/miraflores|<p>El costo del campamento es de $7,800 pesos (Siete mil ochocientos pesos&nbsp;00/100MN).</p>\n\n<p><strong>La fecha l&iacute;mite de pago y registro es el 8 de mayo 2020</strong></p>\n\n<p>&ndash; &ndash; &ndash; &ndash; &ndash;</p>\n\n<p><strong>Fechas de pago:</strong></p>\n\n<p>Inscripci&oacute;n: del 9 a 13 de diciembre 2019 &ndash; $1,560 pesos</p>\n\n<p>2do pago: del 13 al 17 enero 2020 &ndash; $1,560 pesos</p>\n\n<p>3er pago: del 10 al 14 febrero 2020 &ndash; $1,560 pesos</p>\n\n<p>4to pago: del 9 al 13 marzo 2020 &ndash; $1,560 pesos</p>\n\n<p>5to pago: Finiquito del 5 al 8 mayo 2020 &ndash; $1,560 pesos</p>\n\n<p>Ponemos a tu disposici&oacute;n 2 formas de pago:</p>\n\n<p><strong>*Dep&oacute;sito o transferencia a la cuenta:</strong></p>\n\n<p>BBVA BANCOMER<br />\n&Aacute;NGELA PATRICIA &Aacute;VILA ROJAS<br />\nCta 0199909435 &nbsp;Clabe 012180001999094351</p>\n\n<p><strong>*Con tarjeta de cr&eacute;dito v&iacute;a PAYPAL en nuestro sistema de inscripci&oacute;n (Ojo, en pago con tarjeta aplica 5% de comisi&oacute;n).</strong></p>\n\n<p><strong>IMPORTANTE:</strong></p>\n\n<p>**Mandar el comprobante de pago a pagos@kincamp.com indicando: nombre completo del participante, escuela y grado.</p>\n\n<p>**En caso de requerir factura se agregar&aacute; el IVA correspondiente y te pedimos nos contactes para indicarte la forma de realizar el pago**</p>|2019-11-05|2022-10-03|t|150000|el colegio|bosquemiraflores20|||t|7800|t|f|15|15|2020-05-08 12:49:00-05|2019-11-05 12:49:00-06||t||1|0|f
20631|Hamilton 6to. Primaria Mayo 2020 - Cancelado COVID|2020-05-01 06:00:00-05|2020-05-04 18:00:00-05|25|54|61|http://www.kincamp.com/hamilton|<p>El costo del campamento es de $7,280 pesos (Siete mil doscientos ochenta pesos 00/100MN). *Incluye IVA</p>\n\n<p>La fecha l&iacute;mite de pago y registro es el 3 de abril 2020</p>\n\n<p>Fechas de pago:</p>\n\n<p>1er pago: 4 de noviembre 2019 &ndash; $1,820 pesos<br />\n2do pago: 2 de diciembre 2019 &ndash; $1,820 pesos<br />\n3er pago: 4 de febrero 2020 &ndash; $1,820 pesos<br />\n4to pago: 3 de abril 2020 &ndash; 1,820 pesos</p>\n\n<p>*En caso de cumplir con los pagos en las 4 fechas se&ntilde;aladas, obtendr&aacute;n un 10% de descuento.</p>\n\n<p>*En caso de cancelaci&oacute;n despu&eacute;s del 4 de marzo 2020, no se reembolsar&aacute;n anticipos.</p>\n\n<p>&ndash; &ndash; &ndash; &ndash; &ndash;</p>\n\n<p>*Dep&oacute;sito o transferencia a la cuenta:</p>\n\n<p>BBVA<br />\nKin Camp SA de CV<br />\nCta: 0146450970<br />\nClabe: 012180001464509708</p>\n\n<p>IMPORTANTE:</p>\n\n<p>**Mandar el comprobante de pago a pagos@kincamp.com indicando: nombre completo del participante, escuela y grado.</p>|2019-10-08|2022-10-03|f|150000|el colegio|bosquehamilton620|||f|7280|f|f|15|15|2020-04-26 18:00:00-05|2019-10-08 12:39:00-05||t||1|0|f
20737|Grupo Estudio - PS y GS - LIZ|2020-11-03 08:45:00-06|2020-12-18 13:45:00-06|24|43|62||<p>El costo del apoyo escolar es de:</p>\n\n<p>- $1,500 pesos por semana por participante<br />\n<br />\nEl costo de la primer semana ser&aacute; de solo 1,200 pesos por ser semana corta.</p>\n\n<p>&ndash; &ndash; &ndash; &ndash; &ndash;</p>\n\n<p>Ponemos a tu disposici&oacute;n 2&nbsp;formas de pago:</p>\n\n<p><strong>*Dep&oacute;sito o transferencia a la cuenta:</strong></p>\n\n<p>BBVA BANCOMER<br />\n&Aacute;NGELA PATRICIA &Aacute;VILA ROJAS<br />\nCta 0199909435 &nbsp;Clabe 012180001999094351</p>\n\n<p><strong>*Con tarjeta de cr&eacute;dito v&iacute;a PAYPAL en nuestro sistema de inscripci&oacute;n (Ojo, en pago con tarjeta aplica 5% de comisi&oacute;n).</strong></p>\n\n<p><strong>IMPORTANTE:</strong></p>\n\n<p>**Mandar el comprobante de pago a pagos@kincamp.com indicando: nombre completo del participante y semana en la que participar&aacute;.</p>\n\n<p>**En caso de requerir factura se agregar&aacute; el IVA correspondiente y te pedimos nos contactes para indicarte la forma de realizar el pago**</p>|2020-10-29|2022-10-03|t|0|Calle Polanco 79B Int 402 Col. Polanco entre christian Anderson y Lamartine|.||http://www.noaplica.com|t|1500|t|t|15|15|2020-12-18 13:45:00-06|2020-11-03 08:45:00-06||t||1|0|f
20730|Grupo de Estudio MS - Elsa Perez|2020-09-21 08:30:00-05|2020-12-18 13:30:00-06|24|43|62|http://www.kincamp.com|<p>El costo del apoyo escolar es de:</p>\n\n<p>- $1,500 pesos por semana por participante</p>\n\n<p>Se agregar&aacute;n a la primer semana, 600 pesos correspondientes al Jueves 17 y Viernes 18 de Septiembre.<br />\n&ndash; &ndash; &ndash; &ndash; &ndash;</p>\n\n<p>Ponemos a tu disposici&oacute;n 2&nbsp;formas de pago:</p>\n\n<p><strong>*Dep&oacute;sito o transferencia a la cuenta:</strong></p>\n\n<p>BBVA BANCOMER<br />\n&Aacute;NGELA PATRICIA &Aacute;VILA ROJAS<br />\nCta 0199909435 &nbsp;Clabe 012180001999094351</p>\n\n<p><strong>*Con tarjeta de cr&eacute;dito v&iacute;a PAYPAL en nuestro sistema de inscripci&oacute;n (Ojo, en pago con tarjeta aplica 5% de comisi&oacute;n).</strong></p>\n\n<p><strong>IMPORTANTE:</strong></p>\n\n<p>**Mandar el comprobante de pago a pagos@kincamp.com indicando: nombre completo del participante y semana en la que participar&aacute;.</p>\n\n<p>**En caso de requerir factura se agregar&aacute; el IVA correspondiente y te pedimos nos contactes para indicarte la forma de realizar el pago**</p>|2020-09-14|2022-10-03|t|0|Por definir|.||http://www.noaplica.com|t|1500|t|t|15|15|2020-12-18 13:30:00-06|2020-09-17 08:30:00-05||t||1|0|f
20731|Grupo de Estudio - Coyoacan - Iovana|2020-09-21 08:30:00-05|2020-12-18 13:30:00-06|24|43|62||<p>El costo del apoyo escolar es de:</p>\n\n<p>- $1,500 pesos por semana por participante<br />\n&ndash; &ndash; &ndash; &ndash; &ndash;</p>\n\n<p>Ponemos a tu disposici&oacute;n 2&nbsp;formas de pago:</p>\n\n<p><strong>*Dep&oacute;sito o transferencia a la cuenta:</strong></p>\n\n<p>BBVA BANCOMER<br />\n&Aacute;NGELA PATRICIA &Aacute;VILA ROJAS<br />\nCta 0199909435 &nbsp;Clabe 012180001999094351</p>\n\n<p><strong>*Con tarjeta de cr&eacute;dito v&iacute;a PAYPAL en nuestro sistema de inscripci&oacute;n (Ojo, en pago con tarjeta aplica 5% de comisi&oacute;n).</strong></p>\n\n<p><strong>IMPORTANTE:</strong></p>\n\n<p>**Mandar el comprobante de pago a pagos@kincamp.com indicando: nombre completo del participante y semana en la que participar&aacute;.</p>\n\n<p>**En caso de requerir factura se agregar&aacute; el IVA correspondiente y te pedimos nos contactes para indicarte la forma de realizar el pago**</p>|2020-09-18|2022-10-03|t|0|Calle Naranjo 25 casa 6, Col. Florida|.||http://www.noaplica.com|t|1500|t|t|15|15|2020-12-18 13:30:00-06|2020-09-21 08:30:00-05||t||1|0|f
20722|Curso de verano 2020|2020-08-31 09:30:00-05|2020-09-16 14:00:00-05||43|63|http://www.kincamp.com/lfm|<p>El costo del curso es de:</p>\n\n<p>- $3,000 pesos por dos semanas</p>\n\n<p>- $1,500 pesos por una semana</p>\n\n<p>&ndash; &ndash; &ndash; &ndash; &ndash;</p>\n\n<p>Ponemos a tu disposici&oacute;n 3&nbsp;formas de pago:</p>\n\n<p><strong>*En efectivo el d&iacute;a de inicio</strong></p>\n\n<p><strong>*Dep&oacute;sito o transferencia a la cuenta:</strong></p>\n\n<p>BBVA BANCOMER<br />\n&Aacute;NGELA PATRICIA &Aacute;VILA ROJAS<br />\nCta <a href="tel:0199909435">0199909435</a> &nbsp;Clabe 012180001999094351</p>\n\n<p><strong>*Con tarjeta de cr&eacute;dito v&iacute;a PAYPAL en nuestro sistema de inscripci&oacute;n (Ojo, en pago con tarjeta aplica 5% de comisi&oacute;n).</strong></p>\n\n<p><strong>IMPORTANTE:</strong></p>\n\n<p>**Mandar el comprobante de pago a pagos@kincamp.com indicando: nombre completo del participante y semana en la que participar&aacute;.</p>\n\n<p>**En caso de requerir factura se agregar&aacute; el IVA correspondiente y te pedimos nos contactes para indicarte la forma de realizar el pago**</p>|2020-08-21|2022-10-03|t|0|Sierra Fria 640, Lomas de Chapultepec|-|||t|3000|f|f|15|15|2020-08-30 18:00:00-05|2020-08-21 10:39:00-05||f||1|0|f
20705|Piaget Prefirst Julio 2020 - Cancelado COVID|2020-07-01 07:00:00-05|2020-07-03 18:00:00-05|48|123|63|http://www.kincamp.com/piaget||2020-03-04|2022-10-03|f|150000|el colegio|bosquepiagetprefirst20|||f|0|f|f|15|15|2020-06-25 18:00:00-05|2020-03-04 11:39:00-06||f||1|0|f
20695|Mandala Academy Marzo 2020 - CANCELADO COVID|2020-03-25 07:30:00-06|2020-03-27 16:30:00-06|9|156|61|http://www.kincamp.com/mandala|<p>El costo del campamento es de $4,600 pesos (Cuatro mil seiscientos&nbsp;pesos&nbsp;00/100MN).</p>\n\n<p><strong>La fecha l&iacute;mite de pago y registro es el 13 de marzo 2020</strong></p>\n\n<p>&ndash; &ndash; &ndash; &ndash; &ndash;</p>\n\n<p>Ponemos a tu disposici&oacute;n 2 formas de pago:</p>\n\n<p><strong>*Dep&oacute;sito o transferencia a la cuenta:</strong></p>\n\n<p>BBVA BANCOMER<br />\n&Aacute;NGELA PATRICIA &Aacute;VILA ROJAS<br />\nCta 0199909435 &nbsp;Clabe 012180001999094351</p>\n\n<p><strong>*Con tarjeta de cr&eacute;dito v&iacute;a PAYPAL en nuestro sistema de inscripci&oacute;n (Ojo, en pago con tarjeta aplica 5% de comisi&oacute;n).</strong></p>\n\n<p><strong>IMPORTANTE:</strong></p>\n\n<p>**Mandar el comprobante de pago a pagos@kincamp.com indicando: nombre completo del participante, escuela y grado.</p>\n\n<p>**En caso de requerir factura se agregar&aacute; el IVA correspondiente y te pedimos nos contactes para indicarte la forma de realizar el pago**</p>|2020-02-24|2022-10-03|f|150000|colegio|bosquemandala20|||f|4600|f|f|15|15|2020-02-27 18:00:00-06|2020-03-25 06:00:00-06||f||1|0|f
20741|Grupo Estudio - MS - Tecamachalco 2021|2021-01-11 08:30:00-06|2021-07-02 13:30:00-05|24|43|62|||2021-01-01|2022-10-03|t|0|Sierra Vertientes 439, Lomas de Chapultepec VIII Secc, Miguel Hidalgo|.||http://www.noaplica.com|t|6000|f|f|15|15|2021-01-01 20:14:00-06|2021-01-01 20:14:00-06||f||1|0|f
20724|Grupo de estudio CP - Gina Barrios|2020-09-17 08:30:00-05|2020-12-18 13:30:00-06|24|43|62||<p>El costo del apoyo escolar es de:</p>\n\n<p>- $1,500 pesos por semana por participante<br />\n<br />\nSe agregar&aacute;n a la primer semana, 600 pesos correspondientes al Jueves 17 y Viernes 18 de Septiembre.</p>\n\n<p>&ndash; &ndash; &ndash; &ndash; &ndash;</p>\n\n<p>Ponemos a tu disposici&oacute;n 2&nbsp;formas de pago:</p>\n\n<p><strong>*Dep&oacute;sito o transferencia a la cuenta:</strong></p>\n\n<p>BBVA BANCOMER<br />\n&Aacute;NGELA PATRICIA &Aacute;VILA ROJAS<br />\nCta 0199909435 &nbsp;Clabe 012180001999094351</p>\n\n<p><strong>*Con tarjeta de cr&eacute;dito v&iacute;a PAYPAL en nuestro sistema de inscripci&oacute;n (Ojo, en pago con tarjeta aplica 5% de comisi&oacute;n).</strong></p>\n\n<p><strong>IMPORTANTE:</strong></p>\n\n<p>**Mandar el comprobante de pago a pagos@kincamp.com indicando: nombre completo del participante y semana en la que participar&aacute;.</p>\n\n<p>**En caso de requerir factura se agregar&aacute; el IVA correspondiente y te pedimos nos contactes para indicarte la forma de realizar el pago**</p>|2020-09-09|2022-10-03|t|0|Por definir|.|||t|1500|t|t|15|15|2020-12-18 14:00:00-06|2020-09-17 09:00:00-05||t||1|0|f
20704|Greengates F2 Junio 2020 - Cancelado COVID|2020-06-22 07:00:00-05|2020-06-24 18:00:00-05|58|22|63|http://www.kincamp.com/greengates||2020-03-04|2022-10-03|f|150000|el colegio|bosquegreengatesf220|||f|0|f|f|15|15|2020-06-15 18:00:00-05|2020-03-04 11:35:00-06||t||1|0|f
20703|CCM 5to. Junio 2020|2020-06-10 06:00:00-05|2020-06-12 18:00:00-05|44|50|63|http://www.kincamp.com/ccm||2020-03-04|2022-10-03|f|150000|el colegio|bosqueccm520|||f|0|f|f|15|15|2020-06-01 18:00:00-05|2020-03-04 11:32:00-06||f||1|0|f
20702|TML 6to. primaria Mayo 2020 - Cancelado COVID|2020-05-26 07:00:00-05|2020-05-28 18:00:00-05|5|128|61|http://www.kincamp.com/tml||2020-03-04|2022-10-03|f|150000|el colegio|bosquetml620|||f|5000|t|f|15|15|2020-05-12 11:26:00-05|2020-03-04 11:26:00-06||f||1|0|f
20579|Tomás Moro Maguey 5to. primaria Mayo 2020|2020-05-13 06:00:00-05|2020-05-14 18:00:00-05|32|66|61|http://www.kincamp.com/tomasmoro|<h4>Precios y Formas de Pago</h4>\n\n<p>El costo del campamento es de $4,060pesos* (Cuatro mil sesenta pesos 00/100MN).</p>\n\n<p>*Incluye iva</p>\n\n<p><strong>Fecha l&iacute;mite de pago y registro: 20 de marzo 2020</strong></p>\n\n<p>Las fechas de pago son las siguientes:</p>\n\n<p>Pago 1 &ndash; del 9 al 13 de enero: $1,353 pesos</p>\n\n<p>Pago 2 &ndash; del 17 al 21 de febrero: $1,353 pesos</p>\n\n<p>Pago 3 &ndash; del 16 al 20 de marzo 2020: $1,354 pesos</p>\n\n<p><strong>Ponemos a tu disposici&oacute;n la siguiente forma de pago:</strong></p>\n\n<p>*Dep&oacute;sito o transferencia con factura a la cuenta:</p>\n\n<p>BBVA BANCOMER<br />\nKIN CAMP S.A. DE C.V.<br />\nCta 0146450970&nbsp; Clabe 012180001464509708</p>\n\n<p><strong>IMPORTANTE:</strong></p>\n\n<p>**Mandar el comprobante de pago a pagos@kincamp.com indicando: nombre completo del participante, escuela, grado y datos fiscales.</p>|2019-07-23|2022-10-03|f|150000|el colegio|bosquetomasmoro520|||f|4060|t|f|15|15|2020-05-13 06:00:00-05|2019-07-23 07:00:00-05||t||1|0|f
20698|Bet-Hayladim Mayo 2020 - Cancelado COVID|2020-05-09 06:30:00-05|2020-05-10 18:00:00-05|48|157|61|http://www.kincamp.com/bethayladim|<p>El costo del campamento es de:</p>\n\n<p>Paquete 1 adulto 1 menor: $3,100 pesos</p>\n\n<p>Familia de 3: $4,300 pesos</p>\n\n<p>Familia de 4: $5,400 pesos</p>\n\n<p>Familia de 5: $6,500 pesos</p>\n\n<p>Familia de 6: $7,600 pesos</p>\n\n<p><strong>La fecha l&iacute;mite de pago y registro est&aacute; por definir.</strong></p>|2020-02-28|2022-10-03|f|150000|el colegio|bosuqebethayladim20|||f|0|f|f|15|15|2020-05-05 18:00:00-05|2020-02-28 12:51:00-06||f||1|0|f
20701|CCM 4to primaria Mayo 2020|2020-05-06 07:00:00-05|2020-05-08 18:00:00-05|32|50|61|http://www.kincamp.com/ccm||2020-03-04|2022-10-03|f|150000|el colegio|bosqueccm420|||f|4900|f|f|15|15|2020-04-22 18:00:00-05|2020-03-04 11:22:00-06||f||1|0|f
20754|Daycamp Curso de Pascua Abril 2021|2021-04-05 09:00:00-05|2021-04-09 16:00:00-05|60|103|65|https://kincamp.com/pascua/||2021-01-25|2022-10-03|t|150000|Casa Xipe|jaguarpascua21|||f|5000|f|f|15|15|2021-04-09 16:00:00-05|2021-04-05 09:00:00-05||t||1|0|f
20752|Grupo Estudios Fam Carrer 2021|2021-01-20 08:30:00-06|2021-07-02 13:30:00-05|24|43|62|http://www.kincamp.com||2021-01-18|2022-10-03|t|0|Por definir|.||http://www.noaplica.com|t|750|f|f|15|15|2021-07-02 13:30:00-05|2021-01-20 08:30:00-06||t||1|0|f
20795|RKG Instituto Piaget CCH Nov. 2021|2021-11-12 09:00:00-06|2021-11-12 13:00:00-06|65|119|67|||2021-11-05|2022-10-03|t|150000|el colegio|no hay|||t|0|f|f|15|15|2021-11-11 18:16:00-06|2021-11-05 18:16:00-06||t||1|0|f
20812|Juvenal Rendón 2do. sec. Junio 2022|2022-06-13 07:00:00-05|2022-06-17 18:00:00-05|48|131|68|https://kincamp.com/cjr|<p>El pago se realiza directamente en el colegio.</p>|2021-11-22|2022-10-03|f|150000|por definir|aguilajuvenalrendon222|||f|7500|f|f|15|15|2022-06-01 18:00:00-05|2021-11-22 02:07:00-06||f||1|0|f
20735|Grupo Estudio - Familia Carrer|2020-10-13 08:30:00-05|2020-12-18 13:30:00-06|24|43|62|http://www.kincamp.com|<p>El costo del apoyo escolar es de:</p>\n\n<p>- $750 pesos por d&iacute;a de apoyo<br />\n&nbsp;</p>\n\n<p>&ndash; &ndash; &ndash; &ndash; &ndash;</p>\n\n<p>Ponemos a tu disposici&oacute;n 2&nbsp;formas de pago:</p>\n\n<p><strong>*Dep&oacute;sito o transferencia a la cuenta:</strong></p>\n\n<p>BBVA BANCOMER<br />\n&Aacute;NGELA PATRICIA &Aacute;VILA ROJAS<br />\nCta 0199909435 &nbsp;Clabe 012180001999094351</p>\n\n<p><strong>*Con tarjeta de cr&eacute;dito v&iacute;a PAYPAL en nuestro sistema de inscripci&oacute;n (Ojo, en pago con tarjeta aplica 5% de comisi&oacute;n).</strong></p>\n\n<p><strong>IMPORTANTE:</strong></p>\n\n<p>**Mandar el comprobante de pago a pagos@kincamp.com indicando: nombre completo del participante y semana en la que participar&aacute;.</p>\n\n<p>**En caso de requerir factura se agregar&aacute; el IVA correspondiente y te pedimos nos contactes para indicarte la forma de realizar el pago**</p>|2020-10-08|2022-10-03|t|0|Casa de los Carrer|.||http://www.noaplica.com|t|750|t|t|15|15|2020-10-08 20:32:53.862522-05|2020-10-08 20:32:53.862519-05||t||1|0|f
20734|Grupo Estudio - Moza|2020-09-28 08:45:00-05|2020-12-18 13:45:00-06|24|43|62|http://kincamp.com|<p>El costo del apoyo escolar es de:</p>\n\n<p>- $1,500 pesos por semana por participante</p>\n\n<p><br />\n&ndash; &ndash; &ndash; &ndash; &ndash;</p>\n\n<p>Ponemos a tu disposici&oacute;n 2&nbsp;formas de pago:</p>\n\n<p><strong>*Dep&oacute;sito o transferencia a la cuenta:</strong></p>\n\n<p>BBVA BANCOMER<br />\n&Aacute;NGELA PATRICIA &Aacute;VILA ROJAS<br />\nCta&nbsp;<a href="tel:0199909435">0199909435</a>&nbsp;&nbsp;Clabe 012180001999094351</p>\n\n<p><strong>*Con tarjeta de cr&eacute;dito v&iacute;a PAYPAL en nuestro sistema de inscripci&oacute;n (Ojo, en pago con tarjeta aplica 5% de comisi&oacute;n).</strong></p>\n\n<p><strong>IMPORTANTE:</strong></p>\n\n<p>**Mandar el comprobante de pago a pagos@kincamp.com indicando: nombre completo del participante y semana en la que participar&aacute;.</p>\n\n<p>**En caso de requerir factura se agregar&aacute; el IVA correspondiente y te pedimos nos contactes para indicarte la forma de realizar el pago**</p>|2020-09-27|2022-10-03|t|0|Polanco|.||http://noaplica.com|t|1500|t|t|15|15|2020-12-18 13:45:00-06|2020-09-28 08:45:00-05||t||1|0|f
20733|Grupo Estudio GS - Zebadua|2020-09-28 08:45:00-05|2020-12-18 13:30:00-06|24|43|62|http://www.kincamp.com|<p>El costo del apoyo escolar es de:</p>\n\n<p>- $1,000 pesos por semana por participante</p>\n\n<p>&ndash; &ndash; &ndash; &ndash; &ndash;</p>\n\n<p>Ponemos a tu disposici&oacute;n 2&nbsp;formas de pago:</p>\n\n<p><strong>*Dep&oacute;sito o transferencia a la cuenta:</strong></p>\n\n<p>BBVA BANCOMER<br />\n&Aacute;NGELA PATRICIA &Aacute;VILA ROJAS<br />\nCta 0199909435 &nbsp;Clabe 012180001999094351</p>\n\n<p><strong>*Con tarjeta de cr&eacute;dito v&iacute;a PAYPAL en nuestro sistema de inscripci&oacute;n (Ojo, en pago con tarjeta aplica 5% de comisi&oacute;n).</strong></p>\n\n<p><strong>IMPORTANTE:</strong></p>\n\n<p>**Mandar el comprobante de pago a pagos@kincamp.com indicando: nombre completo del participante y semana en la que participar&aacute;.</p>\n\n<p>**En caso de requerir factura se agregar&aacute; el IVA correspondiente y te pedimos nos contactes para indicarte la forma de realizar el pago**</p>|2020-09-23|2022-10-03|t|0|Sierra Fria 640, lomas de chapultepec|.||http://www.noaplica.com|t|1000|t|t|15|15|2020-09-23 23:19:00-05|2020-09-23 23:19:00-05||t||1|0|f
20725|Grupo de estudio CE1 - Olga de la Fuente|2020-09-21 09:00:00-05|2020-12-18 14:00:00-06|24|43|62||<p>El costo del apoyo escolar es de:</p>\n\n<p>- $1,500 pesos por semana por participante</p>\n\n<p>&ndash; &ndash; &ndash; &ndash; &ndash;</p>\n\n<p>Ponemos a tu disposici&oacute;n 2&nbsp;formas de pago:</p>\n\n<p><strong>*Dep&oacute;sito o transferencia a la cuenta:</strong></p>\n\n<p>BBVA BANCOMER<br />\n&Aacute;NGELA PATRICIA &Aacute;VILA ROJAS<br />\nCta 0199909435 &nbsp;Clabe 012180001999094351</p>\n\n<p><strong>*Con tarjeta de cr&eacute;dito v&iacute;a PAYPAL en nuestro sistema de inscripci&oacute;n (Ojo, en pago con tarjeta aplica 5% de comisi&oacute;n).</strong></p>\n\n<p><strong>IMPORTANTE:</strong></p>\n\n<p>**Mandar el comprobante de pago a pagos@kincamp.com indicando: nombre completo del participante y semana en la que participar&aacute;.</p>\n\n<p>**En caso de requerir factura se agregar&aacute; el IVA correspondiente y te pedimos nos contactes para indicarte la forma de realizar el pago**</p>|2020-09-09|2022-10-03|t|0|Por definir|.|||t|1500|t|t|15|15|2020-12-18 14:00:00-06|2020-09-21 09:00:00-05||t||1|0|f
20723|Grupo de estudio Moyenne Section - Lorena Alvarez|2020-09-21 08:30:00-05|2020-12-18 13:30:00-06|24|43|62||<p>El costo del apoyo escolar es de:</p>\n\n<p>- $1,500 pesos por semana por participante</p>\n\n<p>&ndash; &ndash; &ndash; &ndash; &ndash;</p>\n\n<p>Ponemos a tu disposici&oacute;n 2&nbsp;formas de pago:</p>\n\n<p><strong>*Dep&oacute;sito o transferencia a la cuenta:</strong></p>\n\n<p>BBVA BANCOMER<br />\n&Aacute;NGELA PATRICIA &Aacute;VILA ROJAS<br />\nCta 0199909435 &nbsp;Clabe 012180001999094351</p>\n\n<p><strong>*Con tarjeta de cr&eacute;dito v&iacute;a PAYPAL en nuestro sistema de inscripci&oacute;n (Ojo, en pago con tarjeta aplica 5% de comisi&oacute;n).</strong></p>\n\n<p><strong>IMPORTANTE:</strong></p>\n\n<p>**Mandar el comprobante de pago a pagos@kincamp.com indicando: nombre completo del participante y semana en la que participar&aacute;.</p>\n\n<p>**En caso de requerir factura se agregar&aacute; el IVA correspondiente y te pedimos nos contactes para indicarte la forma de realizar el pago**</p>|2020-09-09|2022-10-03|t|0|Sierra Fria 640, lomas de chapultepec|.|||t|1500|t|t|15|15|2020-12-18 14:00:00-06|2020-09-17 09:00:00-05||t||1|0|f
20706|Niños en Alegría Julio 2020|2020-07-27 07:00:00-05|2020-07-31 18:00:00-05|34|119|63|||2020-03-20|2022-10-03|t|150000|-|bosqueniñosenalegria20|||t|0|f|f|15|15|2020-07-20 18:00:00-05|2020-03-20 15:38:27-06||f||1|0|f
20689|Eufrosina 6to. Septiembre 2020 - Cancelado COVID|2020-09-09 07:00:00-05|2020-09-12 18:00:00-05|32|126|63|http://www.kincamp.com/eufrosina|<h4>El costo del campamento es de $7,200 pesos (Siete mil doscientos pesos&nbsp;00/100MN).</h4>\n\n<p><strong>La fecha l&iacute;mite de pago es el 15 junio 2020</strong></p>\n\n<p>Las fechas de pago son las siguientes:</p>\n\n<p>Pago 1 (apartado): 14 de febrero &ndash; $1,440 pesos</p>\n\n<p>Pago 2: 13 de marzo &ndash; $1,440 pesos</p>\n\n<p>Pago 3: 20 de abril &ndash; $1,440 pesos</p>\n\n<p>Pago 4: 15 de mayo &ndash; $1,440 pesos</p>\n\n<p>Pago 5: 15 de junio &ndash; $1,440 pesos</p>\n\n<p><strong>*Dep&oacute;sito o transferencia a la cuenta:</strong></p>\n\n<p>BBVA BANCOMER<br />\n&Aacute;NGELA PATRICIA &Aacute;VILA ROJAS<br />\nCta 0199909435 &nbsp;Clabe 012180001999094351</p>\n\n<p><strong>*Con tarjeta de cr&eacute;dito v&iacute;a PAYPAL en nuestro sistema de inscripci&oacute;n (Ojo, en pago con tarjeta aplica 5% de comisi&oacute;n).</strong></p>\n\n<p><strong>IMPORTANTE:</strong></p>\n\n<p>**Mandar el comprobante de pago a pagos@kincamp.com indicando: nombre completo del participante, escuela y grado.</p>\n\n<p>**En caso de requerir factura se agregar&aacute; el IVA correspondiente y te pedimos nos contactes para indicarte la forma de realizar el pago**</p>|2020-02-07|2022-10-03|f|150000|el colegio|bosqueeufrosina620|||f|7200|t|f|15|15|2020-08-15 18:00:00-05|2020-02-07 11:19:00-06||t||1|0|f
20811|Juvenal Rendón 6to. primaria Junio 2022|2022-06-06 07:00:00-05|2022-06-10 18:00:00-05|48|131|69|https://kincamp.com/cjr|<p>El pago se realiza directamente en el colegio.</p>|2021-11-22|2022-10-03|f|150000|por definir|aguilajuvenalrendon622|||f|7500|f|f|15|15|2022-06-01 18:00:00-05|2021-11-22 02:04:00-06||f||1|0|f
20813|London Prefirst Mayo 2022|2022-05-27 11:30:00-05|2022-05-28 16:30:00-05|65|10|69|https://kincamp.com/london|<p>El precio es de $3,250 pesos, el pago se realiza directamente en el colegio.</p>|2021-11-30|2022-10-03|t|150000|el colegio|aguilalondonprefirst22|||t|3250|f|f|15|15|2022-05-20 18:00:00-05|2021-11-30 22:35:00-06||f||1|0|f
20709|Peterson Septiembre 2020 - Cancelado COVID|2020-09-04 07:00:00-05|2020-09-06 18:00:00-05|48|73|62|http://www.kincamp.com/peterson|<p>El precio del campamento es de $4,900 pesos (Cuatro mil novecientos pesos 00/100 M.N.)</p>\n\n<p><strong>La fecha l&iacute;mite de pago y registro es el viernes 28 de agosto 2020.</strong></p>\n\n<p>Ponemos a tu disposici&oacute;n las siguientes formas de pago:</p>\n\n<p>*Dep&oacute;sito o transferencia a cuenta:</p>\n\n<p>BBVA BANCOMER<br />\n&Aacute;NGELA PATRICIA &Aacute;VILA ROJAS<br />\nCta 0199909435 &nbsp;Clabe 012180001999094351</p>\n\n<p>*Con tarjeta de cr&eacute;dito v&iacute;a PAYPAL en nuestro sistema de inscripci&oacute;n (Ojo, en pago con tarjeta aplica 5% de comisi&oacute;n).</p>\n\n<p><strong>IMPORTANTE:</strong></p>\n\n<p>**Mandar el comprobante de pago a pagos@kincamp.com indicando: nombre completo del participante, escuela y grado.</p>\n\n<p>**En caso de requerir factura se agregar&aacute; el IVA correspondiente y te pedimos nos contactes para indicarte la forma de realizar el pago**</p>|2020-05-19|2022-10-03|f|150000|el colegio|jaguarpeterson2020|||f|4900|f|f|15|15|2020-08-17 18:00:00-05|2020-05-19 00:12:00-05||t||1|0|f
20696|Goldenwoods Junio 2020 - Pospuesto COVID|2020-06-19 06:30:00-05|2020-06-21 18:00:00-05|58|19|63|http://www.kincamp.com/goldenwoods|<h4>Precios y Formas de Pago</h4>\n\n<p>El costo del campamento es de $4,850 pesos (Cuatro mil ochocientos cincuenta pesos&nbsp;00/100MN).</p>\n\n<p><strong>La fecha l&iacute;mite de pago y registro es el 12 de junio 2020</strong></p>\n\n<p>&ndash; &ndash; &ndash; &ndash; &ndash;</p>\n\n<p><strong>Fechas de pago:</strong></p>\n\n<p>Pago 1 (apartado): 16 de marzo &ndash; $1,250 pesos</p>\n\n<p>Pago 2: 20 de abril &ndash; $1,200 pesos</p>\n\n<p>Pago 3: 15 de mayo &ndash; $1,200 pesos</p>\n\n<p>Pago 4 (fecha l&iacute;mite): 12 de junio &ndash; $1,200 pesos</p>\n\n<p>Ponemos a tu disposici&oacute;n 2 formas de pago:</p>\n\n<p><strong>*Dep&oacute;sito o transferencia a la cuenta:</strong></p>\n\n<p>BBVA BANCOMER<br />\n&Aacute;NGELA PATRICIA &Aacute;VILA ROJAS<br />\nCta 0199909435 &nbsp;Clabe 012180001999094351</p>\n\n<p><strong>*Con tarjeta de cr&eacute;dito v&iacute;a PAYPAL en nuestro sistema de inscripci&oacute;n (Ojo, en pago con tarjeta aplica 5% de comisi&oacute;n).</strong></p>\n\n<p><strong>IMPORTANTE:</strong></p>\n\n<p>**Mandar el comprobante de pago a pagos@kincamp.com indicando: nombre completo del participante, escuela y grado.</p>\n\n<p>**En caso de requerir factura se agregar&aacute; el IVA correspondiente y te pedimos nos contactes para indicarte la forma de realizar el pago**</p>|2020-02-25|2022-10-03|t|150000|el colegio|bosquegoldenwoods20|||t|4850|t|f|15|15|2020-06-12 18:00:00-05|2020-02-25 13:01:00-06||t||1|0|f
20710|Correo Staff 2020|2020-05-19 18:51:00-05|2020-05-19 18:51:00-05||119|63|||2020-05-19|2022-10-03|t|0|.|.|||f|0|f|f|15|15|2020-05-19 18:51:00-05|2020-05-19 18:51:00-05||t||1|0|f
20854|Daycamp CCM 2do. y 3ro. sec. Julio 2022|2022-07-08 07:00:00-05|2022-07-08 18:00:00-05|65|119|68|||2022-03-03|2022-10-03|t|0|el colegio|-|||t|0|f|f|15|15|2022-07-07 18:00:00-05|2022-03-03 14:02:00-06||t||1|0|f
20765|Daycamp de Verano Semana 2 - Julio 2021|2021-07-12 09:00:00-05|2021-07-16 16:00:00-05|61|103|66|https://kincamp.com/curso||2021-04-09|2022-10-03|f|150000|Casa Xipe|jaguarcurso21|||f|5000|f|f|15|15|2021-07-05 10:53:00-05|2021-04-09 10:53:00-05||t||1|0|f
20766|After School - Lomas|2021-05-11 15:00:00-05|2021-06-30 18:00:00-05|24|103|65|http://www.kincamp.com||2021-05-09|2022-10-03|t|0|Las Lomas|.||http://www.no.aplica.com|t|750|f|f|15|15|2021-05-09 20:25:47.11803-05|2021-05-09 20:25:47.118025-05||f||1|0|f
20753|Daycamp Vacaciones de Febrero 2021|2021-02-15 09:00:00-06|2021-02-19 16:00:00-06|60|103|65|http://www.kincamp.com/daycamp||2021-01-18|2022-10-03|t|150000|Casa Xipe|jaguardaycamp21|||t|3000|f|f|15|15|2021-02-12 18:00:00-06|2021-01-18 18:53:00-06||t||1|0|f
20745|Grupo Estudio - MS Elsa Perez 2021|2021-01-04 08:30:00-06|2021-07-02 13:30:00-05|24|43|64|http://www.kincamp.com||2021-01-01|2022-10-03|t|0|Por definir|.||http://www.noaplica.com|t|6000|f|f|15|15|2021-01-01 20:53:11.484551-06|2021-01-01 20:53:11.484546-06||f||1|0|f
20744|Grupo Estudio MS-GS MOZA 2021|2021-01-04 08:30:00-06|2021-07-02 13:30:00-05|24|43|62|http://www.kincamp.com||2021-01-01|2022-10-03|t|0|Por definir|.||http://www.noaplica.com|t|6000|f|f|15|15|2021-07-02 13:30:00-05|2021-01-04 08:30:00-06||f||1|0|f
20743|Grupo Estudio CP - Vanessa Payan 2021|2021-01-04 08:30:00-06|2021-07-02 13:30:00-05|24|43|62|http://www.kincamp.com||2021-01-01|2022-10-03|t|0|Por definir|.||http://www.noaplica.com|t|6000|f|f|15|15|2021-01-01 20:35:52.946718-06|2021-01-01 20:35:52.946715-06||f||1|0|f
20742|Grupo Estudio - PS - Sofía Rodriguez 2021|2021-01-04 08:30:00-06|2021-07-02 13:30:00-05|24|43|62|http://www.kincamp.com||2021-01-01|2022-10-03|t|0|Estudio Transpersonal|.||http://www.noaplica.com|t|6000|f|f|15|15|2021-01-01 20:29:05.647866-06|2021-01-01 20:29:05.647863-06||f||1|0|f
20736|Afterschool Beatriz Herrera 2021|2020-10-12 15:00:00-05|2021-07-02 18:00:00-05|24|103|62|http://www.kincamp.com||2020-10-11|2022-10-03|t|0|Citlaltepetl 27 int. C|.||http://www.noaplica.com|t|900|f|f|15|15|2020-12-18 18:00:00-06|2020-10-12 15:00:00-05||t||1|0|f
20721|Campamento San Simón Agosto 2020|2020-08-04 07:00:00-05|2020-08-08 12:00:00-05|25|103|63|http://www.kincamp.com/sansimon|<p>El precio del campamento es de $6,500 pesos (Seis mil quinientos&nbsp;pesos&nbsp;00/100MN).</p>\n\n<p>&ndash; &ndash; &ndash; &ndash; &ndash;</p>\n\n<p>Ponemos a tu disposici&oacute;n 2 formas de pago:</p>\n\n<p><strong>*Dep&oacute;sito o transferencia a la cuenta:</strong></p>\n\n<p>BBVA BANCOMER<br />\n&Aacute;NGELA PATRICIA &Aacute;VILA ROJAS<br />\nCta 0199909435 &nbsp;Clabe 012180001999094351</p>\n\n<p><strong>*Con tarjeta de cr&eacute;dito v&iacute;a PAYPAL en nuestro sistema de inscripci&oacute;n (Ojo, en pago con tarjeta aplica 5% de comisi&oacute;n).</strong></p>\n\n<p><strong>IMPORTANTE:</strong></p>\n\n<p>**Mandar el comprobante de pago a pagos@kincamp.com indicando nombre completo del participante.</p>\n\n<p>**En caso de requerir factura se agregar&aacute; el IVA correspondiente y te pedimos nos contactes para indicarte la forma de realizar el pago**</p>|2020-07-16|2022-10-03|f|150000|por definir|jaguarsansimon20|||f|6500|t|f|15|15|2020-08-03 18:00:00-05|2020-07-16 12:00:00-05||t||1|0|f
20718|Curso de Verano Online 2020 - Semana 4|2020-07-27 09:00:00-05|2020-07-31 13:30:00-05||103|63|||2020-06-16|2022-10-03|f|0|-|-|||f|1500|t|f|15|15|2020-07-26 18:00:00-05|2020-06-16 14:38:00-05||t||1|0|f
20717|Curso de Verano Online 2020 - Semana 3|2020-07-20 09:00:00-05|2020-07-24 13:30:00-05||103|63|||2020-06-16|2022-10-03|f||-|-|||f|1500|t|f|15|15|2020-07-19 18:00:00-05|2020-06-16 14:37:00-05||t||1|0|f
20716|Curso de Verano Online 2020 - Semana 2|2020-07-13 09:00:00-05|2020-07-17 13:30:00-05||103|63|||2020-06-16|2022-10-03|f|0|-|-|||f|1500|t|f|15|15|2020-07-12 18:00:00-05|2020-06-16 14:36:00-05||t||1|0|f
20715|Curso de Verano Online 2020 - Semana 1|2020-07-06 09:00:00-05|2020-07-10 13:30:00-05||103|63|||2020-06-16|2022-10-03|f|0|-|-|||f|1500|t|f|15|15|2020-07-05 18:00:00-05|2020-06-16 14:34:00-05||t||1|0|f
20719|Curso de Verano San Simón Chicos (5 a 10 años) Junio 2020|2020-06-29 09:00:00-05|2020-07-10 14:00:00-05||103|63|http://www.kincamp.com/sansimon||2020-06-18|2022-10-03|t|150000|San Simon|-|||t|4900|f|f|15|15|2020-06-28 18:00:00-05|2020-06-18 17:39:00-05||f||1|0|f
20720|Curso de Verano San Simón Grandes (11 a 14 años) Junio 2020|2020-06-29 09:00:00-05|2020-07-10 14:00:00-05||103|63|http://www.kincamp.com/sansimon||2020-06-23|2022-10-03|t|150000|San Simón|-|||t|4900|f|f|15|15|2020-06-28 18:00:00-05|2020-06-23 12:11:00-05||f||1|0|f
20764|Daycamp de Verano Semana 1 - Julio 2021|2021-07-05 09:00:00-05|2021-07-09 16:00:00-05||103|66|https://kincamp.com/curso||2021-04-09|2022-10-03|t|150000|Jardín de Eventos Salvador Novo 140|jaguarcurso21|||t|5000|f|f|15|15|2021-06-30 10:50:00-05|2021-04-09 10:50:00-05||t||1|0|f
20774|Hikin Miraflores Cuernavaca Junio 2021|2021-06-28 07:00:00-05|2021-07-02 18:00:00-05||14|66||<p>Ponemos a tu disposici&oacute;n las siguientes formas de pago:</p>\n\n<p>*Dep&oacute;sito o transferencia a la cuenta:</p>\n\n<p>BBVA BANCOMER<br />\n&Aacute;NGELA PATRICIA &Aacute;VILA ROJAS<br />\nCta 0199909435 &nbsp;Clabe 012180001999094351</p>\n\n<p>Usa la referencia: {{referencia}}</p>\n\n<p>*Con tarjeta de cr&eacute;dito v&iacute;a PAYPAL en nuestro sistema de inscripci&oacute;n (Ojo, en pago con tarjeta aplica 5% de comisi&oacute;n).</p>\n\n<p><strong>IMPORTANTE:</strong></p>\n\n<p>**Mandar el comprobante de pago v&iacute;a <strong>Whatsapp</strong> al tel&eacute;fono <strong>55.36.79.53.39</strong> e indicando nombre completo del participante.</p>\n\n<p>**En caso de requerir factura se agregar&aacute; el IVA correspondiente y te pedimos nos contactes para indicarte la forma de realizar el pago**</p>|2021-06-01|2022-10-03|t|150000|el colegio|-|||t|7800|f|f|15|15|2021-06-25 18:00:00-05|2021-06-01 12:40:00-05||t||1|0|f
20769|Daycamp Lakeside 3ro, 4to. y 5to. primaria Junio 2021|2021-06-25 08:30:00-05|2021-06-25 18:00:00-05|51|160|66|https://kincamp.com/lakeside|<p>El pago se realiza directamente en el colegio.</p>\n\n<p>Ponemos a tu disposici&oacute;n 2 fechas de pago:</p>\n\n<p>1er pago: 17 de mayo</p>\n\n<p>2do pago: 15 de junio</p>\n\n<p>&nbsp;</p>|2021-05-13|2022-10-03|t|150000|Rancho Aventura|jaguarlakeside21|||t|1600|f|f|15|15|2021-06-15 18:00:00-05|2021-05-13 13:05:00-05||t||1|0|f
20768|Daycamp Lakeside Kinder, 1ro. y 2do. primaria Junio 2021|2021-06-25 08:30:00-05|2021-06-25 18:00:00-05|51|160|66|https://kincamp.com/lakeside|<p>El daycamp se paga directamente en el colegio.</p>|2021-05-13|2022-10-03|t|150000|Rancho Aventura|jaguarlakeside21|||t|1600|f|f|15|15|2021-06-15 18:00:00-05|2021-05-13 13:01:00-05||t||1|0|f
20770|Lakeside 6to. primaria, 1ro. y 2do. de secundaria Junio 2021|2021-06-25 08:30:00-05|2021-06-25 18:00:00-05|51|160|65|https://kincamp.com/lakeside|<p>El pago se realiza directamente en el colegio.</p>\n\n<p>Ponemos a tu disposici&oacute;n 2 fechas de pago:</p>\n\n<p>1er pago: 17 de mayo</p>\n\n<p>2do pago: 15 de junio</p>\n\n<p>&nbsp;</p>|2021-05-13|2022-10-03|t|150000|Rancho Aventura|jaguarlakeside21|||t|1600|f|f|15|15|2021-06-15 18:00:00-05|2021-05-13 13:08:00-05||t||1|0|f
20776|Daycamp Miraflores CDMX 6to. Junio 2021|2021-06-22 08:00:00-05|2021-06-22 18:00:00-05|51|161|66|https://www.kincamp.com/miraflores|<p>&nbsp;</p>\n\n<p>El costo del daycamp es de $1522.50 pesos pagando por Paypal.</p>\n\n<p>El costo del daycamp es de $1,450 pesos pagando por transferencia.</p>\n\n<p>Ponemos a tu disposici&oacute;n las siguientes formas de pago:</p>\n\n<p>*Dep&oacute;sito o transferencia a la cuenta:</p>\n\n<p>BBVA BANCOMER<br />\n&Aacute;NGELA PATRICIA &Aacute;VILA ROJAS<br />\nCta 0199909435&nbsp; Clabe 012180001999094351</p>\n\n<p>Usa la referencia: {{referencia}}</p>\n\n<p>*Con tarjeta de cr&eacute;dito v&iacute;a PAYPAL en nuestro sistema de inscripci&oacute;n (Ojo, en pago con tarjeta aplica 5% de comisi&oacute;n).</p>\n\n<p>IMPORTANTE:</p>\n\n<p>**Mandar el comprobante de pago a pagos@kincamp.com indicando: nombre completo del participante.</p>\n\n<p>**En caso de requerir factura se agregar&aacute; el IVA correspondiente y te pedimos nos contactes para indicarte la forma de realizar el pago**</p>|2021-06-02|2022-10-03|t|150000|Av. Bosque de MInas 71, Bosques de la Herradura, Naucalpan.|jaguarmiraflorescdmx21|||t|1450|t|f|15|15|2021-06-15 18:00:00-05|2021-06-02 23:46:00-05||t||1|0|f
20767|Daycamp Eton 4to. Junio 2021|2021-06-11 08:00:00-05|2021-06-11 19:30:00-05|51|20|66|https://www.kincamp.com/eton|<p>El costo del daycamp es de:</p>\n\n<p>&ndash; $1,522.50 pesos al pagar con tarjeta de cr&eacute;dito v&iacute;a PAYPAL</p>\n\n<p>&ndash; $1,450 pesos al hacer dep&oacute;sito o transferencia.</p>\n\n<p><strong>La fecha l&iacute;mite de pago y registro es el 4 de junio 2021</strong></p>\n\n<p>Ponemos a tu disposici&oacute;n 2 formas de pago:</p>\n\n<p>*Dep&oacute;sito o transferencia a la cuenta:</p>\n\n<p>BBVA BANCOMER<br />\n&Aacute;NGELA PATRICIA &Aacute;VILA ROJAS<br />\nCta 0199909435 &nbsp;Clabe 012180001999094351</p>\n\n<p>*Con tarjeta de cr&eacute;dito v&iacute;a PAYPAL en nuestro sistema de inscripci&oacute;n (Ojo, en pago con tarjeta aplica 5% de comisi&oacute;n).</p>\n\n<p><strong>IMPORTANTE:</strong></p>\n\n<p>**Mandar el comprobante de pago a pagos@kincamp.com indicando: nombre completo del participante, escuela y grado.</p>\n\n<p>**En caso de requerir factura se agregar&aacute; el IVA correspondiente y te pedimos nos contactes para indicarte la forma de realizar el pago**</p>|2021-05-10|2022-10-03|t|150000|Rancho Aventura|jaguareton421|||t|1450|f|f|15|15|2021-06-04 18:00:00-05|2021-05-10 22:58:00-05||t||1|0|f
20773|Capacitación de Aventura Junio 2021|2021-06-05 10:00:00-05|2021-06-05 14:00:00-05||119|66|https://kincamp.com||2021-05-31|2022-10-03|t|0|Parque por Barranca Tarahumara|-|||t|0|f|f|15|15|2021-06-04 18:00:00-05|2021-05-31 16:16:00-05||t||1|0|f
20761|Daycamp de Graduación 6to Eton Mayo 2021|2021-05-21 07:30:00-05|2021-05-21 20:00:00-05|51|20|65|https://www.kincamp.com/eton|<p>Ponemos a tu disposici&oacute;n las siguientes formas de pago:</p>\n\n<p>* $1,522.50 pesos si se paga con&nbsp;tarjeta de cr&eacute;dito v&iacute;a PAYPAL en nuestro sistema de inscripci&oacute;n (Ojo, en pago con tarjeta aplica 5% de comisi&oacute;n).</p>\n\n<p>* $1,450 pesos si se deposita o se hace transferencia a la cuenta:&nbsp;</p>\n\n<p>BBVA BANCOMER<br />\n&Aacute;NGELA PATRICIA &Aacute;VILA ROJAS<br />\nCta 0199909435 &nbsp;Clabe 012180001999094351</p>\n\n<p><strong>IMPORTANTE:</strong></p>\n\n<p>**Mandar el comprobante de pago a pagos@kincamp.com indicando: nombre completo del participante.</p>\n\n<p>**En caso de requerir factura se agregar&aacute; el IVA correspondiente y te pedimos nos contactes para indicarte la forma de realizar el pago**</p>|2021-03-05|2022-10-03|t|150000|Colegio Eton, sobre la calle de Domingo García Ramos|jaguareton21|||t|1450|t|f|15|15|2021-05-22 20:00:00-05|2021-05-22 07:30:00-05||t||1|0|f
20784|Reto 36: 8 a 12 años - Octubre 2021|2021-10-23 07:00:00-05|2021-10-24 19:00:00-05|34|103|66|https://kincamp.com/reto36-medianos|<p>El costo del campamento es de $3,600 pesos (Tres mil seiscientos pesos 00/100MN).</p>\n\n<p>La fecha l&iacute;mite de pago y registro es el 18 de octubre</p>\n\n<p>&ndash; &ndash; &ndash; &ndash; &ndash;</p>\n\n<p>Ponemos a tu disposici&oacute;n 2 formas de pago:</p>\n\n<p>*Dep&oacute;sito o transferencia a la cuenta:</p>\n\n<p>BBVA BANCOMER<br />\n&Aacute;NGELA PATRICIA &Aacute;VILA ROJAS<br />\nCta 0199909435 &nbsp;Clabe 012180001999094351</p>\n\n<p>*Con tarjeta de cr&eacute;dito v&iacute;a PAYPAL en nuestro sistema de inscripci&oacute;n (Ojo, en pago con tarjeta aplica 5% de comisi&oacute;n).</p>\n\n<p>IMPORTANTE:</p>\n\n<p>**Mandar el comprobante de pago a pagos@kincamp.com indicando: nombre completo del participante, escuela y grado.</p>\n\n<p>**En caso de requerir factura se agregar&aacute; el IVA correspondiente y te pedimos nos contactes para indicarte la forma de realizar el pago**</p>|2021-09-22|2022-10-03|t|150000|por definir|montañareto36812|||f|3600|t|f|15|15|2021-10-18 20:25:00-05|2021-09-22 20:25:00-05||t||1|0|f
20814|London 1ro. y 2do. primaria Mayo 2022|2022-05-11 07:00:00-05|2022-05-13 17:00:00-05|34|10|69|https://kincamp.com/london|<p>La fecha l&iacute;mite de pago y registro es el 1ro. de mayo 2022</p>\n\n<p>El precio es de $5,000 pesos, el pago se realiza directamente en el colegio.</p>|2021-11-30|2022-10-03|t|150000|Rancho Diego|aguilalondon1222|||t|5000|f|f|15|15|2022-05-01 18:00:00-05|2021-11-30 22:39:00-06||f||1|0|f
20815|London 6to. primaria Abril 2022|2022-04-27 09:00:00-05|2022-04-29 17:00:00-05|34|10|69|https://kincamp.com/london|<p>La fecha l&iacute;mite de pago y registro es el 31 de marzo&nbsp;2022</p>\n\n<p>El precio es de $5,000 pesos, el pago se realiza directamente en el colegio.</p>|2021-11-30|2022-10-03|t|150000|Rancho Diego|aguilalondon622|||t|5000|f|f|15|15|2022-04-15 22:41:00-05|2021-11-30 22:41:00-06||f||1|0|f
20755|Kobal Junior 2021|2021-07-11 09:30:00-05|2021-07-24 11:00:00-05|25|103|66|https://kobal.camp/jr|<p>Ponemos a tu disposici&oacute;n las siguientes formas de pago:</p>\n\n<p>*Dep&oacute;sito o transferencia a la cuenta:</p>\n\n<p>BBVA BANCOMER<br />\n&Aacute;NGELA PATRICIA &Aacute;VILA ROJAS<br />\nCta <a href="tel:0199909435">0199909435</a> &nbsp;Clabe 012180001999094351</p>\n\n<p>Usa la referencia: {{referencia}}</p>\n\n<p>*Con tarjeta de cr&eacute;dito v&iacute;a PAYPAL en nuestro sistema de inscripci&oacute;n (Ojo, en pago con tarjeta aplica 5% de comisi&oacute;n).</p>\n\n<p><strong>IMPORTANTE:</strong></p>\n\n<p>**Mandar el comprobante de pago a pagos@kincamp.com indicando: nombre completo del participante.</p>\n\n<p>**En caso de requerir factura se agregar&aacute; el IVA correspondiente y te pedimos nos contactes para indicarte la forma de realizar el pago**</p>|2021-01-25|2022-10-03|t|150000|Talo|montañakobaljr21|||t|34900|f|f|15|15|2021-07-25 12:00:00-05|2021-07-12 07:00:00-05||t||1|0|f
20756|Kobal Senior 2021|2021-07-11 09:30:00-05|2021-07-24 11:00:00-05|48|103|66|https://kobal.camp/sr|<p>Ponemos a tu disposici&oacute;n las siguientes formas de pago:</p>\n\n<p>*Dep&oacute;sito o transferencia a la cuenta:</p>\n\n<p>BBVA BANCOMER<br />\n&Aacute;NGELA PATRICIA &Aacute;VILA ROJAS<br />\nCta 0199909435 &nbsp;Clabe 012180001999094351</p>\n\n<p>Usa la referencia: {{referencia}}</p>\n\n<p>*Con tarjeta de cr&eacute;dito v&iacute;a PAYPAL en nuestro sistema de inscripci&oacute;n (Ojo, en pago con tarjeta aplica 5% de comisi&oacute;n).</p>\n\n<p><strong>IMPORTANTE:</strong></p>\n\n<p>**Mandar el comprobante de pago a pagos@kincamp.com indicando: nombre completo del participante.</p>\n\n<p>**En caso de requerir factura se agregar&aacute; el IVA correspondiente y te pedimos nos contactes para indicarte la forma de realizar el pago**</p>|2021-01-25|2022-10-03|t|150000|Alpinia|montañakobalsr21|||f|34900|f|f|15|15|2021-07-25 12:00:00-05|2021-07-12 08:00:00-05||t||1|0|f
20777|Daycamp CIMAT Julio 2021|2021-07-02 07:00:00-05|2021-07-02 18:00:00-05|51|76|66|https://kincamp.com/cimat|<div>\n<div>\n<div>\n<h4>Precios y Formas de pago</h4>\n\n<p>El costo del daycamp es de:</p>\n\n<p>&ndash; $1,522.50 pesos al pagar con tarjeta de cr&eacute;dito v&iacute;a PAYPAL</p>\n\n<p>&ndash; $1,450 pesos al hacer dep&oacute;sito o transferencia.</p>\n\n<p><strong>La fecha l&iacute;mite de pago y registro es el 25 de junio</strong></p>\n\n<p>Ponemos a tu disposici&oacute;n 2 formas de pago:</p>\n\n<p>*Dep&oacute;sito o transferencia a la cuenta:</p>\n\n<p>BBVA BANCOMER<br />\n&Aacute;NGELA PATRICIA &Aacute;VILA ROJAS<br />\nCta 0199909435 &nbsp;Clabe 012180001999094351</p>\n\n<p>*Con tarjeta de cr&eacute;dito v&iacute;a PAYPAL en nuestro sistema de inscripci&oacute;n (Ojo, en pago con tarjeta aplica 5% de comisi&oacute;n).</p>\n\n<p><strong>IMPORTANTE:</strong></p>\n\n<p>**Mandar el comprobante de pago a pagos@kincamp.com indicando: nombre completo del participante, escuela y grado.</p>\n\n<p>**En caso de requerir factura se agregar&aacute; el IVA correspondiente y te pedimos nos contactes para indicarte la forma de realizar el pago**</p>\n</div>\n</div>\n</div>|2021-06-15|2022-10-03|t|150000|por definir|jaguarcimat21|||t|1450|t|f|15|15|2021-06-25 18:00:00-05|2021-06-15 15:08:00-05||t||1|0|f
20763|Daycamp de Graduación Oxford Junio 2021|2021-06-17 09:00:00-05|2021-06-17 18:00:00-05|60|159|66|https://www.kincamp.com/oxford|<p>El costo del daycamp es de:</p>\n\n<p>&ndash; $1,312.50 pesos al pagar con tarjeta de cr&eacute;dito v&iacute;a PAYPAL</p>\n\n<p>&ndash; $1,250 pesos al hacer dep&oacute;sito o transferencia.</p>\n\n<p><strong>Las fechas de pago son las siguientes: </strong></p>\n\n<p>1er pago: 14 de mayo - $650 pesos</p>\n\n<p>2do pago: 4 de junio - $600 pesos</p>\n\n<p>Ponemos a tu disposici&oacute;n 2 formas de pago:</p>\n\n<p>*Dep&oacute;sito o transferencia a la cuenta:</p>\n\n<p>BBVA BANCOMER<br />\n&Aacute;NGELA PATRICIA &Aacute;VILA ROJAS<br />\nCta 0199909435 &nbsp;Clabe 012180001999094351</p>\n\n<p>*Con tarjeta de cr&eacute;dito v&iacute;a PAYPAL en nuestro sistema de inscripci&oacute;n (Ojo, en pago con tarjeta aplica 5% de comisi&oacute;n).</p>\n\n<p><strong>IMPORTANTE:</strong></p>\n\n<p>**Mandar el comprobante de pago a pagos@kincamp.com indicando: nombre completo del participante, escuela y grado.</p>\n\n<p>**En caso de requerir factura se agregar&aacute; el IVA correspondiente y te pedimos nos contactes para indicarte la forma de realizar el pago**</p>|2021-03-26|2022-10-03|t|150000|Casa Xipe|jaguaroxford21|||t|1250|f|f|15|15|2021-04-16 18:17:00-05|2021-03-26 18:17:00-06||t||1|0|f
20787|Invierno Kobal 2021 (13 a 17 años)|2021-12-18 07:00:00-06|2021-12-23 20:09:00-06|35|103|64|https://kobal.camp/invierno|<p>Ponemos a tu disposici&oacute;n las siguientes formas de pago:</p>\n\n<p>*Dep&oacute;sito o transferencia a la cuenta:</p>\n\n<p>BBVA BANCOMER<br />\n&Aacute;NGELA PATRICIA &Aacute;VILA ROJAS<br />\nCta <a href="tel:0199909435">0199909435</a> &nbsp;Clabe 012180001999094351</p>\n\n<p>Usa la referencia: {{referencia}}</p>\n\n<p>*Con tarjeta de cr&eacute;dito v&iacute;a PAYPAL en nuestro sistema de inscripci&oacute;n (Ojo, en pago con tarjeta aplica 5% de comisi&oacute;n).</p>\n\n<p><strong>IMPORTANTE:</strong></p>\n\n<p>**Mandar el comprobante de pago a pagos@kincamp.com indicando&nbsp;nombre completo del participante.</p>\n\n<p>**En caso de requerir factura se agregar&aacute; el IVA correspondiente y te pedimos nos contactes para indicarte la forma de realizar el pago**</p>|2021-09-24|2022-10-03|t|150000|por definir|marinvierno21|||t|18000|f|f|15|15|2021-12-10 20:09:00-06|2021-09-24 20:09:00-05||t||1|0|f
20808|RKG Instituto Piaget 6to. primaria Dic. 2021|2021-12-10 09:00:00-06|2021-12-10 13:00:00-06|65|119|64|||2021-11-11|2022-10-03|t|150000|el colegio|no hay|||t|0|f|f|15|15|2021-12-09 21:31:00-06|2021-11-11 21:31:00-06||t||1|0|f
20807|RKG Instituto Piaget 5to. primaria Dic. 2021|2021-12-09 09:00:00-06|2021-12-09 13:00:00-06|65|119|64|||2021-11-11|2022-10-03|t|150000|el colegio|no hay|||t|0|f|f|15|15|2021-12-08 21:30:00-06|2021-11-11 21:30:00-06||t||1|0|f
20785|Reto 36: 13 a 17 años - Octubre 2021|2021-10-23 07:00:00-05|2021-10-24 19:00:00-05|63|103|66|https://kincamp.com/reto36-grandes|<p>El costo del campamento es de $3,600 pesos (Tres mil seiscientos pesos 00/100MN).</p>\n\n<p>La fecha l&iacute;mite de pago y registro es el 18 de octubre</p>\n\n<p>&ndash; &ndash; &ndash; &ndash; &ndash;</p>\n\n<p>Ponemos a tu disposici&oacute;n 2 formas de pago:</p>\n\n<p>*Dep&oacute;sito o transferencia a la cuenta:</p>\n\n<p>BBVA BANCOMER<br />\n&Aacute;NGELA PATRICIA &Aacute;VILA ROJAS<br />\nCta 0199909435 &nbsp;Clabe 012180001999094351</p>\n\n<p>*Con tarjeta de cr&eacute;dito v&iacute;a PAYPAL en nuestro sistema de inscripci&oacute;n (Ojo, en pago con tarjeta aplica 5% de comisi&oacute;n).</p>\n\n<p>IMPORTANTE:</p>\n\n<p>**Mandar el comprobante de pago a pagos@kincamp.com indicando nombre completo del participante</p>\n\n<p>**En caso de requerir factura se agregar&aacute; el IVA correspondiente y te pedimos nos contactes para indicarte la forma de realizar el pago**</p>|2021-09-22|2022-10-03|t|150000|por definir|montañareto361317|||f|3600|t|f|15|15|2021-10-18 20:28:00-05|2021-09-22 20:28:00-05||t||1|0|f
20788|Capacitación Octubre 2021|2021-10-02 07:00:00-05|2021-10-03 20:00:00-05||119|67|https://kincamp.com/capakin||2021-09-27|2022-10-03|t|150000|Parque México|-|||t|0|f|f|15|15|2021-10-01 12:43:00-05|2021-09-27 12:43:00-05||t||1|0|f
20781|Staff Hikin|2021-09-01 00:03:00-05|2021-09-03 00:03:00-05||119|67|||2021-09-01|2022-10-03|t|0|-|-|||t|0|f|f|15|15|2021-10-01 00:03:00-05|2021-09-01 00:03:00-05||t||1|0|f
20816|London 1ro. y 2do. secundaria Marzo 2022|2022-03-30 07:00:00-06|2022-04-01 18:00:00-06|34|10|69|https://kincamp.com/london|<p>La fecha l&iacute;mite de pago y registro es el 15 de marzo 2022</p>\n\n<p>El precio es de $5,000 pesos, el pago se realiza directamente en el colegio.</p>|2021-11-30|2022-10-03|f|150000|Rancho Diego|aguilalondonsec1222|||t|5000|f|f|15|15|2022-03-15 18:00:00-06|2021-11-30 22:42:00-06||t||1|0|f
20771|Camp de Graduación Piaget 6to. Junio 2021|2021-06-23 06:30:00-05|2021-06-25 18:00:00-05|25|123|66|https://kincamp.com/piaget|<p>El costo del campamento es de:</p>\n\n<p>&ndash; $5,880 pesos al pagar con tarjeta de cr&eacute;dito v&iacute;a PAYPAL</p>\n\n<p>&ndash; $5,600 pesos al hacer dep&oacute;sito o transferencia.</p>\n\n<p><strong>La fecha l&iacute;mite de pago y registro es el 9 de junio 2021</strong></p>\n\n<p>Las fechas de pago son:</p>\n\n<p>1er pago: 24 de mayo - $2,800 pesos</p>\n\n<p>2do pago: 9 de junio - $2,800 pesos</p>\n\n<p>Ponemos a tu disposici&oacute;n 2 formas de pago:</p>\n\n<p>*Dep&oacute;sito o transferencia a la cuenta:</p>\n\n<p>BBVA BANCOMER<br />\n&Aacute;NGELA PATRICIA &Aacute;VILA ROJAS<br />\nCta 0199909435 &nbsp;Clabe 012180001999094351</p>\n\n<p>*Con tarjeta de cr&eacute;dito v&iacute;a PAYPAL en nuestro sistema de inscripci&oacute;n (Ojo, en pago con tarjeta aplica 5% de comisi&oacute;n).</p>\n\n<p><strong>IMPORTANTE:</strong></p>\n\n<p>**Mandar el comprobante de pago a pagos@kincamp.com indicando: nombre completo del participante, escuela y grado.</p>\n\n<p>**En caso de requerir factura se agregar&aacute; el IVA correspondiente y te pedimos nos contactes para indicarte la forma de realizar el pago**</p>|2021-05-17|2022-10-03|t|150000|el colegio|jaguarpiaget621|||t|5600|f|f|15|15|2021-06-09 18:00:00-05|2021-05-17 12:18:00-05||t||1|0|f
20758|Grupo Estudio - MS Palmas 2021|2021-02-22 08:45:00-06|2021-07-02 13:45:00-05|24|43|64|http://www.kincamp.com||2021-02-20|2022-10-03|t|0|Por definir|.||http://www.noaplica.com|t|6000|f|f|15|15|2021-07-09 13:45:00-05|2021-02-22 08:45:00-06||t||1|0|f
20757|PRUEBA PARA MAILS (karla)|2021-02-08 00:38:00-06|2021-02-08 00:38:00-06||103|65|https://kincamp.com||2021-02-08|2022-10-03|t|0|no|montaña|||t|300|f|f|15|15|2022-02-01 00:38:00-06|2021-02-08 00:38:00-06||t||1|0|f
20790|Luis Vives Primaria Mayo 2022|2022-05-06 07:00:00-05|2022-05-08 18:00:00-05|25|28|69|https://kincamp.com/luisvives|<p>La fecha l&iacute;mite de pago y registro es el viernes 29 de abril 2022</p>\n\n<p>El precio del campamento es de $4,800 y el pago se realiza directamente en el colegio.</p>|2021-10-07|2022-10-03|t|150000|el colegio|aguilaluisvives22|||t|4800|f|f|15|15|2022-04-29 18:00:00-05|2021-10-07 12:53:00-05||f||1|0|f
20820|Humanitree Bloom 5 - Marzo 2022|2022-03-27 07:30:00-06|2022-03-31 18:00:00-06|14|138|69|https://kincamp.com/humanitree|<p>El costo del campamento es de $15,500 pesos (Quince mil quinientos pesos 00/100MN)</p>\n\n<p>Ponemos a tu disposici&oacute;n las siguientes fechas de pago:</p>\n\n<p>1er pago: 28 enero 2022 &ndash; $7,750 pesos</p>\n\n<p>2do pago: 11 marzo 2022 &ndash; $7,750 pesos</p>\n\n<p><strong>Fecha l&iacute;mite de pago: 11 de marzo 2022</strong></p>\n\n<p>*Dep&oacute;sito o transferencia a la cuenta:</p>\n\n<p>BBVA BANCOMER<br />\n&Aacute;NGELA PATRICIA &Aacute;VILA ROJAS<br />\nCta 0199909435 &nbsp;Clabe 012180001999094351</p>\n\n<p><strong>IMPORTANTE:</strong></p>\n\n<p>**Mandar el comprobante de pago a pagos@kincamp.com indicando: nombre completo del participante, escuela y grado.</p>\n\n<p>**En caso de requerir factura se agregar&aacute; el IVA correspondiente y te pedimos nos contactes para indicarte la forma de realizar el pago**</p>|2022-01-19|2022-10-03|t|150000|el colegio|aguilahumanitree522|||t|15500|t|f|15|15|2022-03-11 18:00:00-06|2022-01-19 22:11:00-06||t||1|0|f
20791|Luis Vives Secundaria Marzo 2022|2022-03-18 06:20:00-06|2022-03-20 19:00:00-06|45|28|69|https://kincamp.com/luisvives|<p>La fecha l&iacute;mite de pago y registro es el lunes 4 de marzo 2022</p>\n\n<p>El precio es de $5,000 pesos y el pago se realiza directamente en el colegio.</p>|2021-10-07|2022-10-03|t|150000|el colegio|aguilaluisvivessec22|||t|5000|f|f|15|15|2022-03-11 18:00:00-06|2021-10-07 12:59:00-05||f||1|0|f
20802|Peterson Bootcamp 11vo. Febrero 2022|2022-02-11 07:00:00-06|2022-02-13 18:00:00-06|45|73|69|https://kincamp.com/peterson||2021-11-05|2022-10-03|t|150000|el colegio|aguilapeterson1122|||t|5100|f|f|15|15|2021-12-15 18:00:00-06|2021-11-05 18:50:00-06|<p>El costo del campamento es de $5,100 pesos (Cinco mil cien pesos 00/100MN).</p>\n\n<p>*Dep&oacute;sito o transferencia a la cuenta:</p>\n\n<p>BBVA BANCOMER<br />\n&Aacute;NGELA PATRICIA &Aacute;VILA ROJAS<br />\nCta 0199909435 Clabe 012180001999094351</p>\n\n<p>*Con tarjeta de cr&eacute;dito v&iacute;a PAYPAL en nuestro sistema de inscripci&oacute;n (Ojo, en pago con tarjeta aplica 5% de comisi&oacute;n).</p>\n\n<p>IMPORTANTE:</p>\n\n<p>**Mandar el comprobante de pago a pagos@kincamp.com indicando: nombre completo del participante, escuela y grado.&nbsp;</p>\n\n<p>**En caso de requerir factura se agregar&aacute; el IVA correspondiente y te pedimos nos contactes para indicarte la forma de realizar el pago**</p>|t||1|0|f
20786|Invierno Kobal 2021 (5 a 12 años)|2021-12-18 07:00:00-06|2021-12-23 14:00:00-06|35|103|64|https://kobal.camp/invierno|<p>Ponemos a tu disposici&oacute;n las siguientes formas de pago:</p>\n\n<p>*Dep&oacute;sito o transferencia a la cuenta:</p>\n\n<p>BBVA BANCOMER<br />\n&Aacute;NGELA PATRICIA &Aacute;VILA ROJAS<br />\nCta <a href="tel:0199909435">0199909435</a> &nbsp;Clabe 012180001999094351</p>\n\n<p>Usa la referencia: {{referencia}}</p>\n\n<p>*Con tarjeta de cr&eacute;dito v&iacute;a PAYPAL en nuestro sistema de inscripci&oacute;n (Ojo, en pago con tarjeta aplica 5% de comisi&oacute;n).</p>\n\n<p><strong>IMPORTANTE:</strong></p>\n\n<p>**Mandar el comprobante de pago a pagos@kincamp.com indicando&nbsp;nombre completo del participante.</p>\n\n<p>**En caso de requerir factura se agregar&aacute; el IVA correspondiente y te pedimos nos contactes para indicarte la forma de realizar el pago**</p>|2021-09-24|2022-10-03|t|150000|por definir|marinvierno21|||t|18000|f|f|15|15|2021-12-10 20:01:00-06|2021-09-24 20:01:00-05||t||1|0|f
20809|RKG Instituto Piaget Profesores Dic. 2021|2021-12-14 15:00:00-06|2021-12-14 19:00:00-06|65|119|64|||2021-11-11|2022-10-03|t|150000|el colegio|no hay|||t|0|f|f|15|15|2021-12-13 21:31:00-06|2021-11-11 21:31:00-06||t||1|0|f
20799|RKG Instituto Piaget 3ro. Sec. Dic. 2021|2021-12-10 09:00:00-06|2021-12-10 13:00:00-06|65|119|67|||2021-11-05|2022-10-03|t|150000|el colegio|no hay|||t|0|f|f|15|15|2021-12-09 18:22:00-06|2021-11-05 18:22:00-06||t||1|0|f
20806|RKG Instituto Piaget 4to. primaria Dic. 2021|2021-12-08 09:00:00-06|2021-12-08 13:00:00-06|65|119|64|||2021-11-11|2022-10-03|t|150000|el colegio|no hay|||t|0|f|f|15|15|2021-12-07 21:29:00-06|2021-11-11 21:29:00-06||t||1|0|f
20805|RKG Instituto Piaget 3ro. primaria Dic. 2021|2021-12-07 09:00:00-06|2021-12-07 13:00:00-06|65|119|64|||2021-11-11|2022-10-03|t|150000|el colegio|no hay|||t|0|f|f|15|15|2021-12-07 21:28:00-06|2021-11-11 21:28:00-06||t||1|0|f
20804|RKG Instituto Piaget 2do. primaria Dic. 2021|2021-12-06 09:00:00-06|2021-12-06 13:00:00-06|65|119|64|||2021-11-11|2022-10-03|t|150000|el colegio|no hay|||t|0|f|f|15|15|2021-12-05 21:27:00-06|2021-11-11 21:27:00-06||t||1|0|f
20803|RKG Instituto Piaget 1ro. primaria Dic. 2021|2021-12-03 09:00:00-06|2021-12-03 13:00:00-06|65|119|64|||2021-11-11|2022-10-03|t|150000|el colegio|no hay|||t|0|f|f|15|15|2021-12-02 21:26:00-06|2021-11-11 21:26:00-06||t||1|0|f
20798|RKG Instituto Piaget 2do. Sec. Dic. 2021|2021-12-03 09:00:00-06|2021-12-03 13:00:00-06|65|119|67|||2021-11-05|2022-10-03|t|150000|el colegio|no hay|||t|0|f|f|15|15|2021-12-02 18:21:00-06|2021-11-05 18:21:00-06||t||1|0|f
20792|Capacitación de Inclusión Noviembre 2021|2021-12-01 08:00:00-06|2021-12-01 12:00:00-06||119|65|https://kincamp.com||2021-10-19|2022-10-03|t|150000|Calle Dr. Fernando zárraga 31, Col. Doctores|-|||t|0|f|f|15|15|2021-11-11 15:26:00-06|2021-10-19 15:26:00-05||t||1|0|f
20797|RKG Instituto Piaget Profesores Nov. 2021|2021-11-27 15:00:00-06|2021-11-27 18:00:00-06|65|119|67|||2021-11-05|2022-10-03|t|150000|el colegio|no hay|||t|0|f|f|15|15|2021-11-25 18:20:00-06|2021-11-05 18:20:00-06||t||1|0|f
20796|RKG Instituto Piaget 1ro. sec. Nov 2021|2021-11-19 09:00:00-06|2021-11-19 13:00:00-06|65|119|67|||2021-11-05|2022-10-03|t|150000|el colegio|no hay|||t|0|f|f|15|15|2021-11-18 18:19:00-06|2021-11-05 18:19:00-06||t||1|0|f
20819|Humanitree Bloom 3&4 - Marzo 2022|2022-03-28 06:30:00-06|2022-03-31 18:00:00-06|45|138|69|https://kincamp.com/humanitree|<p>El costo del campamento es de $8,900 pesos (Ocho mil novecientos pesos 00/100MN).</p>\n\n<p><strong>La fecha l&iacute;mite de pago y registro es el 21 de febrero 2022.</strong></p>\n\n<p>Ponemos a tu disposici&oacute;n las siguientes formas de pago:</p>\n\n<p>*Dep&oacute;sito o transferecncia:</p>\n\n<p>BBVA BANCOMER<br />\nAngela Patricia Avila Rojas<br />\nCta 0199909435<br />\nClabe 012180001999094351</p>\n\n<p>*Con tarjeta de cr&eacute;dito v&iacute;a PAYPAL en nuestro sistema de inscripci&oacute;n (Ojo, en pago con tarjeta aplica 5% de comisi&oacute;n).</p>\n\n<p><strong>IMPORTANTE:</strong></p>\n\n<p>**Mandar el comprobante de pago a pagos@kincamp.com indicando: nombre completo del participante, escuela y grado.</p>\n\n<p>**En caso de requerir factura se agregar&aacute; el IVA correspondiente y te pedimos nos contactes para indicarte la forma de realizar el pago**</p>|2022-01-19|2022-10-03|t|150000|el colegio|aguilahumanitree3422|||t|8900|f|f|15|15|2022-02-21 18:00:00-06|2022-01-19 22:08:00-06||f||1|0|f
20817|London 3ro. Sec. Marzo 2022|2022-03-22 07:30:00-06|2022-03-25 18:00:00-06|64|10|69|https://kincamp.com/london|<p>El pago se realiza directamente en el colegio.</p>|2021-12-08|2022-10-03|t|150000|el colegio|aguilalondonsec322|||t|7000|f|f|15|15|2022-03-16 18:00:00-06|2021-12-08 21:55:00-06||f||1|0|f
20821|Maguen David Febrero 2022|2022-03-07 07:00:00-06|2022-03-07 18:00:00-06|65|119|69|||2022-01-28|2022-10-03|t|150000|el colegio|-|||t|0|f|f|15|15|2022-03-06 16:17:00-06|2022-01-28 16:17:00-06||t||1|0|f
20822|Taller Anual de Campamentos Feb. 2022|2022-02-18 07:00:00-06|2022-02-20 18:00:00-06||119|69|||2022-01-28|2022-10-03|t|0|-|-|||t|0|f|f|15|15|2022-02-18 16:19:00-06|2022-01-28 16:19:00-06||t||1|0|f
20800|Marymount Senior Camp Febrero 2022|2022-02-04 06:30:00-06|2022-02-07 16:30:00-06|25|65|69|http://grupo-kin.com/marymount|<p>El costo del campamento es de $9,500 pesos (Nueve mil quinientos pesos 00/100MN).<br />\n<br />\n*Dep&oacute;sito o transferencia a la cuenta:<br />\n<br />\nBBVA BANCOMER<br />\n&Aacute;NGELA PATRICIA &Aacute;VILA ROJAS<br />\nCta 0199909435 Clabe 012180001999094351<br />\n<br />\n*Con tarjeta de cr&eacute;dito v&iacute;a PAYPAL en nuestro sistema de inscripci&oacute;n (Ojo, en pago con tarjeta aplica 5% de comisi&oacute;n).<br />\n<br />\nIMPORTANTE:<br />\n<br />\n**Mandar el comprobante de pago a pagos@kincamp.com indicando: nombre completo del participante, escuela y grado. Se deber&aacute; llevar el comprobante a las mam&aacute;s del comit&eacute; en las fechas y horarios establecidos.<br />\n<br />\n**En caso de requerir factura se agregar&aacute; el IVA correspondiente y te pedimos nos contactes para indicarte la forma de realizar el pago**</p>\n\n<p>*M&iacute;nimo 30 participantes*</p>|2021-11-05|2022-10-03|t|150000|el colegio|aguilamarymount22|||f|9500|f|f|15|15|2022-01-21 18:00:00-06|2021-11-05 18:25:00-06||f||1|0|f
20801|Peterson Bootcamp 12vo. Enero 2022|2022-01-14 07:00:00-06|2022-01-16 18:00:00-06|45|73|69|https://kincamp.com/peterson|<p>El costo del campamento es de $5,100 pesos (Cinco mil cien pesos 00/100MN).</p>\n\n<p>*Dep&oacute;sito o transferencia a la cuenta:</p>\n\n<p>BBVA BANCOMER<br />\n&Aacute;NGELA PATRICIA &Aacute;VILA ROJAS<br />\nCta 0199909435 Clabe 012180001999094351</p>\n\n<p>*Con tarjeta de cr&eacute;dito v&iacute;a PAYPAL en nuestro sistema de inscripci&oacute;n (Ojo, en pago con tarjeta aplica 5% de comisi&oacute;n).</p>\n\n<p>IMPORTANTE:</p>\n\n<p>**Mandar el comprobante de pago a pagos@kincamp.com indicando: nombre completo del participante, escuela y grado.&nbsp;</p>\n\n<p>**En caso de requerir factura se agregar&aacute; el IVA correspondiente y te pedimos nos contactes para indicarte la forma de realizar el pago**</p>|2021-11-05|2022-10-03|t|150000|el colegio|aguilapeterson1222|||t|5100|t|f|15|15|2021-12-15 18:00:00-06|2021-11-05 18:43:00-06||t||1|0|f
20853|Daycamp CCM 1ro. sec. Julio 2022|2022-07-07 07:00:00-05|2022-07-07 18:00:00-05|65|119|68|||2022-03-03|2022-10-03|t|0|el colegio|-|||t|0|f|f|15|15|2022-07-06 14:01:00-05|2022-03-03 14:01:00-06||t||1|0|f
20835|Sierra Nevada San Mateo 4to. primaria Mayo 2022|2022-05-30 07:00:00-05|2022-06-01 18:00:00-05|66|102|69|https://kincamp.com/sierranevada|<p>El costo del campamento es de $4,600 pesos (Cuatro mil seiscientos pesos&nbsp;00/100MN).</p>\n\n<p><strong>La fecha l&iacute;mite de pago y registro es el 16 de mayo 2022.</strong></p>\n\n<p>&ndash; &ndash; &ndash; &ndash; &ndash;</p>\n\n<p>Ponemos a tu disposici&oacute;n 2 formas de pago:</p>\n\n<p><strong>*Dep&oacute;sito o transferencia a la cuenta:</strong></p>\n\n<p>BBVA BANCOMER<br />\n&Aacute;NGELA PATRICIA &Aacute;VILA ROJAS<br />\nCta 0199909435 &nbsp;Clabe 012180001999094351</p>\n\n<p><strong>*Con tarjeta de cr&eacute;dito v&iacute;a PAYPAL en nuestro sistema de inscripci&oacute;n (Ojo, en pago con tarjeta aplica 5% de comisi&oacute;n).</strong></p>\n\n<p><strong>IMPORTANTE:</strong></p>\n\n<p>**Mandar el comprobante de pago a pagos@kincamp.com indicando: nombre completo del participante, escuela y grado.</p>\n\n<p>**En caso de requerir factura se agregar&aacute; el IVA correspondiente y te pedimos nos contactes para indicarte la forma de realizar el pago**</p>|2022-02-23|2022-10-03|t|150000|el colegio|aguilasanmateo422|||t|4600|f|f|15|15|2022-05-15 18:00:00-05|2022-02-23 13:29:00-06||f||1|0|f
20850|Daycamp CCM 4to. primaria Mayo 2022|2022-05-27 07:00:00-05|2022-05-27 18:00:00-05|65|119|69|||2022-03-03|2022-10-03|t|0|el colegio|-|||t|0|f|f|15|15|2022-05-04 13:55:00-05|2022-03-03 13:55:00-06||t||1|0|f
20832|Sierra Nevada Lomas 5to. y 6to. primaria Mayo 2022|2022-05-27 07:00:00-05|2022-05-29 18:00:00-05|32|164|69|https://kincamp.com/sierranevada|<p>El costo del campamento es de $5,200 pesos (Cinco mil doscientos&nbsp;pesos&nbsp;00/100MN).</p>\n\n<p><strong>La fecha l&iacute;mite de pago y registro es el 16 de mayo 2022</strong></p>\n\n<p>&ndash; &ndash; &ndash; &ndash; &ndash;</p>\n\n<p>Las fechas de pago son las siguientes:</p>\n\n<p>Pago 1: 18 de abril &ndash; $2,600 pesos</p>\n\n<p>Pago 2: 16 de mayo &ndash; $2,600 pesos</p>\n\n<p>Ponemos a tu disposici&oacute;n 2 formas de pago:</p>\n\n<p><strong>*Dep&oacute;sito o transferencia a la cuenta:</strong></p>\n\n<p>BBVA BANCOMER<br />\n&Aacute;NGELA PATRICIA &Aacute;VILA ROJAS<br />\nCta 0199909435 &nbsp;Clabe 012180001999094351</p>\n\n<p><strong>*Con tarjeta de cr&eacute;dito v&iacute;a PAYPAL en nuestro sistema de inscripci&oacute;n (Ojo, en pago con tarjeta aplica 5% de comisi&oacute;n).</strong></p>\n\n<p><strong>IMPORTANTE:</strong></p>\n\n<p>**Mandar el comprobante de pago a pagos@kincamp.com indicando: nombre completo del participante, escuela y grado.</p>\n\n<p>**En caso de requerir factura se agregar&aacute; el IVA correspondiente y te pedimos nos contactes para indicarte la forma de realizar el pago**</p>|2022-02-23|2022-10-03|t|150000|el colegio|aguilalomas5622|||t|5200|f|f|15|15|2022-05-16 18:00:00-05|2022-02-23 13:19:00-06||f||1|0|f
20732|Kobal Invierno (13 a 17 años) - Diciembre 2020|2020-12-19 07:00:00-06|2020-12-23 14:00:00-06|35|103|62|https://www.kobal.camp/kobal-invierno|<p>Ponemos a tu disposici&oacute;n las siguientes formas de pago:</p>\n\n<p>* En efectivo o con cheque</p>\n\n<p>*Dep&oacute;sito o transferencia a la cuenta:</p>\n\n<p>BBVA BANCOMER<br />\n&Aacute;NGELA PATRICIA &Aacute;VILA ROJAS<br />\nCta <a href="tel:0199909435">0199909435</a> &nbsp;Clabe 012180001999094351</p>\n\n<p>Usa la referencia: {{referencia}}</p>\n\n<p>*Con tarjeta de cr&eacute;dito v&iacute;a PAYPAL en nuestro sistema de inscripci&oacute;n (Ojo, en pago con tarjeta aplica 5% de comisi&oacute;n).</p>\n\n<p><strong>IMPORTANTE:</strong></p>\n\n<p>**Mandar el comprobante de pago a pagos@kincamp.com indicando: nombre completo del participante.</p>\n\n<p>**En caso de requerir factura se agregar&aacute; el IVA correspondiente y te pedimos nos contactes para indicarte la forma de realizar el pago**</p>|2020-09-23|2022-10-03|t|150000|Calle Morelos #77, Coyoacán|jaguarinvierno20|||t|14000|f|f|15|15|2020-12-14 18:00:00-06|2020-09-23 17:23:00-05||t||1|0|f
20831|Sierra Nevada Lomas 4to. primaria Mayo 2022|2022-05-20 07:40:00-05|2022-05-22 18:00:00-05|66|164|69|https://kincamp.com/sierranevada|<p>El costo del campamento es de $4,600 pesos (Cuatro mil seiscientos&nbsp;pesos&nbsp;00/100MN).</p>\n\n<p><strong>La fecha l&iacute;mite de pago y registro est&aacute; por confirmar.</strong></p>\n\n<p>&ndash; &ndash; &ndash; &ndash; &ndash;</p>\n\n<p>Ponemos a tu disposici&oacute;n 2 formas de pago:</p>\n\n<p><strong>*Dep&oacute;sito o transferencia a la cuenta:</strong></p>\n\n<p>BBVA BANCOMER<br />\n&Aacute;NGELA PATRICIA &Aacute;VILA ROJAS<br />\nCta 0199909435 &nbsp;Clabe 012180001999094351</p>\n\n<p><strong>*Con tarjeta de cr&eacute;dito v&iacute;a PAYPAL en nuestro sistema de inscripci&oacute;n (Ojo, en pago con tarjeta aplica 5% de comisi&oacute;n).</strong></p>\n\n<p><strong>IMPORTANTE:</strong></p>\n\n<p>**Mandar el comprobante de pago a pagos@kincamp.com indicando: nombre completo del participante, escuela y grado.</p>\n\n<p>**En caso de requerir factura se agregar&aacute; el IVA correspondiente y te pedimos nos contactes para indicarte la forma de realizar el pago**</p>|2022-02-23|2022-10-03|t|150000|el colegio|aguilalomas422|||t|4600|f|f|15|15|2022-05-13 18:00:00-05|2022-02-23 13:16:00-06||f||1|0|f
20825|Capacitacón Primer Respondiente Marzo 2022|2022-03-15 10:00:00-06|2022-03-15 18:00:00-06|4|119|69|||2022-02-21|2022-10-03|t|0|Oficina kincampera|-|||f|0|f|f|15|15|2022-03-11 18:16:00-06|2022-02-21 18:16:00-06||t||1|0|f
20852|Daycamp CCM 6to. primaria Julio 2022|2022-07-06 07:00:00-05|2022-07-06 18:00:00-05|65|119|68|||2022-03-03|2022-10-03|t|0|el colegio|-|||t|0|f|f|15|15|2022-07-05 18:00:00-05|2022-03-03 13:59:00-06||t||1|0|f
20841|Ernesto Alconedo Julio 2022|2022-07-01 07:00:00-05|2022-07-02 18:00:00-05|32|146|68|https://kincamp.com/ernestoalconedo|<p>El costo del campamento es de $3,500 pesos (Tres mil quinientos pesos 00/100MN).</p>\n\n<p>El pago se realiza directamente en el colegio.</p>\n\n<p>Las fechas de pago son las siguientes:</p>\n\n<p>Pago 1: 15 de marzo &ndash; $500 pesos</p>\n\n<p>Pago 2: 18 de abril &ndash; $1,000 pesos</p>\n\n<p>Pago 3: 16 de mayo &ndash; $1,000 pesos</p>\n\n<p>Pago 4: 15 de junio &ndash; $1,000 pesos</p>\n\n<p>La fecha l&iacute;mite de pago y registro es el 15 de junio 2022</p>|2022-02-25|2022-10-03|t|150000|el colegio|aguilaernestoalconedo22|||t|3500|f|f|15|15|2022-06-15 18:00:00-05|2022-02-25 09:54:00-06||f||1|0|f
20851|Daycamp CCM 5to. primaria Junio 2022|2022-06-24 07:00:00-05|2022-06-24 18:00:00-05|65|119|69|||2022-03-03|2022-10-03|t|0|el colegio|-|||t|0|f|f|15|15|2022-06-23 13:56:00-05|2022-03-03 13:56:00-06||t||1|0|f
20836|Sierra Nevada San Mateo 5to. y 6to. Mayo 2022|2022-05-18 06:45:00-05|2022-05-20 18:00:00-05|25|102|69|https://kincamp.com/sierranevada|<p>El costo del campamento es de $5,200 pesos (Cinco mil doscientos pesos 00/100MN).</p>\n\n<p><strong>La fecha l&iacute;mite de pago y registro est&aacute; por confirmar.</strong></p>\n\n<p>&ndash; &ndash; &ndash; &ndash; &ndash;</p>\n\n<p>Ponemos a tu disposici&oacute;n 2 formas de pago:</p>\n\n<p><strong>*Dep&oacute;sito o transferencia a la cuenta:</strong></p>\n\n<p>BBVA BANCOMER<br />\n&Aacute;NGELA PATRICIA &Aacute;VILA ROJAS<br />\nCta 0199909435 &nbsp;Clabe 012180001999094351</p>\n\n<p><strong>*Con tarjeta de cr&eacute;dito v&iacute;a PAYPAL en nuestro sistema de inscripci&oacute;n (Ojo, en pago con tarjeta aplica 5% de comisi&oacute;n).</strong></p>\n\n<p><strong>IMPORTANTE:</strong></p>\n\n<p>**Mandar el comprobante de pago a pagos@kincamp.com indicando: nombre completo del participante, escuela y grado.</p>\n\n<p>**En caso de requerir factura se agregar&aacute; el IVA correspondiente y te pedimos nos contactes para indicarte la forma de realizar el pago**</p>|2022-02-23|2022-10-03|t|150000|el colegio|aguilasanmateo5622|||t|5200|f|f|15|15|2022-05-01 18:00:00-05|2022-02-23 13:31:00-06||f||1|0|f
20847|Daycamp CCM 1ro. primaria Abril 2022|2022-04-29 07:00:00-05|2022-04-29 18:00:00-05|65|119|69|||2022-03-03|2022-10-03|t|0|el colegio|-|||t|0|f|f|15|15|2022-04-28 13:51:00-05|2022-03-03 13:51:00-06||t||1|0|f
20846|Daycamp CCM PF Abril 2022|2022-04-08 07:00:00-05|2022-04-08 18:00:00-05|65|119|69|||2022-03-03|2022-10-03|t|0|el colegio|-|||t|0|f|f|15|15|2022-04-07 13:38:00-05|2022-03-03 13:38:00-06||t||1|0|f
20849|Daycamp CCM 3ro. primaria Abril 2022|2022-04-07 07:00:00-05|2022-04-07 18:00:00-05|65|119|69|||2022-03-03|2022-10-03|t|0|el colegio|-|||t|0|f|f|15|15|2022-04-06 13:53:00-05|2022-03-03 13:53:00-06||t||1|0|f
20848|Daycamp CCM 2do. primaria Abril 2022|2022-04-06 07:00:00-05|2022-04-06 18:00:00-05|65|119|69|||2022-03-03|2022-10-03|t|0|el colegio|-|||t|0|f|f|15|15|2022-04-05 13:52:00-05|2022-03-03 13:52:00-06||t||1|0|f
20829|Sierra Nevada Lomas 2do. primaria Marzo 2022|2022-03-25 07:30:00-06|2022-03-26 18:00:00-06|66|164|69|https://kincamp.com/sierranevada|<p>El costo del campamento es de $3,600 pesos (Tres mil seiscientos&nbsp;pesos&nbsp;00/100MN).</p>\n\n<p><strong>La fecha l&iacute;mite de pago y registro est&aacute; por confirmar.</strong></p>\n\n<p>&ndash; &ndash; &ndash; &ndash; &ndash;</p>\n\n<p>Ponemos a tu disposici&oacute;n 2 formas de pago:</p>\n\n<p><strong>*Dep&oacute;sito o transferencia a la cuenta:</strong></p>\n\n<p>BBVA BANCOMER<br />\n&Aacute;NGELA PATRICIA &Aacute;VILA ROJAS<br />\nCta 0199909435 &nbsp;Clabe 012180001999094351</p>\n\n<p><strong>*Con tarjeta de cr&eacute;dito v&iacute;a PAYPAL en nuestro sistema de inscripci&oacute;n (Ojo, en pago con tarjeta aplica 5% de comisi&oacute;n).</strong></p>\n\n<p><strong>IMPORTANTE:</strong></p>\n\n<p>**Mandar el comprobante de pago a pagos@kincamp.com indicando: nombre completo del participante, escuela y grado.</p>\n\n<p>**En caso de requerir factura se agregar&aacute; el IVA correspondiente y te pedimos nos contactes para indicarte la forma de realizar el pago**</p>|2022-02-23|2022-10-03|t|150000|el colegio|aguilalomas222|||t|3600|f|f|15|15|2022-03-15 18:00:00-06|2022-02-23 13:12:00-06||f||1|0|f
20827|Sierra Nevada Esmeralda 3ro. y 4to. primaria Marzo 2022|2022-03-22 07:00:00-06|2022-03-24 18:00:00-06|66|163|69|https://kincamp.com/sierranevada|<p>El costo del campamento es de $4,600 pesos (Cuatro mil seiscientos pesos 00/100MN).</p>\n\n<p><strong>La fecha l&iacute;mite de pago y registro es el 15 de marzo 2022.</strong></p>\n\n<p>&ndash; &ndash; &ndash; &ndash; &ndash;</p>\n\n<p>Ponemos a tu disposici&oacute;n 2 formas de pago:</p>\n\n<p><strong>*Dep&oacute;sito o transferencia a la cuenta:</strong></p>\n\n<p>BBVA BANCOMER<br />\n&Aacute;NGELA PATRICIA &Aacute;VILA ROJAS<br />\nCta 0199909435 &nbsp;Clabe 012180001999094351</p>\n\n<p><strong>*Con tarjeta de cr&eacute;dito v&iacute;a PAYPAL en nuestro sistema de inscripci&oacute;n (Ojo, en pago con tarjeta aplica 5% de comisi&oacute;n).</strong></p>\n\n<p><strong>IMPORTANTE:</strong></p>\n\n<p>**Mandar el comprobante de pago a pagos@kincamp.com indicando: nombre completo del participante, escuela y grado.</p>\n\n<p>**En caso de requerir factura se agregar&aacute; el IVA correspondiente y te pedimos nos contactes para indicarte la forma de realizar el pago**</p>|2022-02-23|2022-10-03|t|150000|el colegio|aguilaesmeralda3422|||t|4600|f|f|15|15|2022-03-15 18:00:00-06|2022-02-23 13:07:00-06||f||1|0|f
20927|ATS 7th grade Marzo 2023|2023-03-13 04:30:00-06|2023-03-17 20:40:00-06|25|118|72|https://kincamp.com/ats-septimo/|<p>La fecha l&iacute;mite de&nbsp;registro es el 27 de febrero 2023.</p>\n\n<p>El pago se realiza directamente en el colegio.&nbsp;</p>|2022-09-22|2023-03-09|t|150000|por definir|quetzalats723|||t|15450|f|f|15|15|2023-10-03 11:43:00-06|2022-09-22 12:43:00-05||f||1|0|f
20844|TCS 3ro. sec. Junio 2022|2022-06-27 07:00:00-05|2022-06-30 18:00:00-05|32|48|68|https://kincamp.com/tcs|<p>El costo del campamento es de $7,540* pesos (Siete mil quinientos cuarenta pesos&nbsp;00/100MN)&nbsp;<strong>*Incluye IVA*</strong></p>\n\n<p>Costo de la prueba PCR: $750 (Setecientos cincuenta pesos 00/100 M.N.) *Pago no reembolsable*</p>\n\n<p><strong>Costo total del campamento: $8,290 pesos (Ocho mil doscientos noventa pesos 00/100 M.N.)</strong></p>\n\n<p>Si vendr&aacute;n hermanos al campamento, Kin Camp ofrece un 10% de descuento a cada uno sobre el costo del camp.</p>\n\n<p>Fechas de pago:</p>\n\n<p>Pago 1: 15 de marzo &ndash; $2,285 pesos</p>\n\n<p>Pago 2: 18 de abril &ndash; $2,285 pesos</p>\n\n<p>Pago 3: 16 de mayo &ndash; $2,285 pesos</p>\n\n<p>Pago 4: 13 de junio &ndash; $1,435 pesos</p>\n\n<p><strong>La fecha l&iacute;mite de pago y registro es el 13 de junio 2022</strong></p>\n\n<p>&ndash; Dep&oacute;sito o transferencia a cuenta:</p>\n\n<p>BBVA<br />\nKin Camp SA de CV<br />\nCta: 0146450970<br />\nClabe: 012180001464509708</p>\n\n<p>&ndash; Si quieres pagar con tarjeta de cr&eacute;dito m&aacute;ndanos un mail a info@kincamp.com y te enviaremos un bot&oacute;n de paypal. El pago con tarjeta de cr&eacute;dito tiene un 5% de comisi&oacute;n.</p>\n\n<p><strong>IMPORTANTE:&nbsp;</strong><strong>*Debes enviar el comprobante con nombre del participante, grado, colegio y datos fiscales al correo pagos@kincamp.com*</strong></p>|2022-02-28|2022-10-03|t|150000|el colegio|aguilatcs322|||t|8290|f|f|15|15|2022-06-13 18:11:00-05|2022-02-28 18:11:00-06||f||1|0|f
20826|Buena Tierra Sec. Junio 2022|2022-06-24 07:00:00-05|2022-06-26 18:00:00-05|32|109|68|https://www.kincamp.com/buenatierra|<p>El costo del campamento es de $5,200 pesos (Cinco mil doscientos pesos 00/100MN).</p>\n\n<p>Las fechas de pago son las siguientes:</p>\n\n<p>Pago 1 (inscripci&oacute;n): 15 de marzo &ndash; $1,300 pesos<br />\nPago 2: 18 de abril &ndash; $1,300 pesos<br />\nPago 3: 16 de mayo &ndash; $1,300 pesos<br />\nPago 4: 15 de junio &ndash; $1,300 pesos</p>\n\n<p><strong>La fecha l&iacute;mite de pago y registro es el 10 de junio 2022</strong></p>\n\n<p>Ponemos a tu disposici&oacute;n las siguientes formas de pago:</p>\n\n<p>*Dep&oacute;sito o transferencia a la cuenta:</p>\n\n<p>BBVA BANCOMER<br />\n&Aacute;NGELA PATRICIA &Aacute;VILA ROJAS<br />\nCta 0199909435 &nbsp;Clabe 012180001999094351</p>\n\n<p>*Con tarjeta de cr&eacute;dito v&iacute;a PAYPAL en nuestro sistema de inscripci&oacute;n (Ojo, en pago con tarjeta aplica 5% de comisi&oacute;n).</p>\n\n<p><strong>IMPORTANTE:</strong></p>\n\n<p>**Mandar el comprobante de pago a pagos@kincamp.com indicando: nombre completo del participante, escuela y grado.</p>\n\n<p>**En caso de requerir factura se agregar&aacute; el IVA correspondiente y te pedimos nos contactes para indicarte la forma de realizar el pago**</p>|2022-02-23|2022-10-03|t|150000|el colegio|aguilabuenatierrasec22|||t|5200|f|f|15|15|2022-06-10 18:00:00-05|2022-02-23 12:36:00-06||f||1|0|f
20855|Formus Junio 2022|2022-06-23 08:00:00-05|2022-06-24 18:45:00-05|29|17|68|https://kincamp.com/formus|<p>El precio del camp es de $3,400 pesos y el pago se realiza en la oficina de primaria con Cecilia Cano.</p>\n\n<p>Fechas de pago:</p>\n\n<p>15 de marzo &ndash; $1,000 pesos</p>\n\n<p>31 de marzo &ndash; $1,200 pesos</p>\n\n<p>18 de abril &ndash; $1,200 pesos</p>\n\n<p>La fecha l&iacute;mite de pago y registro es el 18 de abril 2022</p>|2022-03-10|2022-10-03|t|150000|Hotel Bahía Escondida|aguilaformus22|||t|3400|f|f|15|15|2022-04-18 18:00:00-05|2022-03-10 17:09:00-06||f||1|0|f
20845|Montessori del Bosque Mayo 2022|2022-05-24 07:00:00-05|2022-05-26 18:00:00-05|48|167|69|https://kincamp.com/mdb|<p>El costo del campamento es de $5,950 pesos (Cinco mil novecientos cincuenta&nbsp;pesos&nbsp;00/100MN).</p>\n\n<p><strong>La fecha l&iacute;mite de registro es el 10 de mayo 2022 y la fecha l&iacute;mite de pago es el 16 de mayo 2022</strong></p>\n\n<p>Las fechas de pago son las siguientes :</p>\n\n<p>Pago 1: 15 marzo &ndash; $1,950<br />\nPago 2: 18 abril &ndash; $2,000<br />\nPago 3: 16 mayo &ndash; $2,000</p>\n\n<p>&ndash; &ndash; &ndash; &ndash; &ndash;</p>\n\n<p>Ponemos a tu disposici&oacute;n 2 formas de pago:</p>\n\n<p><strong>*Dep&oacute;sito o transferencia a la cuenta:</strong></p>\n\n<p>BBVA BANCOMER<br />\n&Aacute;NGELA PATRICIA &Aacute;VILA ROJAS<br />\nCta 0199909435 &nbsp;Clabe 012180001999094351</p>\n\n<p><strong>*Con tarjeta de cr&eacute;dito v&iacute;a PAYPAL en nuestro sistema de inscripci&oacute;n (Ojo, en pago con tarjeta aplica 5% de comisi&oacute;n).</strong></p>\n\n<p><strong>IMPORTANTE:</strong></p>\n\n<p>**Mandar el comprobante de pago a pagos@kincamp.com indicando: nombre completo del participante, escuela y grado.</p>\n\n<p>**En caso de requerir factura se agregar&aacute; el IVA correspondiente y te pedimos nos contactes para indicarte la forma de realizar el pago**</p>|2022-03-01|2022-10-03|t|150000|el colegio|aguilamdb22|||t|5950|t|f|15|15|2022-05-15 18:00:00-05|2022-03-01 22:42:00-06||t||1|0|f
20860|INDO 6to. de prepa A, B, C y D Junio 2022|2022-06-11 07:00:00-05|2022-06-12 18:00:00-05|58|169|68|https://kincamp.com/indo|<h4>El costo del campamento es de $4,310 pesos (Cuatro mil trescientos diez 00/100MN) pagando con dep&oacute;sito/transferencia, y $5,000 pesos (Cinco mil pesos 00/100MN) pagando en el INDO a trav&eacute;s de Colaboranet con IVA inclu&iacute;do en caso de requerir factura.</h4>\n\n<p><strong>La fecha l&iacute;mite de pago y registro es el 2 de junio 2022</strong></p>\n\n<p>&ndash; &ndash; &ndash; &ndash; &ndash;</p>\n\n<p><strong>Ponemos a tu disposici&oacute;n 3 formas de pago:</strong></p>\n\n<p><strong>1. Dep&oacute;sito o transferencia a la cuenta:</strong></p>\n\n<p>BBVA BANCOMER<br />\n&Aacute;NGELA PATRICIA &Aacute;VILA ROJAS<br />\nCta 0199909435 &nbsp;Clabe 012180001999094351</p>\n\n<p><strong>2. Con tarjeta de cr&eacute;dito v&iacute;a PAYPAL en nuestro sistema de inscripci&oacute;n (Ojo, en pago con tarjeta aplica 5% de comisi&oacute;n).</strong></p>\n\n<p><strong>3. En caso de requerir factura, deber&aacute;s realizar el pago de $5,000 pesos (iva inclu&iacute;do) directamente en el colegio.&nbsp;</strong></p>\n\n<p>&ndash; &ndash; &ndash; &ndash; &ndash; &ndash;</p>\n\n<p><strong>Fechas de pago:</strong></p>\n\n<p><strong>Pago 1: 28 de marzo</strong> - $1,000 pesos (bbva) / $1,300 pesos (colaboranet)</p>\n\n<p><strong>Pago 2: 28 de abril</strong> - $1,000 pesos (bbva) / $1,300 pesos (colaboranet)</p>\n\n<p><strong>Pago 3: 13 de mayo</strong> - $1,000 pesos (bbva) / $1,300 pesos (colaboranet)</p>\n\n<p><strong>Pago 4: 2 de junio</strong> - $1,310 pesos (bbva) / $1,100 pesos (colaboranet)</p>\n\n<p>&nbsp;</p>\n\n<p><strong>IMPORTANTE:</strong></p>\n\n<p>**Mandar el comprobante de pago a pagos@kincamp.com indicando: nombre completo del participante, escuela y grado.</p>|2022-03-11|2022-10-03|t|150000|el colegio|aguilaindo622|||t|4310|t|f|15|15|2022-06-02 18:00:00-05|2022-03-11 23:23:00-06||t||1|0|f
20892|Social RockSolid Septiembre 2022|2022-09-10 10:00:00-05|2022-09-10 18:00:00-05||119|70|||2022-08-23|2022-10-03|t|0|Prol Ayuntamiento 83, Santa Catarina, Coyoacán, 04010 Ciudad de México, CDMX|-|||t|0|f|f|15|15|2022-09-09 17:07:00-05|2022-08-23 17:07:00-05||t||1|0|f
20887|Kobal Senior I 2023|2023-07-16 05:30:00-06|2023-07-29 10:00:00-06|67|103|73|https://kobal.camp/sr|<p>Ponemos a tu disposici&oacute;n las siguientes formas de pago:</p>\n\n<p>*Dep&oacute;sito o transferencia a la cuenta:</p>\n\n<p>BBVA BANCOMER<br />\n&Aacute;NGELA PATRICIA &Aacute;VILA ROJAS<br />\nCta 0199909435 &nbsp;Clabe 012180001999094351</p>\n\n<p>Usa la referencia: {{referencia}}</p>\n\n<p>*Con tarjeta de cr&eacute;dito v&iacute;a PAYPAL en nuestro sistema de inscripci&oacute;n (Ojo, en pago con tarjeta aplica 5% de comisi&oacute;n).</p>\n\n<p>IMPORTANTE:</p>\n\n<p>**Mandar el comprobante de pago a pagos@kincamp.com indicando: nombre completo del participante.</p>\n\n<p>**En caso de requerir factura se agregar&aacute; el IVA correspondiente y te pedimos nos contactes para indicarte la forma de realizar el pago**</p>|2022-08-04|2023-07-14|t|300000|Parque México|quetzalkobalsr23|||t|39750|t|f|15|15|2023-07-15 11:19:00-06|2022-08-04 12:16:00-05||t||1|0|t
20864|Colegio Cuernavaca Sec. Junio 2022|2022-06-06 07:00:00-05|2022-06-09 18:00:00-05|32|137|68|https://kincamp.com/ccuernavaca|<p>El costo del campamento es de $6,400 pesos (Seis mil cuatrocientos pesos 00/100MN).</p>\n\n<p><strong>La fecha l&iacute;mite de pago y registro es el 16 de mayo 2022</strong></p>\n\n<p>&ndash; &ndash; &ndash; &ndash; &ndash;</p>\n\n<p><strong>Fechas de pago:</strong></p>\n\n<p>Pago 1: 31 de marzo &ndash; $2,100 pesos</p>\n\n<p>Pago 2: 29 de abril &ndash; $2,100 pesos</p>\n\n<p>Pago 3: 16 de mayo &ndash; $2,200 pesos</p>\n\n<p>Ponemos a tu disposici&oacute;n 2 formas de pago:</p>\n\n<p><strong>*Dep&oacute;sito o transferencia a la cuenta:</strong></p>\n\n<p>BBVA BANCOMER<br />\n&Aacute;NGELA PATRICIA &Aacute;VILA ROJAS<br />\nCta 0199909435 &nbsp;Clabe 012180001999094351</p>\n\n<p><strong>*Con tarjeta de cr&eacute;dito v&iacute;a PAYPAL en nuestro sistema de inscripci&oacute;n (Ojo, en pago con tarjeta aplica 5% de comisi&oacute;n).</strong></p>\n\n<p><strong>IMPORTANTE:</strong></p>\n\n<p>**Mandar el comprobante de pago a pagos@kincamp.com indicando: nombre completo del participante, escuela y grado.</p>\n\n<p>**En caso de requerir factura se agregar&aacute; el IVA correspondiente y te pedimos nos contactes para indicarte la forma de realizar el pago**</p>|2022-03-17|2022-10-03|f|150000|el colegio|aguilaccuernavacasec22|||f|6400|t|f|15|15|2022-05-16 21:13:00-05|2022-03-17 21:13:00-06||t||1|0|f
20868|CEM Julio 2022|2022-07-07 07:00:00-05|2022-07-09 18:00:00-05|32|57|68|https://kincamp.com/cem|<p>El costo del campamento es de $5,300 pesos (Cinco mil trescientos pesos 00/100 M.N).</p>\n\n<p><strong>Fecha l&iacute;mite de pago y registro: 23 de junio 2022</strong></p>\n\n<p>Fechas de pago:</p>\n\n<p>Pago 1: 18 de abril &ndash; $1,700 pesos</p>\n\n<p>Pago 2: 16 de mayo &ndash; $1,800 pesos</p>\n\n<p>Pago 3: 23 de junio &ndash; $1,800 pesos</p>\n\n<p>Ponemos a tu disposici&oacute;n 2 formas de pago:</p>\n\n<p>*Dep&oacute;sito o transferencia a la cuenta:</p>\n\n<p>BBVA BANCOMER<br />\n&Aacute;NGELA PATRICIA &Aacute;VILA ROJAS<br />\nCta 0199909435 &nbsp;Clabe 012180001999094351</p>\n\n<p>*Con tarjeta de cr&eacute;dito v&iacute;a PAYPAL en nuestro sistema de inscripci&oacute;n (Ojo, en pago con tarjeta aplica 5% de comisi&oacute;n).</p>\n\n<p><strong>IMPORTANTE:</strong></p>\n\n<p>**Mandar el comprobante de pago a pagos@kincamp.com indicando: nombre completo del participante, escuela y grado.</p>\n\n<p>**En caso de requerir factura se agregar&aacute; el IVA correspondiente y te pedimos nos contactes para indicarte la forma de realizar el pago**</p>|2022-04-03|2022-10-06|t|150000|el colegio|aguilacem22|||t|5300|f|f|15|15|2022-06-23 18:00:00-05|2022-04-03 22:40:00-05||f||1|0|f
20896|Social Escape Room Octubre 2022|2022-10-29 07:00:00-05|2022-10-29 18:00:00-05||119|70|||2022-08-24|2022-10-03|t|0|-|-|||t|0|f|f|15|15|2022-10-28 11:11:00-05|2022-08-24 11:11:00-05||t||1|0|f
20828|Sierra Nevada Esmeralda 5to. y 6to. primaria Mayo 2022|2022-05-11 07:00:00-05|2022-05-13 18:00:00-05|32|163|69|https://kincamp.com/sierranevada|<p>El costo del campamento es de $5,200 pesos (Cinco mil doscientos pesos 00/100MN).</p>\n\n<p><strong>La fecha l&iacute;mite de pago y registro es el 25 de abril 2022</strong></p>\n\n<p>&ndash; &ndash; &ndash; &ndash; &ndash;</p>\n\n<p>Ponemos a tu disposici&oacute;n 2 formas de pago:</p>\n\n<p><strong>*Dep&oacute;sito o transferencia a la cuenta:</strong></p>\n\n<p>BBVA BANCOMER<br />\n&Aacute;NGELA PATRICIA &Aacute;VILA ROJAS<br />\nCta 0199909435 &nbsp;Clabe 012180001999094351</p>\n\n<p><strong>*Con tarjeta de cr&eacute;dito v&iacute;a PAYPAL en nuestro sistema de inscripci&oacute;n (Ojo, en pago con tarjeta aplica 5% de comisi&oacute;n).</strong></p>\n\n<p><strong>IMPORTANTE:</strong></p>\n\n<p>**Mandar el comprobante de pago a pagos@kincamp.com indicando: nombre completo del participante, escuela y grado.</p>\n\n<p>**En caso de requerir factura se agregar&aacute; el IVA correspondiente y te pedimos nos contactes para indicarte la forma de realizar el pago**</p>|2022-02-23|2022-10-03|t|150000|el colegio|aguilaesmeralda5622|||t|5200|f|f|15|15|2022-04-25 18:00:00-05|2022-02-23 13:10:00-06||f||1|0|f
20837|Sierra Nevada Interlomas 2do. primaria Abril 2022|2022-04-04 07:30:00-05|2022-04-05 18:00:00-05|66|166|69|https://kincamp.com/sierranevada|<p>El costo del campamento es de $3,600 pesos (Tres mil seiscientos pesos&nbsp;00/100MN).</p>\n\n<p><strong>La fecha l&iacute;mite de pago y registro es el 16 de marzo 2022</strong></p>\n\n<p>&ndash; &ndash; &ndash; &ndash; &ndash;</p>\n\n<p>Ponemos a tu disposici&oacute;n 2 formas de pago:</p>\n\n<p><strong>*Dep&oacute;sito o transferencia a la cuenta:</strong></p>\n\n<p>BBVA BANCOMER<br />\n&Aacute;NGELA PATRICIA &Aacute;VILA ROJAS<br />\nCta 0199909435 &nbsp;Clabe 012180001999094351</p>\n\n<p><strong>*Con tarjeta de cr&eacute;dito v&iacute;a PAYPAL en nuestro sistema de inscripci&oacute;n (Ojo, en pago con tarjeta aplica 5% de comisi&oacute;n).</strong></p>\n\n<p><strong>IMPORTANTE:</strong></p>\n\n<p>**Mandar el comprobante de pago a pagos@kincamp.com indicando: nombre completo del participante, escuela y grado.</p>\n\n<p>**En caso de requerir factura se agregar&aacute; el IVA correspondiente y te pedimos nos contactes para indicarte la forma de realizar el pago**</p>|2022-02-23|2022-10-03|t|150000|el colegio|aguilainterlomas222|||t|3600|t|f|15|15|2022-03-21 18:00:00-06|2022-02-23 13:32:00-06||t||1|0|f
20839|Sierra Nevada Interlomas 4to. primaria Marzo 2022|2022-03-30 07:30:00-06|2022-04-01 18:00:00-06|66|166|69|https://kincamp.com/sierranevada|<p>El costo del campamento es de $4,600 pesos (Cuatro mil seiscientos&nbsp;pesos&nbsp;00/100MN).</p>\n\n<p><strong>La fecha l&iacute;mite de pago y registro est&aacute; por confirmar.</strong></p>\n\n<p>&ndash; &ndash; &ndash; &ndash; &ndash;</p>\n\n<p>Ponemos a tu disposici&oacute;n 2 formas de pago:</p>\n\n<p><strong>*Dep&oacute;sito o transferencia a la cuenta:</strong></p>\n\n<p>BBVA BANCOMER<br />\n&Aacute;NGELA PATRICIA &Aacute;VILA ROJAS<br />\nCta 0199909435 &nbsp;Clabe 012180001999094351</p>\n\n<p><strong>*Con tarjeta de cr&eacute;dito v&iacute;a PAYPAL en nuestro sistema de inscripci&oacute;n (Ojo, en pago con tarjeta aplica 5% de comisi&oacute;n).</strong></p>\n\n<p><strong>IMPORTANTE:</strong></p>\n\n<p>**Mandar el comprobante de pago a pagos@kincamp.com indicando: nombre completo del participante, escuela y grado.</p>\n\n<p>**En caso de requerir factura se agregar&aacute; el IVA correspondiente y te pedimos nos contactes para indicarte la forma de realizar el pago**</p>|2022-02-23|2022-10-03|t|150000|el colegio|aguilainterlomas422|||t|4600|f|f|15|15|2022-03-15 18:00:00-06|2022-02-23 13:36:00-06||f||1|0|f
20870|Livingstone Secundaria Julio 2022|2022-07-03 07:00:00-05|2022-07-05 18:00:00-05|32|145|68|https://kincamp.com/livingstone|<p>El costo del campamento es de $5,200 pesos (Cinco mil doscientos pesos 00/100MN).</p>\n\n<p>Pago 1: 29&nbsp;de abril &ndash; $1,700 pesos</p>\n\n<p>Pago 2: 16 de mayo &ndash; $1,700 pesos</p>\n\n<p>Pago 3: 17 de junio &ndash; $1,800 pesos</p>\n\n<p><strong>La fecha l&iacute;mite de pago y registro es el 17 de junio 2022</strong></p>\n\n<p>Ponemos a tu disposici&oacute;n 2 formas de pago:</p>\n\n<p>*Dep&oacute;sito o transferencia a la cuenta:</p>\n\n<p>BBVA BANCOMER<br />\n&Aacute;NGELA PATRICIA &Aacute;VILA ROJAS<br />\nCta 0199909435 &nbsp;Clabe 012180001999094351</p>\n\n<p>*Con tarjeta de cr&eacute;dito v&iacute;a PAYPAL en nuestro sistema de inscripci&oacute;n (Ojo, en pago con tarjeta aplica 5% de comisi&oacute;n).</p>\n\n<p><strong>IMPORTANTE:</strong></p>\n\n<p>**Mandar el comprobante de pago a pagos@kincamp.com indicando: nombre completo del participante, escuela y grado.</p>\n\n<p>**En caso de requerir factura se agregar&aacute; el IVA correspondiente y te pedimos nos contactes para indicarte la forma de realizar el pago**</p>|2022-04-06|2022-10-05|t|150000|el colegio|aguilalivingstonesec22|||t|5200|f|f|15|15|2022-06-17 18:00:00-05|2022-04-06 14:09:00-05||f||1|0|f
20872|ITYC Mayo 2022|2022-06-25 07:00:00-05|2022-06-25 20:00:00-05|19|119|69|||2022-04-06|2022-10-03|t||oficina kincampera|-|||t|0|f|f|15|15|2022-05-01 20:37:00-05|2022-04-06 20:37:00-05||t||1|0|f
20858|INDO 4to. de prepa y 2do. tetramestre Junio 2022|2022-06-04 07:00:00-05|2022-06-05 18:00:00-05|32|169|68|https://kincamp.com/indo|<h4>El costo del campamento es de $4,310 pesos (Cuatro mil trescientos diez 00/100MN) pagando con dep&oacute;sito/transferencia, y $5,000 pesos (Cinco mil pesos 00/100MN) pagando en el INDO a trav&eacute;s de Colaboranet con IVA inclu&iacute;do en caso de requerir factura.</h4>\n\n<p><strong>La fecha l&iacute;mite de pago y registro es el 2 de junio 2022</strong></p>\n\n<p>&ndash; &ndash; &ndash; &ndash; &ndash;</p>\n\n<p><strong>Ponemos a tu disposici&oacute;n 3 formas de pago:</strong></p>\n\n<p><strong>1. Dep&oacute;sito o transferencia a la cuenta:</strong></p>\n\n<p>BBVA BANCOMER<br />\n&Aacute;NGELA PATRICIA &Aacute;VILA ROJAS<br />\nCta 0199909435 &nbsp;Clabe 012180001999094351</p>\n\n<p><strong>2. Con tarjeta de cr&eacute;dito v&iacute;a PAYPAL en nuestro sistema de inscripci&oacute;n (Ojo, en pago con tarjeta aplica 5% de comisi&oacute;n).</strong></p>\n\n<p><strong>3. En caso de requerir factura, deber&aacute;s realizar el pago de $5,000 pesos (iva inclu&iacute;do) directamente en el colegio.&nbsp;</strong></p>\n\n<p>&ndash; &ndash; &ndash; &ndash; &ndash; &ndash;</p>\n\n<p><strong>Fechas de pago:</strong></p>\n\n<p><strong>Pago 1: 28 de marzo</strong> - $1,000 pesos (bbva) / $1,300 pesos (colaboranet)</p>\n\n<p><strong>Pago 2: 28 de abril</strong> - $1,000 pesos (bbva) / $1,300 pesos (colaboranet)</p>\n\n<p><strong>Pago 3: 13 de mayo</strong> - $1,000 pesos (bbva) / $1,300 pesos (colaboranet)</p>\n\n<p><strong>Pago 4: 2 de junio</strong> - $1,310 pesos (bbva) / $1,100 pesos (colaboranet)</p>\n\n<p>&nbsp;</p>\n\n<p><strong>IMPORTANTE:</strong></p>\n\n<p>**Mandar el comprobante de pago a pagos@kincamp.com indicando: nombre completo del participante, escuela y grado.</p>|2022-03-11|2022-10-03|t|150000|el colegio|aguilaindo4222|||t|4310|f|f|15|15|2022-06-02 23:18:00-05|2022-03-11 23:18:00-06||f||1|0|f
20856|ULA 4to, 5to y 6to de prepa Mayo 2022|2022-05-21 07:00:00-05|2022-05-22 18:00:00-05|32|168|69|https://kincamp.com/ula|<p>El costo del campamento es de $4,310 pesos (Cuatro mil trescientos diez 00/100MN) pagando con dep&oacute;sito/transferencia, y $5,000 pesos (Cinco mil pesos 00/100MN) pagando directo en el colegio con IVA inclu&iacute;do en caso de requerir factura.</p>\n\n<p><strong>La fecha l&iacute;mite de pago y registro es el 29 de abril&nbsp;</strong></p>\n\n<p>&ndash; &ndash; &ndash; &ndash; &ndash;</p>\n\n<p><strong>Ponemos a tu disposici&oacute;n 3 formas de pago:</strong></p>\n\n<p><strong>1. Dep&oacute;sito o transferencia a la cuenta:</strong></p>\n\n<p>BBVA BANCOMER<br />\n&Aacute;NGELA PATRICIA &Aacute;VILA ROJAS<br />\nCta 0199909435 &nbsp;Clabe 012180001999094351</p>\n\n<p><strong>2. Con tarjeta de cr&eacute;dito v&iacute;a PAYPAL en nuestro sistema de inscripci&oacute;n (Ojo, en pago con tarjeta aplica 5% de comisi&oacute;n).</strong></p>\n\n<p><strong>3. En caso de requerir factura, deber&aacute;s realizar el pago de $5,000 pesos (iva inclu&iacute;do) directamente en el colegio.&nbsp;</strong></p>\n\n<p>&ndash; &ndash; &ndash; &ndash; &ndash; &ndash;</p>\n\n<p><strong>Fechas de pago:</strong></p>\n\n<p><strong>Pago 1: 30 de marzo</strong>&nbsp;&ndash; $2,000 pesos (bbva) / $2,500 pesos (con el colegio)</p>\n\n<p><strong>Pago 2: 29 de abril</strong>&nbsp;&ndash; $2,310 pesos (bbva) / $2,500 pesos (con el colegio)</p>\n\n<p>&nbsp;</p>\n\n<p><strong>IMPORTANTE:</strong></p>\n\n<p>**Mandar el comprobante de pago a pagos@kincamp.com indicando: nombre completo del participante, escuela y grado.</p>|2022-03-11|2022-10-03|t|150000|el colegio|aguilaula22|||t|4310|t|f|15|15|2022-04-29 18:01:00-05|2022-03-11 21:01:00-06||t||1|0|f
20897|Capacitación Proactivo Noviembre 2022|2022-11-19 10:00:00-06|2022-11-19 18:00:00-06|4|119|70|||2022-08-24|2022-11-19|t|0|-|-|||t|0|f|f|15|15|2022-10-11 11:11:00-05|2022-08-24 11:11:00-05||t||1|0|f
20900|Kincena Invierno 2022|2022-12-08 07:00:00-06|2022-12-08 18:00:00-06||119|71|||2022-08-24|2022-10-03|t|0|-|-|||t|0|f|f|15|15|2022-12-07 11:14:00-06|2022-08-24 11:14:00-05||t||1|0|f
20899|Capacitación PITS Diciembre 2022|2022-12-03 10:00:00-06|2022-12-03 18:00:00-06|4|119|70|||2022-08-24|2022-10-03|t|0|-|-|||t|0|f|f|15|15|2022-12-02 11:13:00-06|2022-08-24 11:13:00-05||t||1|0|f
20877|Comunidad HEZI Kinder a 2do. primaria Junio 2022|2022-06-13 08:00:00-05|2022-06-13 19:00:00-05|51|170|68|https://kincamp.com/hezi|<p>El costo del daycamp es de $2,100 pesos (Dos mil cien&nbsp;pesos&nbsp;00/100MN).</p>\n\n<p>Fechas de pago:</p>\n\n<p>Pago 1: 9 de mayo &ndash; $500 pesos</p>\n\n<p>Pago 2: 30 de mayo &ndash; $1,600 pesos</p>\n\n<p><strong>La fecha l&iacute;mite de pago y registro es el 30 de mayo 2022</strong></p>\n\n<p>&ndash; &ndash; &ndash; &ndash; &ndash;</p>\n\n<p>Ponemos a tu disposici&oacute;n 2 formas de pago:</p>\n\n<p><strong>*Dep&oacute;sito o transferencia a la cuenta:</strong></p>\n\n<p>BBVA BANCOMER<br />\n&Aacute;NGELA PATRICIA &Aacute;VILA ROJAS<br />\nCta 0199909435 &nbsp;Clabe 012180001999094351</p>\n\n<p><strong>*Con tarjeta de cr&eacute;dito v&iacute;a PAYPAL en nuestro sistema de inscripci&oacute;n (Ojo, en pago con tarjeta aplica 5% de comisi&oacute;n).</strong></p>\n\n<p><strong>IMPORTANTE:</strong></p>\n\n<p>**Mandar el comprobante de pago a pagos@kincamp.com indicando: nombre completo del participante, escuela y grado.</p>\n\n<p>**En caso de requerir factura se agregar&aacute; el IVA correspondiente y te pedimos nos contactes para indicarte la forma de realizar el pago**</p>|2022-05-04|2022-10-03|t|150000|el colegio|aguilahezi22|||t|2100|f|f|15|15|2022-05-30 17:08:00-05|2022-05-04 17:08:00-05||f||1|0|f
20879|Juvenal Rendón Junio 2022|2022-06-13 07:00:00-05|2022-06-17 18:00:00-05|48|131|68|https://kincamp.com/cjr|<p>El pago se realiza directamente en el colegio.</p>|2022-05-12|2022-10-03|t|150000|por definir|aguilacjr22|||t|7500|f|f|15|15|2022-06-01 18:00:00-05|2022-05-12 10:44:00-05||f||1|0|f
20875|Merici 6to. Junio 2022|2022-06-07 07:00:00-05|2022-06-09 18:00:00-05|48|27|68|https://kincamp.com/merici|<p>El costo del campamento es de $5,200&nbsp;pesos (Cinco mil doscientos&nbsp;00/100MN).</p>\n\n<p>La fecha l&iacute;mite de pago y registro es el 24 de mayo 2022</p>\n\n<p>&ndash; &ndash; &ndash; &ndash; &ndash;</p>\n\n<p>*Dep&oacute;sito o transferencia a la cuenta:</p>\n\n<p>BBVA BANCOMER<br />\n&Aacute;NGELA PATRICIA &Aacute;VILA ROJAS<br />\nCta 0199909435 &nbsp;Clabe 012180001999094351</p>\n\n<p>*Con tarjeta de cr&eacute;dito v&iacute;a PAYPAL en nuestro sistema de inscripci&oacute;n (Ojo, en pago con tarjeta aplica 5% de comisi&oacute;n).</p>\n\n<p>IMPORTANTE:</p>\n\n<p>**Mandar el comprobante de pago a pagos@kincamp.com indicando: nombre completo del participante, escuela y grado.</p>\n\n<p>**En caso de requerir factura se agregar&aacute; el IVA correspondiente y te pedimos nos contactes para indicarte la forma de realizar el pago.</p>|2022-04-22|2022-10-03|t|150000|el colegio|aguilamerici622|||t|5200|f|f|15|15|2022-05-24 18:00:00-05|2022-04-22 11:17:00-05||f||1|0|f
20775|Daycamp de Graduación CEM Julio 2021|2021-07-03 08:00:00-05|2021-07-03 16:00:00-05||57|66|https://kincamp.com/cem|<p>El costo del daycamp es de $650 pesos.</p>\n\n<p>Ponemos a tu disposici&oacute;n las siguientes formas de pago:</p>\n\n<p>*Dep&oacute;sito o transferencia a la cuenta:</p>\n\n<p>BBVA BANCOMER<br />\n&Aacute;NGELA PATRICIA &Aacute;VILA ROJAS<br />\nCta 0199909435&nbsp; Clabe 012180001999094351</p>\n\n<p>Usa la referencia: {{referencia}}</p>\n\n<p>*Con tarjeta de cr&eacute;dito v&iacute;a PAYPAL en nuestro sistema de inscripci&oacute;n (Ojo, en pago con tarjeta aplica 5% de comisi&oacute;n).</p>\n\n<p>IMPORTANTE:</p>\n\n<p>**Mandar el comprobante de pago a pagos@kincamp.com indicando: nombre completo del participante.</p>\n\n<p>**En caso de requerir factura se agregar&aacute; el IVA correspondiente y te pedimos nos contactes para indicarte la forma de realizar el pago**</p>|2021-06-01|2022-10-03|t|150000|el colegio|jaguarcem21|||t|650|f|f|15|15|2021-06-15 18:00:00-05|2021-06-01 12:49:00-05||t||1|0|f
20794|MDLC 6to. Mayo 2022|2022-05-23 07:30:00-05|2022-05-27 15:30:00-05|64|75|69|https://kincamp.com/mdlc|<p>El costo del campamento es de $9,850 pesos (Nueve mil ochocientos cincuenta pesos 00/100MN).</p>\n\n<p><strong>Fecha l&iacute;mite de pago y registro: 29 de abril 2022</strong></p>\n\n<p>Las fechas de pago son las siguientes:</p>\n\n<p>Pago 1 &ndash; 1ro. de diciembre&nbsp;2021: $1,650 pesos</p>\n\n<p>Pago 2 &ndash; 15 de diciembre 2021: $1,640 pesos</p>\n\n<p>Pago 3 &ndash; 14 de enero 2022: $1,640 pesos</p>\n\n<p>Pago 4 &ndash; 15 de febrero 2022: $1,640 pesos</p>\n\n<p>Pago 5 &ndash; 15 de marzo 2022: $1,640 pesos</p>\n\n<p>Pago 6 &ndash; 29 de abril 2022: $1,640 pesos</p>\n\n<p><strong>Ponemos a tu disposici&oacute;n las siguientes formas de pago:</strong></p>\n\n<p>*Dep&oacute;sito o transferencia a la cuenta:</p>\n\n<p>BBVA BANCOMER<br />\n&Aacute;NGELA PATRICIA &Aacute;VILA ROJAS<br />\nCta 0199909435 &nbsp;Clabe 012180001999094351</p>\n\n<p>*Con tarjeta de cr&eacute;dito v&iacute;a PAYPAL en nuestro sistema de inscripci&oacute;n (Ojo, en pago con tarjeta aplica 5% de comisi&oacute;n).</p>\n\n<p>IMPORTANTE:</p>\n\n<p>**Mandar el comprobante de pago a info@hikin.mx indicando: nombre completo del participante, escuela y grado.</p>\n\n<p>**En caso de requerir factura se agregar&aacute; el IVA correspondiente y te pedimos nos contactes para indicarte la forma de realizar el pago.</p>|2021-11-01|2022-10-03|t|150000|el colegio|aguilamdlc22|||t|9850|f|f|15|15|2022-04-29 18:00:00-05|2021-11-01 22:39:00-06||f||1|0|f
20869|El Roble Mayo 2022|2022-05-13 06:30:00-05|2022-05-15 18:00:00-05|45|147|69|https://kincamp.com/elroble|<p>El costo del campamento es de $5,200 (Cinco mil doscientos pesos 00/100 M.N.)</p>\n\n<p><strong>La fecha l&iacute;mite de pago y registro es el 2 de mayo 2022</strong></p>\n\n<p>&ndash; &ndash; &ndash; &ndash; &ndash;</p>\n\n<p>Fechas de pago:</p>\n\n<p>Pago 1: 18 de abril &ndash; $2,600 pesos</p>\n\n<p>Pago 2: 2 de mayo &ndash; $2,600 pesos</p>\n\n<p>Ponemos a tu disposici&oacute;n 2 formas de pago:</p>\n\n<p><strong>*Dep&oacute;sito o transferencia a la cuenta:</strong></p>\n\n<p>BBVA BANCOMER<br />\n&Aacute;NGELA PATRICIA &Aacute;VILA ROJAS<br />\nCta 0199909435 &nbsp;Clabe 012180001999094351</p>\n\n<p><strong>*Con tarjeta de cr&eacute;dito v&iacute;a PAYPAL en nuestro sistema de inscripci&oacute;n (Ojo, en pago con tarjeta aplica 5% de comisi&oacute;n).</strong></p>\n\n<p><strong>IMPORTANTE:</strong></p>\n\n<p>**Mandar el comprobante de pago a pagos@kincamp.com indicando: nombre completo del participante, escuela y grado.</p>\n\n<p>**En caso de requerir factura se agregar&aacute; el IVA correspondiente y te pedimos nos contactes para indicarte la forma de realizar el pago**</p>|2022-04-03|2022-10-03|t|150000|el colegio|aguilaelroble22|||t|5200|f|f|15|15|2022-05-02 18:00:00-05|2022-04-03 22:49:00-05||f||1|0|f
20874|Capacitación de Aventura Abril 2022|2022-04-30 10:00:00-05|2022-04-30 14:30:00-05|54|119|69|||2022-04-13|2022-10-03|t|150000|Barranca Tarahumara|-|||t|0|f|f|15|15|2022-04-29 18:00:00-05|2022-04-13 12:54:00-05||t||1|0|f
20898|Bolerama Kincampero Noviembre 2022|2022-11-26 11:00:00-06|2022-11-26 18:00:00-06|4|119|70|||2022-08-24|2022-11-23|t|0|-|-|||t|0|f|f|15|15|2022-11-25 11:12:00-06|2022-08-24 11:12:00-05||t||1|0|f
20891|Capacitación Nuevos Kines Agosto 2022|2022-08-27 07:00:00-05|2022-08-28 18:00:00-05|25|119|70|||2022-08-23|2022-10-03|t|150000|Parque México|-|||t|0|f|f|15|15|2022-08-26 17:06:00-05|2022-08-23 17:06:00-05||t||1|0|f
20873|TCS 5to. Junio 2022|2022-06-20 06:30:00-05|2022-06-22 18:00:00-05|44|48|68|https://kincamp.com/tcs|<p>El costo del campamento es de $7,076* pesos (Siete mil setenta y seis pesos 00/100MN)&nbsp;<strong>*Incluye IVA*</strong></p>\n\n<p>Costo de la prueba PCR: $750 (Setecientos cincuenta pesos 00/100 M.N.) *Pago no reembolsable*</p>\n\n<p><strong>Costo total del campamento: $7,826 pesos (Siete mil ochocientos veintis&eacute;is pesos 00/100 M.N.)</strong></p>\n\n<p>Si vendr&aacute;n hermanos al campamento, Kin Camp ofrece un 10% de descuento a cada uno sobre el costo del camp.</p>\n\n<p>Fechas de pago:</p>\n\n<p>Pago 1: 2 de mayo &ndash; $4,300 pesos</p>\n\n<p>Pago 2: 6 de junio &ndash; $3,526 pesos</p>\n\n<p><strong>La fecha l&iacute;mite de pago y registro es el 6 de junio 2022</strong></p>\n\n<p>&ndash; Dep&oacute;sito o transferencia a cuenta:</p>\n\n<p>BBVA<br />\nKin Camp SA de CV<br />\nCta: 0146450970<br />\nClabe: 012180001464509708</p>\n\n<p>&ndash; Si quieres pagar con tarjeta de cr&eacute;dito m&aacute;ndanos un mail a info@kincamp.com y te enviaremos un bot&oacute;n de paypal. El pago con tarjeta de cr&eacute;dito tiene un 5% de comisi&oacute;n.</p>\n\n<p><strong>IMPORTANTE:&nbsp;</strong><strong>*Debes enviar el comprobante con nombre del participante, grado, colegio y datos fiscales al correo pagos@kincamp.com*</strong></p>|2022-04-08|2022-10-03|t|150000|el colegio|aguilatcs522|||t|7826|f|f|15|15|2022-06-06 18:00:00-05|2022-04-08 00:17:00-05||f||1|0|f
20878|Comunidad HEZI 3ro. primaria a Middle, Junio 2022|2022-06-13 07:00:00-05|2022-06-14 18:00:00-05|51|170|68|https://kincamp.com/hezi|<p>El costo del campamento es de $3,600 pesos (Tres mil seiscientos&nbsp;pesos&nbsp;00/100MN).</p>\n\n<p><strong>Fechas de pago:</strong></p>\n\n<p>Pago 1: 9 de mayo &ndash; $500 pesos</p>\n\n<p>Pago 2: 30 de mayo &ndash; $3,100 pesos</p>\n\n<p><strong>La fecha l&iacute;mite de pago y registro es el 30 de mayo 2022</strong></p>\n\n<p>&ndash; &ndash; &ndash; &ndash; &ndash;</p>\n\n<p>Ponemos a tu disposici&oacute;n 2 formas de pago:</p>\n\n<p><strong>*Dep&oacute;sito o transferencia a la cuenta:</strong></p>\n\n<p>BBVA BANCOMER<br />\n&Aacute;NGELA PATRICIA &Aacute;VILA ROJAS<br />\nCta 0199909435 &nbsp;Clabe 012180001999094351</p>\n\n<p><strong>*Con tarjeta de cr&eacute;dito v&iacute;a PAYPAL en nuestro sistema de inscripci&oacute;n (Ojo, en pago con tarjeta aplica 5% de comisi&oacute;n).</strong></p>\n\n<p><strong>IMPORTANTE:</strong></p>\n\n<p>**Mandar el comprobante de pago a pagos@kincamp.com indicando: nombre completo del participante, escuela y grado.</p>\n\n<p>**En caso de requerir factura se agregar&aacute; el IVA correspondiente y te pedimos nos contactes para indicarte la forma de realizar el pago**</p>|2022-05-04|2022-10-03|t|150000|por definir|aguilahezi22|||t|3600|f|f|15|15|2022-05-30 17:10:00-05|2022-05-04 17:10:00-05||f||1|0|f
20863|TML 6to. Junio 2022|2022-06-10 06:00:00-05|2022-06-12 18:00:00-05|25|128|68|https://kincamp.com/tml|<p>El costo del campamento es de $5,600 pesos (Cinco mil seiscientos pesos 00/100MN).</p>\n\n<p><strong>La fecha l&iacute;mite de pago y registro es el 27 de mayo 2022.</strong></p>\n\n<p>Las fechas de pago son:</p>\n\n<p>Pago 1: 31 de marzo &ndash; $1,800 pesos</p>\n\n<p>Pago 2: 29 de abril &ndash; $1,900 pesos</p>\n\n<p>Pago 3: 27 de mayo &ndash; $1,900 pesos</p>\n\n<p>&ndash; &ndash; &ndash; &ndash; &ndash;</p>\n\n<p>Ponemos a tu disposici&oacute;n 2 formas de pago:</p>\n\n<p><strong>*Dep&oacute;sito o transferencia a la cuenta:</strong></p>\n\n<p>BBVA BANCOMER<br />\n&Aacute;NGELA PATRICIA &Aacute;VILA ROJAS<br />\nCta 0199909435 &nbsp;Clabe 012180001999094351</p>\n\n<p><strong>*Con tarjeta de cr&eacute;dito v&iacute;a PAYPAL en nuestro sistema de inscripci&oacute;n (Ojo, en pago con tarjeta aplica 5% de comisi&oacute;n).</strong></p>\n\n<p><strong>IMPORTANTE:</strong></p>\n\n<p>**Mandar el comprobante de pago a pagos@kincamp.com indicando: nombre completo del participante, escuela y grado.</p>\n\n<p>**En caso de requerir factura se agregar&aacute; el IVA correspondiente y te pedimos nos contactes para indicarte la forma de realizar el pago**</p>|2022-03-16|2022-10-03|t|150000|el colegio|aguilatml622|||t|5600|f|f|15|15|2022-05-27 18:00:00-05|2022-03-16 16:32:00-06||f||1|0|f
20880|MATI Goes Live Junio 2022|2022-06-04 11:00:00-05|2022-06-04 17:00:00-05||119|68|||2022-05-27|2022-10-03|t|150000|Four Seasons CDMX|-|||t|0|f|f|15|15|2022-06-04 17:00:00-05|2022-06-04 11:00:00-05||t||1|0|f
20947|Campamento Prueba 7|2022-10-02 06:06:00-05|2022-10-13 06:06:00-05|58|172|69|https://www.google.com||2022-10-06|2022-10-10|t|0|.|.||https://www.google.com|t|15000|t|f|15|15|2022-10-07 06:06:00-05|2022-10-02 06:06:00-05||t||1|0|t
20876|Regina 6to. primaria Yumal 2022|2022-06-03 16:00:00-05|2022-06-05 12:00:00-05|32|15|68|https://kincamp.com/regina|<p>El costo del campamento es de $3,800* pesos para alumnas y $4,000* para pap&aacute;s.</p>\n\n<p>*Precio sin transporte. El transporte tiene un costo de $500 por persona y es necesario que lo soliciten un m&iacute;nimo de 30 participantes para poder proporcionarlo.*</p>\n\n<p><strong>La fecha l&iacute;mite de pago y registro es el 16 de mayo 2022</strong></p>\n\n<p>&ndash; &ndash; &ndash; &ndash; &ndash;</p>\n\n<p>Ponemos a tu disposici&oacute;n 2 formas de pago:</p>\n\n<p><strong>*Dep&oacute;sito o transferencia a la cuenta:</strong></p>\n\n<p>BBVA BANCOMER<br />\n&Aacute;NGELA PATRICIA &Aacute;VILA ROJAS<br />\nCta 0199909435 &nbsp;Clabe 012180001999094351</p>\n\n<p><strong>*Con tarjeta de cr&eacute;dito v&iacute;a PAYPAL en nuestro sistema de inscripci&oacute;n (Ojo, en pago con tarjeta aplica 5% de comisi&oacute;n).</strong></p>\n\n<p><strong>IMPORTANTE:</strong></p>\n\n<p>**Mandar el comprobante de pago a pagos@kincamp.com indicando: nombre completo del participante, escuela y grado.</p>\n\n<p>**En caso de requerir factura se agregar&aacute; el IVA correspondiente y te pedimos nos contactes para indicarte la forma de realizar el pago**</p>|2022-04-26|2022-10-03|t|150000|por definir|aguilaregina22|||t|7800|f|f|15|15|2022-05-16 18:36:00-05|2022-04-26 18:36:00-05||f||1|0|f
20890|ASF 8th Grade Sept. 2022|2022-09-05 08:30:00-05|2022-09-08 18:30:00-05|49|7|70|https://kincamp.com/asf||2022-08-11|2022-10-03|t|150000|ASF|aguilaasf822|||t|0|f|f|15|15|2022-09-05 18:00:00-05|2022-08-11 01:44:00-05||t||1|0|f
20889|ASF 7th Grade Sept. 2022|2022-09-05 06:30:00-05|2022-09-08 17:30:00-05|19|7|70|https://kincamp.com/asf||2022-08-11|2022-10-03|t|150000|ASF|aguilaasf722|||t|0|f|f|15|15|2022-09-01 18:00:00-05|2022-08-11 01:42:00-05||t||1|0|f
20885|Team Building Liverpool|2022-08-25 08:00:00-05|2022-08-25 14:00:00-05||119|70|||2022-07-26|2022-10-03|t|0|-|-|||t|0|f|f|15|15|2022-08-25 14:00:00-05|2022-08-25 08:00:00-05||t||1|0|f
20884|Team Building Tekserve Agosto 2020|2022-08-12 09:00:00-05|2022-08-12 14:00:00-05||119|70|||2022-07-26|2022-10-03|t|0|-|-|||t|0|f|f|15|15|2022-08-12 15:32:00-05|2022-07-26 15:32:00-05||t||1|0|f
20883|Daycamp Virtual Cargill Agosto 2020|2022-08-11 12:00:00-05|2022-08-11 14:00:00-05||119|70|||2022-07-26|2022-10-03|t|0|-|-|||t|0|f|f|15|15|2022-08-10 15:30:00-05|2022-07-26 15:30:00-05||f||1|0|f
20882|Daycamp Graduación CEM Julio 2022|2022-07-27 09:00:00-05|2022-07-27 14:00:00-05|65|119|68|https://kincamp.com||2022-06-08|2022-10-03|t|150000|el colegio|-|||t|0|f|f|15|15|2022-07-26 15:05:00-05|2022-06-08 15:05:00-05||t||1|0|f
20881|Daycamp Centro Educativo Jean Piaget Julio 2022|2022-07-09 10:00:00-05|2022-07-09 22:00:00-05|9|119|68|https://kincamp.com||2022-06-02|2022-10-03|t|0|-|aguilajeanpiaget22|||t|0|f|f|15|15|2022-06-02 13:03:00-05|2022-07-08 18:00:00-05||t||1|0|f
20865|Moliere sixième-CM1 Primaria Junio 2022|2022-06-01 06:30:00-05|2022-06-03 19:00:00-05|48|129|68|https://kincamp.com/moliere|<p>El costo del campamento es de $5,200 pesos (Cinco mil doscientos&nbsp;pesos&nbsp;00/100MN).</p>\n\n<p><strong>La fecha l&iacute;mite de pago y registro es el 16 de mayo 2022</strong></p>\n\n<p>&ndash; &ndash; &ndash; &ndash; &ndash;</p>\n\n<p><strong>Fechas de pago:</strong></p>\n\n<p>Pago 1: 5 de abril &ndash; $1,700 pesos</p>\n\n<p>Pago 2: 18 de abril &ndash; $1,700 pesos</p>\n\n<p>Pago 3: 16 de mayo &ndash; $1,800 pesos</p>\n\n<p>Ponemos a tu disposici&oacute;n 2 formas de pago:</p>\n\n<p><strong>*Dep&oacute;sito o transferencia a la cuenta:</strong></p>\n\n<p>BBVA BANCOMER<br />\n&Aacute;NGELA PATRICIA &Aacute;VILA ROJAS<br />\nCta 0199909435 &nbsp;Clabe 012180001999094351</p>\n\n<p><strong>*Con tarjeta de cr&eacute;dito v&iacute;a PAYPAL en nuestro sistema de inscripci&oacute;n (Ojo, en pago con tarjeta aplica 5% de comisi&oacute;n).</strong></p>\n\n<p><strong>IMPORTANTE:</strong></p>\n\n<p>**Mandar el comprobante de pago a pagos@kincamp.com indicando: nombre completo del participante, escuela y grado.</p>\n\n<p>**En caso de requerir factura se agregar&aacute; el IVA correspondiente y te pedimos nos contactes para indicarte la forma de realizar el pago**</p>|2022-03-28|2022-10-03|t|150000|City Market Río Mayo|aguilamoliere4622|||t|5200|f|f|15|15|2022-05-16 18:00:00-05|2022-03-28 22:46:00-06||f||1|0|f
20886|Kobal Junior I 2023|2023-07-16 06:00:00-06|2023-07-29 10:00:00-06|25|103|72|https://kobal.camp/jr|<p>Ponemos a tu disposici&oacute;n las siguientes formas de pago:</p>\n\n<p>*Dep&oacute;sito o transferencia a la cuenta:</p>\n\n<p>BBVA BANCOMER<br />\n&Aacute;NGELA PATRICIA &Aacute;VILA ROJAS<br />\nCta 0199909435 &nbsp;Clabe 012180001999094351</p>\n\n<p>Usa la referencia: {{referencia}}</p>\n\n<p>*Con tarjeta de cr&eacute;dito v&iacute;a PAYPAL en nuestro sistema de inscripci&oacute;n (Ojo, en pago con tarjeta aplica 5% de comisi&oacute;n).</p>\n\n<p>IMPORTANTE:</p>\n\n<p>**Mandar el comprobante de pago a pagos@kincamp.com indicando: nombre completo del participante.</p>\n\n<p>**En caso de requerir factura se agregar&aacute; el IVA correspondiente y te pedimos nos contactes para indicarte la forma de realizar el pago**</p>|2022-08-04|2023-07-13|t|300000|Parque México|quetzalkobaljr23|||t|39750|t|f|15|15|2023-07-15 17:00:00-06|2022-08-04 12:16:00-05||t||1|0|t
20895|Capacitación Inclusión Octubre 2022|2022-10-24 10:00:00-05|2022-10-24 18:00:00-05|4|119|70|||2022-08-24|2022-10-24|t|0|-|-|||t|0|f|f|15|15|2022-10-21 11:10:00-05|2022-08-24 11:10:00-05||t||1|0|f
20905|MDLC Taller 2, Noviembre 2022|2022-11-14 07:00:00-06|2022-11-18 17:00:00-06|25|75|70|https://kincamp.com/mdlc|<p>El costo del campamento es de $9,860 pesos con IVA incluido pagando con transferencia o dep&oacute;sito a Kin Camp y $8,500 pesos sin IVA pagando en efectivo en el colegio o en las oficinas de Kin Camp.</p>\n\n<p>La fecha l&iacute;mite de registro es el 26 de septiembre 2022</p>\n\n<p>La fecha l&iacute;mite de pago es el 3 de noviembre 2022</p>\n\n<p>&ndash; &ndash; &ndash; &ndash; &ndash;</p>\n\n<p>Ponemos a tu disposici&oacute;n 2 formas de pago:</p>\n\n<p>*En efectivo directamente en el colegio u oficina de Kin Camp (sin IVA)</p>\n\n<p>*Dep&oacute;sito/transferencia a la cuenta (con IVA)</p>\n\n<p>BBVA<br />\nKin Camp SA de CV<br />\nCta: 0146450970<br />\nClabe: 012180001464509708</p>\n\n<p>IMPORTANTE:&nbsp;*Debes enviar el comprobante con nombre del participante, grado, colegio y datos fiscales al correo pagos@kincamp.com*</p>|2022-09-08|2022-12-20|t|150000|el colegio|quetzalmdlc222|||t|9860|f|f|15|15|2022-09-26 00:02:00-05|2022-09-08 00:02:00-05||f||1|0|f
20893|Capacitación Protección Civil Septiembre 2022|2022-09-24 09:00:00-05|2022-09-24 13:00:00-05|4|119|70|||2022-08-23|2022-10-03|t|0|Oficina|-|||t|0|f|f|15|15|2022-09-23 17:08:00-05|2022-08-23 17:08:00-05||t||1|0|f
20857|Colegio Cuernavaca 6to. primaria Junio 2022|2022-06-06 07:00:00-05|2022-06-09 21:27:00-05|25|137|68|https://kincamp.com/ccuernavaca|<p>El costo del campamento es de $6,400 pesos (Seis mil cuatrocientos pesos 00/100MN).</p>\n\n<p><strong>La fecha l&iacute;mite de pago y registro es el 16 de mayo 2022</strong></p>\n\n<p>&ndash; &ndash; &ndash; &ndash; &ndash;</p>\n\n<p><strong>Fechas de pago:</strong></p>\n\n<p>Pago 1: 31 de marzo &ndash; $2,100 pesos</p>\n\n<p>Pago 2: 29 de abril &ndash; $2,100 pesos</p>\n\n<p>Pago 3: 16 de mayo &ndash; $2,200 pesos</p>\n\n<p>Ponemos a tu disposici&oacute;n 2 formas de pago:</p>\n\n<p><strong>*Dep&oacute;sito o transferencia a la cuenta:</strong></p>\n\n<p>BBVA BANCOMER<br />\n&Aacute;NGELA PATRICIA &Aacute;VILA ROJAS<br />\nCta 0199909435 &nbsp;Clabe 012180001999094351</p>\n\n<p><strong>*Con tarjeta de cr&eacute;dito v&iacute;a PAYPAL en nuestro sistema de inscripci&oacute;n (Ojo, en pago con tarjeta aplica 5% de comisi&oacute;n).</strong></p>\n\n<p><strong>IMPORTANTE:</strong></p>\n\n<p>**Mandar el comprobante de pago a pagos@kincamp.com indicando: nombre completo del participante, escuela y grado.</p>\n\n<p>**En caso de requerir factura se agregar&aacute; el IVA correspondiente y te pedimos nos contactes para indicarte la forma de realizar el pago**</p>|2022-03-11|2022-10-03|t|150000|el colegio|aguilaccuernavaca22|||t|6400|f|f|15|15|2022-05-16 18:00:00-05|2022-03-11 21:27:00-06||f||1|0|f
20862|Moliere troisième Secundaria Junio 2022|2022-06-01 07:00:00-05|2022-06-03 18:30:00-05|32|129|68|https://kincamp.com/moliere|<p>El costo del campamento es de $5,700 pesos (Cinco mil setecientos pesos 00/100MN).</p>\n\n<p><strong>La fecha l&iacute;mite de pago y registro es el 16 de mayo 2022</strong></p>\n\n<p>Las fechas de pago son:</p>\n\n<p>Pago 1: 31 de marzo &ndash; $1,900 pesos</p>\n\n<p>Pago 2: 18 de abril &ndash; $1,900 pesos</p>\n\n<p>Pago 3: 16 de mayo &ndash; $1,900 pesos</p>\n\n<p>&ndash; &ndash; &ndash; &ndash; &ndash;</p>\n\n<p>Ponemos a tu disposici&oacute;n 2 formas de pago:</p>\n\n<p><strong>*Dep&oacute;sito o transferencia a la cuenta:</strong></p>\n\n<p>BBVA BANCOMER<br />\n&Aacute;NGELA PATRICIA &Aacute;VILA ROJAS<br />\nCta 0199909435 &nbsp;Clabe 012180001999094351</p>\n\n<p><strong>*Con tarjeta de cr&eacute;dito v&iacute;a PAYPAL en nuestro sistema de inscripci&oacute;n (Ojo, en pago con tarjeta aplica 5% de comisi&oacute;n).</strong></p>\n\n<p><strong>IMPORTANTE:</strong></p>\n\n<p>**Mandar el comprobante de pago a pagos@kincamp.com indicando: nombre completo del participante, escuela y grado.</p>\n\n<p>**En caso de requerir factura se agregar&aacute; el IVA correspondiente y te pedimos nos contactes para indicarte la forma de realizar el pago**</p>|2022-03-14|2022-10-03|t|150000|City Market Río Mayo|aguilamolieresec22|||t|5700|f|f|15|15|2022-05-16 17:10:00-05|2022-03-14 17:10:00-06||f||1|0|f
20894|Retiro de Coordis/Kines Modelo Octubre 2022|2022-10-15 07:00:00-05|2022-10-16 18:00:00-05||119|70|||2022-08-24|2022-10-17|t|150000|-|-|||t|0|f|f|15|15|2022-10-06 11:07:00-05|2022-08-24 11:07:00-05||t||1|0|f
20903|Regina 3ro. sec. Septiembre 2022|2022-09-30 06:15:00-05|2022-10-02 18:00:00-05|25|15|70|https://kincamp.com/regina|<p>El costo del campamento es de $5,400 pesos pagando en efectivo en el colegio y $5,400 pesos + IVA ($6,264 pesos) pagando en Kin Camp.</p>\n\n<p><strong>La fecha l&iacute;mite de registro es el 16 de septiembre 2022</strong></p>\n\n<p><strong>La fecha l&iacute;mite de pago es el 23 de septiembre 2022</strong></p>\n\n<p>&ndash; &ndash; &ndash; &ndash; &ndash;</p>\n\n<p>Ponemos a tu disposici&oacute;n 2 formas de pago:</p>\n\n<p><strong>*En efectivo directamente en el colegio</strong></p>\n\n<p><strong>*Dep&oacute;sito/transferencia a la cuenta:</strong></p>\n\n<p>BBVA<br />\nKin Camp SA de CV<br />\nCta: 0146450970<br />\nClabe: 012180001464509708</p>\n\n<p>Si quieres pagar con tarjeta de cr&eacute;dito m&aacute;ndanos un mail a info@kincamp.com y te enviaremos un bot&oacute;n de paypal. El pago con tarjeta de cr&eacute;dito tiene un 5% de comisi&oacute;n.</p>\n\n<p><strong>IMPORTANTE:&nbsp;</strong><strong>*Debes enviar el comprobante con nombre del participante, grado, colegio y datos fiscales al correo pagos@kincamp.com*</strong></p>|2022-09-01|2022-11-16|t|150000|el colegio|aguilaregina3sec22|||t|6264|f|f|15|15|2022-09-16 13:31:00-05|2022-09-01 13:31:00-05||f||1|0|f
20915|Staff Apoyo Roq Acuaski 3ro. sec. Dic. 2022|2022-12-07 07:00:00-06|2022-12-09 18:00:00-06|67|119|71|||2022-09-13|2022-10-03|t|0|-|-|||t|0|f|f|15|15|2022-12-06 16:40:00-06|2022-09-13 16:40:00-05||t||1|0|f
20914|Staff Apoyo Roq Acuaski 2do. sec. Nov. 2022|2022-11-16 07:00:00-06|2022-11-18 18:00:00-06|67|119|71|||2022-09-13|2022-10-03|t|0|-|-|||t|0|f|f|15|15|2022-11-16 16:39:00-06|2022-09-13 16:39:00-05||t||1|0|f
20909|The Churchill College 1ro. y 2do prepa Noviembre 2022|2022-11-09 06:30:00-06|2022-11-12 18:00:00-06|67|171|71|https://kincamp.com/tcc|<p>El costo del campamento es de $9,860* pesos (Nueve mil ochocientos sesenta pesos 00/100MN) *Incluye IVA*</p>\n\n<p>Si vendr&aacute;n hermanos al campamento, Kin Camp ofrece un 10% de descuento a cada uno sobre el costo del camp.</p>\n\n<p>Fechas de pago:</p>\n\n<p>Pago 1: 26 de septiembre 2022: $4,930 pesos<br />\nPago 2: 26 de octubre 2022: $4,930 pesos</p>\n\n<p>La fecha l&iacute;mite de registro es el 26 de septiembre 2022 y la fecha l&iacute;mite de pago es el 26 de octubre 2022.</p>\n\n<p>&ndash; Dep&oacute;sito o transferencia a cuenta:</p>\n\n<p>BBVA<br />\nKin Camp SA de CV<br />\nCta: <a href="tel:0146450970">0146450970</a><br />\nClabe: 012180001464509708</p>\n\n<p>&ndash; Si quieres pagar con tarjeta de cr&eacute;dito m&aacute;ndanos un mail a info@kincamp.com y te enviaremos un bot&oacute;n de paypal. El pago con tarjeta de cr&eacute;dito tiene un 5% de comisi&oacute;n.</p>\n\n<p>IMPORTANTE: *Debes enviar el comprobante con nombre del participante, grado, colegio y datos fiscales al correo pagos@kincamp.com*</p>|2022-09-13|2022-12-20|t|150000|Museo Anahuacalli|quetzaltcc1222|||f|9860|f|f|15|15|2022-09-26 14:12:00-05|2022-09-13 14:12:00-05||f||1|0|f
20908|Kincorp Team Building PROSA Octubre 2022|2022-10-28 08:00:00-05|2022-10-28 15:00:00-05||119|70|||2022-09-13|2022-10-03|t|0|Por definir|-|||t|0|f|f|15|15|2022-09-28 15:00:00-05|2022-09-28 08:00:00-05||t||1|0|f
20912|Staff Apoyo Roq Acuaski 1ro. sec. Octubre 2022|2022-10-12 07:00:00-05|2022-10-14 18:00:00-05|67|119|70|||2022-09-13|2022-10-03|t|0|-|-|||t|0|f|f|15|15|2022-10-14 18:00:00-05|2022-10-12 07:00:00-05||t||1|0|f
20911|Staff Apoyo Roq Acuaski 6to. primaria Octubre 2022|2022-10-10 07:00:00-05|2022-10-12 18:00:00-05|67|119|70|||2022-09-13|2022-10-03|t|0|-|-|||t|0|f|f|15|15|2022-10-09 16:37:00-05|2022-09-13 16:37:00-05||t||1|0|f
20907|Kincorp Team Building ERM México Sept. 2022|2022-09-30 08:00:00-05|2022-09-30 14:00:00-05||119|70|||2022-09-13|2022-10-03|t|0|Por definir|-|||t|0|f|f|15|15|2022-09-30 14:00:00-05|2022-09-30 08:00:00-05||t||1|0|f
20910|Staff Apoyo Roq Acuaski 4to. primaria Sept. 2022|2022-09-26 07:00:00-05|2022-09-28 18:00:00-05|67|119|70|||2022-09-13|2022-10-03|t|0|-|-|||t|0|f|f|15|15|2022-09-25 16:35:00-05|2022-09-13 16:35:00-05||t||1|0|f
20902|Regina 5to. prepa Septiembre 2022|2022-09-26 06:15:00-05|2022-09-27 18:00:00-05|48|15|70|https://kincamp.com/regina|<p>El costo del campamento es de $3,600 pesos pagando en efectivo en el colegio y $3,600 pesos + IVA ($4,176 pesos) pagando en Kin Camp.</p>\n\n<p><strong>La fecha l&iacute;mite de pago y registro est&aacute; por confirmar.</strong></p>\n\n<p>&ndash; &ndash; &ndash; &ndash; &ndash;</p>\n\n<p>Ponemos a tu disposici&oacute;n 2 formas de pago:</p>\n\n<p><strong>*En efectivo directamente en el colegio</strong></p>\n\n<p><strong>*Dep&oacute;sito/transferencia a la cuenta:</strong></p>\n\n<p>BBVA<br />\nKin Camp SA de CV<br />\nCta: 0146450970<br />\nClabe: 012180001464509708</p>\n\n<p><strong>IMPORTANTE:&nbsp;</strong><strong>*Debes enviar el comprobante con nombre del participante, grado, colegio y datos fiscales al correo pagos@kincamp.com*</strong></p>|2022-09-01|2022-10-03|t|150000|el colegio|aguilaregina5prepa22|||t|4176|f|f|15|15|2022-09-20 13:29:00-05|2022-09-01 13:29:00-05||f||1|0|f
20913|Staff Apoyo Roq Acuaski 5to. primaria Octubre 2022|2022-10-17 07:00:00-05|2022-10-19 16:38:00-05|67|119|70|||2022-09-13|2022-10-17|t|0|-|-|||t|0|f|f|15|15|2022-10-23 16:38:00-05|2022-10-26 18:00:00-05||t||1|0|f
20833|Sierra Nevada San Mateo 2do. primaria Abril 2022|2022-04-06 06:45:00-05|2022-04-07 18:00:00-05|66|102|69|https://kincamp.com/sierranevada|<p>El costo del campamento es de $$3,600 pesos (Tres mil seiscientos&nbsp;pesos&nbsp;00/100MN).</p>\n\n<p><strong>La fecha l&iacute;mite de pago y registro es el 25 de marzo 2022.</strong></p>\n\n<p>&ndash; &ndash; &ndash; &ndash; &ndash;</p>\n\n<p>Ponemos a tu disposici&oacute;n 2 formas de pago:</p>\n\n<p><strong>*Dep&oacute;sito o transferencia a la cuenta:</strong></p>\n\n<p>BBVA BANCOMER<br />\n&Aacute;NGELA PATRICIA &Aacute;VILA ROJAS<br />\nCta 0199909435 &nbsp;Clabe 012180001999094351</p>\n\n<p><strong>*Con tarjeta de cr&eacute;dito v&iacute;a PAYPAL en nuestro sistema de inscripci&oacute;n (Ojo, en pago con tarjeta aplica 5% de comisi&oacute;n).</strong></p>\n\n<p><strong>IMPORTANTE:</strong></p>\n\n<p>**Mandar el comprobante de pago a pagos@kincamp.com indicando: nombre completo del participante, escuela y grado.</p>\n\n<p>**En caso de requerir factura se agregar&aacute; el IVA correspondiente y te pedimos nos contactes para indicarte la forma de realizar el pago**</p>|2022-02-23|2022-10-03|t|150000|el colegio|aguilasanmateo222|||t|3600|t|f|15|15|2022-03-25 18:00:00-06|2022-02-23 13:24:00-06||t||1|0|f
20818|NCM 6to. Junio 2022|2022-06-24 07:00:00-05|2022-06-26 18:00:00-05|25|52|69|https://kincamp.com/ncm|<p>El costo del campamento es de: $5,200 pesos (Cinco mil doscientos pesos 00/100MN).</p>\n\n<p>Las fechas de pago son las siguientes:</p>\n\n<p>1er pago: 15 de febrero &ndash; $1,000 pesos</p>\n\n<p>2do pago: 15 de marzo &ndash; $1,000 pesos</p>\n\n<p>3er pago: 18 de abril &ndash; $1,000 pesos</p>\n\n<p>4to pago: 16 de mayo &ndash; $1,000 pesos</p>\n\n<p>5to pago: 10 de junio &ndash; $1,200 pesos</p>\n\n<p><strong>La fecha l&iacute;mite de pago y registro es el 10 de junio 2022</strong></p>\n\n<p>Ponemos a tu disposici&oacute;n 2 formas de pago:</p>\n\n<p>*Dep&oacute;sito o transferencia a la cuenta:</p>\n\n<p>BBVA BANCOMER<br />\n&Aacute;NGELA PATRICIA &Aacute;VILA ROJAS<br />\nCta 0199909435 &nbsp;Clabe 012180001999094351</p>\n\n<p>*Con tarjeta de cr&eacute;dito v&iacute;a PAYPAL en nuestro sistema de inscripci&oacute;n (Ojo, en pago con tarjeta aplica 5% de comisi&oacute;n).</p>\n\n<p><strong>IMPORTANTE:</strong></p>\n\n<p>**Mandar el comprobante de pago a pagos@kincamp.com indicando: nombre completo del participante, escuela y grado.</p>\n\n<p>**En caso de requerir factura se agregar&aacute; el IVA correspondiente y te pedimos nos contactes para indicarte la forma de realizar el pago**</p>|2021-12-08|2022-10-03|t|150000|el colegio|aguilancm622|||t|5200|f|f|15|15|2022-06-10 18:00:00-05|2021-12-08 22:03:00-06||f||1|0|f
20923|London 1ro, 2do. 3ro. primaria Feb. 2023|2023-02-22 09:00:00-06|2023-02-24 17:00:00-06|34|10|72|https://kincamp.com/london|<p>La fecha l&iacute;mite de pago y registro es el 8 de febrero 2023</p>\n\n<p>El costo del camp es de $5,000 pesos y el pago se realiza directamente en el colegio.</p>|2022-09-20|2023-02-17|t|150000|Rancho Diego|quetzallondon12323|||t|5000|f|f|15|15|2023-02-08 12:34:00-06|2022-09-20 12:34:00-05||f||1|0|f
20919|Sierra Nevada Esmeralda 1ro. y 2do. Mayo 2023|2023-05-22 06:00:00-06|2023-05-24 17:00:00-06|34|163|72|https://kincamp.com/sierranevada|<p>El costo del campamento es de $5,500 pesos (Cinco mil quinientos pesos 00/100MN).</p>\n\n<p>Fechas de pago:</p>\n\n<p>1er pago: 24 de abril &ndash; $2,750 pesos</p>\n\n<p>2do pago: 8 de mayo &ndash; $2,750 pesos</p>\n\n<p><strong>La fecha l&iacute;mite de registro es el 24 de abril y la fecha l&iacute;mite de pago es el 8 de mayo 2023</strong></p>\n\n<p>&ndash; &ndash; &ndash; &ndash; &ndash;</p>\n\n<p>Ponemos a tu disposici&oacute;n 2 formas de pago:</p>\n\n<p><strong>*Dep&oacute;sito o transferencia</strong></p>\n\n<p><strong>*Con tarjeta de cr&eacute;dito v&iacute;a PAYPAL en nuestro sistema de inscripci&oacute;n (Ojo, en pago con tarjeta aplica 5% de comisi&oacute;n).</strong></p>\n\n<p><strong>IMPORTANTE:</strong></p>\n\n<p>**Mandar el comprobante de pago a pagos@kincamp.com indicando: nombre completo del participante, escuela y grado.</p>\n\n<p>**En caso de requerir factura se agregar&aacute; el IVA correspondiente y te pedimos nos contactes para indicarte la forma de realizar el pago**</p>|2022-09-19|2023-05-03|t|300000|el colegio|quetzalesmeralda1223|||t|5500|t|t|15|15|2023-04-28 17:20:00-06|2022-09-19 18:20:00-05||t||1|0|t
20918|Sierra Nevada Esmeralda 5to. y 6to. primaria Marzo 2023|2023-03-01 07:00:00-06|2023-03-03 18:00:00-06|48|163|72|https://kincamp.com/sierranevada|<p>El costo del campamento es de $5,500 pesos (Cinco mil quinientos pesos 00/100MN).</p>\n\n<p><strong>La fecha l&iacute;mite de registro es el 27 de enero 2023 y la fecha l&iacute;mite de pago es el 15 de febrero 2023</strong></p>\n\n<p>&ndash; &ndash; &ndash; &ndash; &ndash;</p>\n\n<p>Ponemos a tu disposici&oacute;n 2 formas de pago:</p>\n\n<p><strong>*Dep&oacute;sito o transferencia a la cuenta:</strong></p>\n\n<p>BBVA BANCOMER<br />\n&Aacute;NGELA PATRICIA &Aacute;VILA ROJAS<br />\nCta 0199909435 &nbsp;Clabe 012180001999094351</p>\n\n<p><strong>*Con tarjeta de cr&eacute;dito v&iacute;a PAYPAL en nuestro sistema de inscripci&oacute;n (Ojo, en pago con tarjeta aplica 5% de comisi&oacute;n).</strong></p>\n\n<p><strong>IMPORTANTE:</strong></p>\n\n<p>**Mandar el comprobante de pago a pagos@kincamp.com indicando: nombre completo del participante, escuela y grado.</p>\n\n<p>**En caso de requerir factura se agregar&aacute; el IVA correspondiente y te pedimos nos contactes para indicarte la forma de realizar el pago**</p>|2022-09-19|2023-04-26|t|150000|el colegio|quetzalesmeralda5623|||t|5500|f|f|15|15|2023-01-27 18:15:00-06|2022-09-19 18:15:00-05||f||1|0|f
20922|London 4to. y 5to. primaria Nov. 2022|2022-11-23 09:00:00-06|2022-11-25 17:00:00-06|34|10|71|https://kincamp.com/london|<p><strong>La fecha l&iacute;mite de registro es el 30 de septiembre y la fecha l&iacute;mite de pago es el 8 de noviembre 2022.</strong></p>\n\n<p>El costo del camp es de $5,000 pesos y el pago se realiza directamente en el colegio.</p>|2022-09-20|2022-11-20|t|150000|el colegio|quetzallondon4522|||t|5000|f|f|15|15|2022-11-24 12:19:00-06|2022-11-22 12:19:00-06||f||1|0|f
20925|Luis Vives Sec. Febrero 2023|2023-02-10 07:00:00-06|2023-02-12 18:00:00-06|67|28|72|https://kincamp.com/luisvives|<p>La fecha l&iacute;mite de registro es el 16 de enero 2023</p>\n\n<p>El precio es de $6,000 pesos y el pago se realiza directamente en el colegio.</p>|2022-09-22|2023-02-01|t|150000|el colegio|quetzalluisvivessec23|||t|6000|f|f|15|15|2023-01-16 12:17:00-06|2022-09-22 12:17:00-05||f||1|0|f
20748|Grupo Estudio - PS - Justine 2021|2021-01-11 08:30:00-06|2021-07-02 13:30:00-05|24|43|62|http://www.kincamp.com||2021-01-01|2022-10-03|t|0|Por definir|.||http://www.noaplica.com|t|6000|f|f|15|15|2021-01-01 21:25:00-06|2021-01-01 21:25:00-06||f||1|0|f
20924|London 6to. primaria Abril 2023|2023-04-17 06:00:00-06|2023-04-21 17:00:00-06|48|10|72|https://kincamp.com/london|<p><strong>La fecha l&iacute;mite de pago y registro es el 28 de marzo 2023</strong></p>\n\n<p>El costo del camp es de $9,200 pesos y el pago se realiza directamente en el colegio.</p>|2022-09-20|2023-03-29|t|150000|el colegio|quetzallondon623|||t|9200|f|f|15|15|2023-04-02 11:36:00-06|2022-09-20 12:36:00-05|<p>Este campamento no lleva transporte. London se hace cargo.</p>|f||1|0|f
20930|CCM 2do. sec. Noviembre 2022|2022-11-16 06:30:00-06|2022-11-18 18:00:00-06|48|50|71|https://kincamp.com/ccm|<p>El costo del campamento es de $5,750 pesos (Cinco mil setecientos cincuenta pesos 00/100 M.N.)</p>\n\n<p><strong>Fechas de pago:&nbsp;</strong></p>\n\n<p>Fecha l&iacute;mite de registro, 1er pago: 14 de octubre &ndash; $2,875 pesos</p>\n\n<p>Fecha l&iacute;mite de pago: 3 de noviembre &ndash; $2,875 pesos</p>\n\n<p>Ponemos a tu disposici&oacute;n 2 formas de pago:</p>\n\n<p>*Dep&oacute;sito o transferencia a la cuenta:</p>\n\n<p>BBVA BANCOMER<br />\n&Aacute;NGELA PATRICIA &Aacute;VILA ROJAS<br />\nCta 0199909435 &nbsp;Clabe 012180001999094351</p>\n\n<p>*Con tarjeta de cr&eacute;dito v&iacute;a PAYPAL en nuestro sistema de inscripci&oacute;n (Ojo, en pago con tarjeta aplica 5% de comisi&oacute;n).</p>\n\n<p><strong>IMPORTANTE:</strong></p>\n\n<p>**Mandar el comprobante de pago a pagos@kincamp.com indicando: nombre completo del participante, escuela y grado.</p>\n\n<p>**En caso de requerir factura se agregar&aacute; el IVA correspondiente y te pedimos nos contactes para indicarte la forma de realizar el pago**</p>|2022-09-22|2022-12-21|t|150000|el colegio|quetzalccm2sec22|||t|5750|f|f|15|15|2022-10-14 13:10:00-05|2022-09-22 13:10:00-05||f||1|0|f
20931|RKG CCM Prefirst Octubre 2022|2022-10-28 07:00:00-05|2022-10-28 18:00:00-05||119|71|||2022-09-29|2022-10-03|t|0|-|-|||t|0|f|f|15|15|2022-10-29 18:00:00-05|2022-10-29 07:00:00-05||t||1|0|f
20926|ATS 6th grade Marzo 2023|2023-03-13 06:45:00-06|2023-03-17 15:25:00-06|48|118|72|https://kincamp.com/ats-sexto/|<p>La fecha l&iacute;mite de registro es el 27 de febrero 2023.</p>\n\n<p>El pago se realiza directamente en el colegio.&nbsp;</p>|2022-09-22|2023-03-08|t|150000|Por definir|quetzalats623|||t|15450|f|f|15|15|2023-10-03 11:39:00-06|2022-09-22 12:39:00-05||f||1|0|f
20942|Campamento Prueba 2|2022-09-30 06:06:00-05|2022-10-03 06:06:00-05|58|172|69|https://www.google.com||2022-10-06|2022-10-06|t|0|.|.||https://www.google.com|t|15000|f|f|15|15|2022-10-03 06:06:00-05|2022-09-30 06:06:00-05||t||1|0|t
20932|Sierra Nevada San Mateo 5to. y 6to. primaria Nov. 2022|2022-11-30 07:00:00-06|2022-12-02 18:00:00-06|58|102|71|https://kincamp.com/sierranevada|<p>El costo del campamento es de $5,500 pesos (Cinco mil quinientos pesos 00/100MN).</p>\n\n<p><strong>La fecha l&iacute;mite de pago y registro es el 15 de noviembre.</strong></p>\n\n<p>Fechas de pago:</p>\n\n<p>Pago 1: 31 de octubre &ndash; $2,750 pesos</p>\n\n<p>Pago 2: 15 de noviembre &ndash; $2,750 pesos</p>\n\n<p>&ndash; &ndash; &ndash; &ndash; &ndash;</p>\n\n<p>Ponemos a tu disposici&oacute;n 2 formas de pago:</p>\n\n<p><strong>*Dep&oacute;sito o transferencia a la cuenta:</strong></p>\n\n<p>BBVA BANCOMER<br />\n&Aacute;NGELA PATRICIA &Aacute;VILA ROJAS<br />\nCta 0199909435 &nbsp;Clabe 012180001999094351</p>\n\n<p><strong>*Con tarjeta de cr&eacute;dito v&iacute;a PAYPAL en nuestro sistema de inscripci&oacute;n (Ojo, en pago con tarjeta aplica 5% de comisi&oacute;n).</strong></p>\n\n<p><strong>IMPORTANTE:</strong></p>\n\n<p>**Mandar el comprobante de pago a pagos@kincamp.com indicando: nombre completo del participante, escuela y grado.</p>\n\n<p>**En caso de requerir factura se agregar&aacute; el IVA correspondiente y te pedimos nos contactes para indicarte la forma de realizar el pago**</p>|2022-09-29|2022-12-22|t|150000|el colegio|quetzalsanmateo5622|||t|5500|f|f|15|15|2022-11-15 18:00:00-06|2022-09-29 02:26:00-05||f||1|0|f
20929|CCM 1ro. sec. Octubre 2022|2022-10-17 06:30:00-05|2022-10-19 18:00:00-05|19|50|71|https://kincamp.com/ccm|<p>El costo del campamento es de $5,750 pesos (Cinco mil setecientos cincuenta pesos 00/100 M.N.)</p>\n\n<p><strong>La fecha l&iacute;mite de registro es el 3 de octubre y la fecha l&iacute;mite de pago es el 10 de octubre.&nbsp;</strong></p>\n\n<p>Ponemos a tu disposici&oacute;n 2 formas de pago:</p>\n\n<p>*Dep&oacute;sito o transferencia a la cuenta:</p>\n\n<p>BBVA BANCOMER<br />\n&Aacute;NGELA PATRICIA &Aacute;VILA ROJAS<br />\nCta 0199909435 &nbsp;Clabe 012180001999094351</p>\n\n<p>*Con tarjeta de cr&eacute;dito v&iacute;a PAYPAL en nuestro sistema de inscripci&oacute;n (Ojo, en pago con tarjeta aplica 5% de comisi&oacute;n).</p>\n\n<p><strong>IMPORTANTE:</strong></p>\n\n<p>**Mandar el comprobante de pago a pagos@kincamp.com indicando: nombre completo del participante, escuela y grado.</p>\n\n<p>**En caso de requerir factura se agregar&aacute; el IVA correspondiente y te pedimos nos contactes para indicarte la forma de realizar el pago**</p>|2022-09-22|2022-12-08|t|150000|el colegio|quetzalccm1sec22|||t|5750|f|f|15|15|2022-10-03 13:08:00-05|2022-09-22 13:08:00-05||f||1|0|f
20901|Regina 4to. prepa Septiembre 2022|2022-09-28 06:15:00-05|2022-09-29 18:00:00-05|48|15|70|https://kincamp.com/regina|<p>El costo del campamento es de $3,600 pesos pagando en efectivo en el colegio y $3,600 pesos + IVA ($4,176 pesos) pagando en Kin Camp.</p>\n\n<p><strong>La fecha l&iacute;mite de pago y registro est&aacute; por confirmar.</strong></p>\n\n<p>&ndash; &ndash; &ndash; &ndash; &ndash;</p>\n\n<p>Ponemos a tu disposici&oacute;n 2 formas de pago:</p>\n\n<p><strong>*En efectivo directamente en el colegio</strong></p>\n\n<p><strong>*Dep&oacute;sito/transferencia a la cuenta:</strong></p>\n\n<p>BBVA<br />\nKin Camp SA de CV<br />\nCta: 0146450970<br />\nClabe: 012180001464509708</p>\n\n<p><strong>IMPORTANTE:&nbsp;</strong><strong>*Debes enviar el comprobante con nombre del participante, grado, colegio y datos fiscales al correo pagos@kincamp.com*</strong></p>|2022-09-01|2022-10-03|t|150000|el colegio|aguilaregina4prepa22|||t|4176|f|f|15|15|2022-09-20 13:25:00-05|2022-09-01 13:25:00-05||f||1|0|f
20867|Miraflores Cuernavaca 6to. primaria Hikin 2022|2022-07-05 08:00:00-05|2022-07-09 14:00:00-05|64|14|68|https://kincamp.com/miraflores|<p>El costo del campamento es de $9,000 pesos (Nueve mil pesos 00/100MN).</p>\n\n<p><strong>La fecha l&iacute;mite de pago y registro es el 1ro. de junio 2022</strong></p>\n\n<p>&ndash; &ndash; &ndash; &ndash; &ndash;</p>\n\n<p><strong>Fechas de pago:</strong></p>\n\n<p>Pago 1: 1ro. de abril &ndash; $3,000 pesos</p>\n\n<p>Pago 2: 1ro. de mayo &ndash; $3,000 pesos</p>\n\n<p>Pago 3: 1ro de junio &ndash; $3,000 pesos</p>\n\n<p>Ponemos a tu disposici&oacute;n 2 formas de pago:</p>\n\n<p><strong>*Dep&oacute;sito o transferencia a la cuenta:</strong></p>\n\n<p>BBVA BANCOMER<br />\n&Aacute;NGELA PATRICIA &Aacute;VILA ROJAS<br />\nCta 0199909435 &nbsp;Clabe 012180001999094351</p>\n\n<p><strong>*Con tarjeta de cr&eacute;dito v&iacute;a PAYPAL en nuestro sistema de inscripci&oacute;n (Ojo, en pago con tarjeta aplica 5% de comisi&oacute;n).</strong></p>\n\n<p><strong>IMPORTANTE:</strong></p>\n\n<p>**Mandar el comprobante de pago a pagos@kincamp.com indicando: nombre completo del participante, escuela y grado.</p>\n\n<p>**En caso de requerir factura se agregar&aacute; el IVA correspondiente y te pedimos nos contactes para indicarte la forma de realizar el pago**</p>|2022-03-30|2022-10-03|t|150000|el colegio|aguilamiraflores622|||t|9000|f|f|15|15|2022-07-01 14:22:00-05|2022-03-30 14:22:00-06||f||1|0|f
20933|Sierra Nevada San Mateo 3ro. y 4to. primaria Mayo 2023|2023-05-23 05:30:00-06|2023-05-25 17:00:00-06|25|102|72|https://kincamp.com/sierranevada|<p>El costo del campamento es de $5,500 pesos (Cinco mil quinientos pesos 00/100MN).</p>\n\n<p><strong>Las fechas de pago son:</strong></p>\n\n<p>Pago 1: 2 de mayo &ndash; $2,750 pesos</p>\n\n<p>Pago 2: 16 de mayo &ndash; $2,750 pesos</p>\n\n<p>La fecha l&iacute;mite de registro es el 2 de mayo y la fecha l&iacute;mite de pago es el 16 de junio 2023</p>\n\n<p>&ndash; &ndash; &ndash; &ndash; &ndash;</p>\n\n<p>Ponemos a tu disposici&oacute;n 2 formas de pago:</p>\n\n<p><strong>*Dep&oacute;sito o transferencia a la cuenta:</strong></p>\n\n<p>BBVA BANCOMER<br />\n&Aacute;NGELA PATRICIA &Aacute;VILA ROJAS<br />\nCta 0199909435 &nbsp;Clabe 012180001999094351</p>\n\n<p><strong>*Con tarjeta de cr&eacute;dito v&iacute;a PAYPAL en nuestro sistema de inscripci&oacute;n (Ojo, en pago con tarjeta aplica 5% de comisi&oacute;n).</strong></p>\n\n<p><strong>IMPORTANTE:</strong></p>\n\n<p>**Mandar el comprobante de pago a pagos@kincamp.com indicando: nombre completo del participante, escuela y grado.</p>\n\n<p>**En caso de requerir factura se agregar&aacute; el IVA correspondiente y te pedimos nos contactes para indicarte la forma de realizar el pago**</p>|2022-09-29|2023-05-18|t|300000|el colegio|quetzalsanmateo3423|||t|5500|t|t|15|15|2023-05-20 01:29:00-06|2022-09-29 02:29:00-05||t||1|0|t
20921|TCS 2do. sec. Noviembre 2022|2022-11-22 07:00:00-06|2022-11-24 18:00:00-06|48|48|71|https://kincamp.com/tcs|<p>El costo del campamento es de $6,380* pesos (Seis mil trescientos ochenta pesos 00/100MN) *Incluye IVA*</p>\n\n<p>Si vendr&aacute;n hermanos al campamento, Kin Camp ofrece un 10% de descuento a cada uno sobre el costo del camp.</p>\n\n<p>Fechas de pago:</p>\n\n<p>Pago 1: 3 de octubre &ndash; $2,130 pesos</p>\n\n<p>Pago 2: 17 de octubre &ndash; $2,130 pesos</p>\n\n<p>Pago 3: 3 de noviembre &ndash; $2,120 pesos</p>\n\n<p>La fecha l&iacute;mite de registro es el 3 de octubre 2022 y la fecha l&iacute;mite de pago es el 3 de noviembre 2022</p>\n\n<p>&ndash; Dep&oacute;sito o transferencia a cuenta:</p>\n\n<p>BBVA<br />\nKin Camp SA de CV<br />\nCta: 0146450970<br />\nClabe: 012180001464509708</p>\n\n<p>&ndash; Si quieres pagar con tarjeta de cr&eacute;dito m&aacute;ndanos un mail a info@kincamp.com y te enviaremos un bot&oacute;n de paypal. El pago con tarjeta de cr&eacute;dito tiene un 5% de comisi&oacute;n.</p>\n\n<p>IMPORTANTE: *Debes enviar el comprobante con nombre del participante, grado, colegio y datos fiscales al correo pagos@kincamp.com*</p>|2022-09-20|2022-12-21|t|150000|el colegio|quetzaltcs222|||t|6380|f|f|15|15|2022-10-03 11:45:00-05|2022-09-20 11:45:00-05||f||1|0|f
21030|Piaget 3ro. secundaria Junio 2023|2023-06-12 06:00:00-06|2023-06-15 17:00:00-06|14|123|73|https://kincamp.com/piaget|<p>El costo del campamento es de $14,800 pesos y se realiza directamente en el colegio.</p>\n\n<p>La fecha l&iacute;mite de registro es el 28 de marzo y la fecha l&iacute;mite de pago es el 28 de mayo 2023</p>|2023-03-07|2023-05-30|f|300000|el colegio|quetzalpiaget3sec23|||f|14800|f|f|15|15|2023-03-28 16:34:00-06|2023-03-07 16:34:00-06||f||1|0|f
20793|Hamilton Sec. Julio 2022|2022-07-18 06:00:00-05|2022-07-21 18:00:00-05|48|54|68|https://kincamp.com/hamilton|<p>El costo del campamento es de $6,500 pesos (Seis mil quinientos 00/100MN).</p>\n\n<p>La fecha l&iacute;mite de pago y registro es el 16 de junio 2022</p>\n\n<p>&ndash; &ndash; &ndash; &ndash; &ndash;</p>\n\n<p>Fechas de pago:</p>\n\n<p>1er pago: 16 de noviembre 2021 &ndash; $1,000 pesos</p>\n\n<p>2do pago: 15 de diciembre 2021 &ndash; $1,100 pesos</p>\n\n<p>3er pago: 31 de enero 2022 &ndash; $1,100 pesos</p>\n\n<p>4to pago: 1 de marzo 2022 &ndash; $1,100 pesos</p>\n\n<p>5to pago: 3 de mayo 2022 &ndash; $1,100 pesos</p>\n\n<p>6to pago: 15 de junio 2022 &ndash; $1,100 pesos</p>\n\n<p>*Dep&oacute;sito o transferencia a la cuenta:</p>\n\n<p>BBVA BANCOMER<br />\n&Aacute;NGELA PATRICIA &Aacute;VILA ROJAS<br />\nCta 0199909435 &nbsp;Clabe 012180001999094351</p>\n\n<p>*Con tarjeta de cr&eacute;dito v&iacute;a PAYPAL en nuestro sistema de inscripci&oacute;n (Ojo, en pago con tarjeta aplica 5% de comisi&oacute;n).</p>\n\n<p>IMPORTANTE:</p>\n\n<p>**Mandar el comprobante de pago a pagos@kincamp.com indicando: nombre completo del participante, escuela y grado.</p>\n\n<p>**En caso de requerir factura se agregar&aacute; el IVA correspondiente y te pedimos nos contactes para indicarte la forma de realizar el pago.</p>|2021-10-29|2022-10-03|t|150000|el colegio|aguilahamiltonsec22|||t|6500|f|f|15|15|2022-06-15 18:00:00-05|2021-10-29 01:51:00-05||f||1|0|f
20810|Canadian Village 2022|2022-07-17 11:30:00-05|2022-07-30 16:00:00-05|25|103|68|https://canadianvillage.mx/general-info|<p>El precio es de <strong>$2,600 d&oacute;lares *</strong> o su equivalente en pesos seg&uacute;n al tipo de cambio del d&iacute;a.</p>\n\n<p>Luggage Kit:&nbsp; + 150&nbsp;d&oacute;lares Obligatorio por cuestiones de Covid.</p>\n\n<p>*Se usar&aacute; la equivalencia en pesos seg&uacute;n el tipo de cambio del d&iacute;a.&nbsp;<br />\n&nbsp;</p>|2021-11-19|2022-10-03|t|150000|American School Foundation|aguilacvc22|||t|2600|f|f|15|15|2022-06-10 18:00:00-05|2021-11-19 10:24:00-06||f||2|0|f
20780|Kobal Master 2022|2022-07-10 08:00:00-05|2022-07-16 12:00:00-05|32|103|68|https://kobal.camp/master|<p>Ponemos a tu disposici&oacute;n las siguientes formas de pago:</p>\n\n<p>*Dep&oacute;sito o transferencia a la cuenta:</p>\n\n<p>BBVA BANCOMER<br />\n&Aacute;NGELA PATRICIA &Aacute;VILA ROJAS<br />\nCta <a href="tel:0199909435">0199909435</a> &nbsp;Clabe 012180001999094351</p>\n\n<p>Usa la referencia: {{referencia}}</p>\n\n<p>*Con tarjeta de cr&eacute;dito v&iacute;a PAYPAL en nuestro sistema de inscripci&oacute;n (Ojo, en pago con tarjeta aplica 5% de comisi&oacute;n).</p>\n\n<p><strong>IMPORTANTE:</strong></p>\n\n<p>**Mandar el comprobante de pago a pagos@kincamp.com indicando: nombre completo del participante.</p>\n\n<p>**En caso de requerir factura se agregar&aacute; el IVA correspondiente y te pedimos nos contactes para indicarte la forma de realizar el pago**</p>|2021-07-26|2022-10-03|t|150000|por definir|aguilakobalmr22|||f|21750|f|f|15|15|2022-07-21 18:00:00-05|2021-07-26 16:38:00-05||f||1|0|f
20728|Kobal Invierno (4 a 12 años) - Diciembre 2020|2020-12-19 07:00:00-06|2020-12-23 14:00:00-06|35|103|62|https://www.kobal.camp/kobal-invierno|<p>Ponemos a tu disposici&oacute;n las siguientes formas de pago:</p>\n\n<p>* En efectivo o con cheque</p>\n\n<p>*Dep&oacute;sito o transferencia a la cuenta:</p>\n\n<p>BBVA BANCOMER<br />\n&Aacute;NGELA PATRICIA &Aacute;VILA ROJAS<br />\nCta <a href="tel:0199909435">0199909435</a> &nbsp;Clabe 012180001999094351</p>\n\n<p>Usa la referencia: {{referencia}}</p>\n\n<p>*Con tarjeta de cr&eacute;dito v&iacute;a PAYPAL en nuestro sistema de inscripci&oacute;n (Ojo, en pago con tarjeta aplica 5% de comisi&oacute;n).</p>\n\n<p><strong>IMPORTANTE:</strong></p>\n\n<p>**Mandar el comprobante de pago a pagos@kincamp.com indicando: nombre completo del participante.</p>\n\n<p>**En caso de requerir factura se agregar&aacute; el IVA correspondiente y te pedimos nos contactes para indicarte la forma de realizar el pago**</p>|2020-09-10|2022-10-03|t|150000|Calle Morelos #77, Coyoacán|jaguarinvierno20|||t|14000|f|f|15|15|2020-12-14 18:00:00-06|2020-09-10 17:57:00-05||t||1|0|f
20778|Kobal Junior 2022|2022-07-17 07:00:00-05|2022-07-30 12:00:00-05|32|103|68|https://kobal.camp/jr|<p>Ponemos a tu disposici&oacute;n las siguientes formas de pago:</p>\n\n<p>*Dep&oacute;sito o transferencia a la cuenta:</p>\n\n<p>BBVA BANCOMER<br />\n&Aacute;NGELA PATRICIA &Aacute;VILA ROJAS<br />\nCta <a href="tel:0199909435">0199909435</a> &nbsp;Clabe 012180001999094351</p>\n\n<p>Usa la referencia: {{referencia}}</p>\n\n<p>*Con tarjeta de cr&eacute;dito v&iacute;a PAYPAL en nuestro sistema de inscripci&oacute;n (Ojo, en pago con tarjeta aplica 5% de comisi&oacute;n).</p>\n\n<p><strong>IMPORTANTE:</strong></p>\n\n<p>**Mandar el comprobante de pago a pagos@kincamp.com indicando: nombre completo del participante.</p>\n\n<p>**En caso de requerir factura se agregar&aacute; el IVA correspondiente y te pedimos nos contactes para indicarte la forma de realizar el pago**</p>|2021-07-26|2022-10-10|t|150000|Parque México|aguilakobaljr22|||t|37500|f|f|15|15|2022-08-10 18:00:00-05|2021-07-26 16:31:00-05||f||1|0|f
20843|TCS 2do. sec. Junio 2022|2022-06-27 07:00:00-05|2022-06-30 18:00:00-05|48|48|68|https://kincamp.com/tcs|<p>El costo del campamento es de $7,540* pesos (Siete mil quinientos cuarenta pesos&nbsp;00/100MN)&nbsp;<strong>*Incluye IVA*</strong></p>\n\n<p>Costo de la prueba PCR: $750 (Setecientos cincuenta pesos 00/100 M.N.) *Pago no reembolsable*</p>\n\n<p><strong>Costo total del campamento: $8,290 pesos (Ocho mil doscientos noventa pesos 00/100 M.N.)</strong></p>\n\n<p>Si vendr&aacute;n hermanos al campamento, Kin Camp ofrece un 10% de descuento a cada uno sobre el costo del camp.</p>\n\n<p>Fechas de pago:</p>\n\n<p>Pago 1: 15 de marzo &ndash; $2,285 pesos</p>\n\n<p>Pago 2: 18 de abril &ndash; $2,285 pesos</p>\n\n<p>Pago 3: 16 de mayo &ndash; $2,285 pesos</p>\n\n<p>Pago 4: 13 de junio &ndash; $1,435 pesos</p>\n\n<p><strong>La fecha l&iacute;mite de pago y registro es el 13 de junio 2022</strong></p>\n\n<p>&ndash; Dep&oacute;sito o transferencia a cuenta:</p>\n\n<p>BBVA<br />\nKin Camp SA de CV<br />\nCta: 0146450970<br />\nClabe: 012180001464509708</p>\n\n<p>&ndash; Si quieres pagar con tarjeta de cr&eacute;dito m&aacute;ndanos un mail a info@kincamp.com y te enviaremos un bot&oacute;n de paypal. El pago con tarjeta de cr&eacute;dito tiene un 5% de comisi&oacute;n.</p>\n\n<p><strong>IMPORTANTE:&nbsp;</strong><strong>*Debes enviar el comprobante con nombre del participante, grado, colegio y datos fiscales al correo pagos@kincamp.com*</strong></p>|2022-02-28|2022-10-03|t|150000|el colegio|aguilatcs222|||t|8290|f|f|15|15|2022-06-13 18:02:00-05|2022-02-28 18:02:00-06||f||1|0|f
20782|Daycamp vacaciones francesas Octubre 2021|2021-10-25 09:00:00-05|2021-10-29 16:00:00-05|62|103|67|https://kincamp.com/daycamp|<p>El costo es de $3,500 pesos sin transporte y $4,000 con transporte.</p>\n\n<p><strong>La fecha l&iacute;mite de pago y registro es el 8 de octubre 2021.</strong></p>\n\n<p>&ndash; &ndash; &ndash; &ndash; &ndash;</p>\n\n<p>Ponemos a tu disposici&oacute;n 2 formas de pago:</p>\n\n<p><strong>*Dep&oacute;sito o transferencia a la cuenta:</strong></p>\n\n<p>BBVA BANCOMER<br />\n&Aacute;NGELA PATRICIA &Aacute;VILA ROJAS<br />\nCta 0199909435 &nbsp;Clabe 012180001999094351</p>\n\n<p><strong>*Con tarjeta de cr&eacute;dito v&iacute;a PAYPAL en nuestro sistema de inscripci&oacute;n (Ojo, en pago con tarjeta aplica 5% de comisi&oacute;n).</strong></p>\n\n<p><strong>IMPORTANTE:</strong></p>\n\n<p>**Mandar el comprobante de pago a pagos@kincamp.com indicando: nombre completo del participante.</p>\n\n<p>**En caso de requerir factura se agregar&aacute; el IVA correspondiente y te pedimos nos contactes para indicarte la forma de realizar el pago**</p>|2021-09-03|2022-10-03|t|150000|Jardín Coyoacán|montañadaycamp21|||t|3500|f|f|15|15|2021-10-18 18:00:00-05|2021-09-03 02:23:00-05||t||1|0|f
20842|TCS 1ro. sec. Junio 2022|2022-06-27 07:00:00-05|2022-06-30 18:00:00-05|25|48|68|https://kincamp.com/tcs|<p>El costo del campamento es de $7,540* pesos (Siete mil quinientos cuarenta pesos&nbsp;00/100MN)&nbsp;<strong>*Incluye IVA*</strong></p>\n\n<p>Costo de la prueba PCR: $750 (Setecientos cincuenta pesos 00/100 M.N.) *Pago no reembolsable*</p>\n\n<p><strong>Costo total del campamento: $8,290 pesos (Ocho mil doscientos noventa pesos 00/100 M.N.)</strong></p>\n\n<p>Si vendr&aacute;n hermanos al campamento, Kin Camp ofrece un 10% de descuento a cada uno sobre el costo del camp.</p>\n\n<p>Fechas de pago:</p>\n\n<p>Pago 1: 15 de marzo &ndash; $2,285 pesos</p>\n\n<p>Pago 2: 18 de abril &ndash; $2,285 pesos</p>\n\n<p>Pago 3: 16 de mayo &ndash; $2,285 pesos</p>\n\n<p>Pago 4: 13 de junio &ndash; $1,435 pesos</p>\n\n<p><strong>La fecha l&iacute;mite de pago y registro es el 13 de junio 2022</strong></p>\n\n<p>&ndash; Dep&oacute;sito o transferencia a cuenta:</p>\n\n<p>BBVA<br />\nKin Camp SA de CV<br />\nCta: 0146450970<br />\nClabe: 012180001464509708</p>\n\n<p>&ndash; Si quieres pagar con tarjeta de cr&eacute;dito m&aacute;ndanos un mail a info@kincamp.com y te enviaremos un bot&oacute;n de paypal. El pago con tarjeta de cr&eacute;dito tiene un 5% de comisi&oacute;n.</p>\n\n<p><strong>IMPORTANTE:&nbsp;</strong><strong>*Debes enviar el comprobante con nombre del participante, grado, colegio y datos fiscales al correo pagos@kincamp.com*</strong></p>|2022-02-28|2022-10-03|t|150000|el colegio|aguilatcs122|||t|8290|f|f|15|15|2022-06-13 17:56:00-05|2022-02-28 17:56:00-06||f||1|0|f
20859|INDO 5to. de prepa Junio 2022|2022-06-18 07:00:00-05|2022-06-19 18:00:00-05|25|169|68|https://kincamp.com/indo|<h4>El costo del campamento es de $4,310 pesos (Cuatro mil trescientos diez 00/100MN) pagando con dep&oacute;sito/transferencia, y $5,000 pesos (Cinco mil pesos 00/100MN) pagando en el INDO a trav&eacute;s de Colaboranet con IVA inclu&iacute;do en caso de requerir factura.</h4>\n\n<p><strong>La fecha l&iacute;mite de pago y registro es el 2 de junio 2022</strong></p>\n\n<p>&ndash; &ndash; &ndash; &ndash; &ndash;</p>\n\n<p><strong>Ponemos a tu disposici&oacute;n 3 formas de pago:</strong></p>\n\n<p><strong>1. Dep&oacute;sito o transferencia a la cuenta:</strong></p>\n\n<p>BBVA BANCOMER<br />\n&Aacute;NGELA PATRICIA &Aacute;VILA ROJAS<br />\nCta 0199909435 &nbsp;Clabe 012180001999094351</p>\n\n<p><strong>2. Con tarjeta de cr&eacute;dito v&iacute;a PAYPAL en nuestro sistema de inscripci&oacute;n (Ojo, en pago con tarjeta aplica 5% de comisi&oacute;n).</strong></p>\n\n<p><strong>3. En caso de requerir factura, deber&aacute;s realizar el pago de $5,000 pesos (iva inclu&iacute;do) directamente en el colegio.&nbsp;</strong></p>\n\n<p>&ndash; &ndash; &ndash; &ndash; &ndash; &ndash;</p>\n\n<p><strong>Fechas de pago:</strong></p>\n\n<p><strong>Pago 1: 28 de marzo</strong> - $1,000 pesos (bbva) / $1,300 pesos (colaboranet)</p>\n\n<p><strong>Pago 2: 28 de abril</strong> - $1,000 pesos (bbva) / $1,300 pesos (colaboranet)</p>\n\n<p><strong>Pago 3: 13 de mayo</strong> - $1,000 pesos (bbva) / $1,300 pesos (colaboranet)</p>\n\n<p><strong>Pago 4: 2 de junio</strong> - $1,310 pesos (bbva) / $1,100 pesos (colaboranet)</p>\n\n<p>&nbsp;</p>\n\n<p><strong>IMPORTANTE:</strong></p>\n\n<p>**Mandar el comprobante de pago a pagos@kincamp.com indicando: nombre completo del participante, escuela y grado.</p>|2022-03-11|2022-10-03|f|150000|el colegio|aguilaindo522|||f|4310|t|f|15|15|2022-06-02 18:00:00-05|2022-03-11 23:21:00-06||t||1|0|f
20861|INDO 6to. de prepa E, F, G, H, I y 5to tetramestre Junio 2022|2022-06-18 07:00:00-05|2022-06-19 18:00:00-05|58|169|68|https://kincamp.com/indo|<h4>El costo del campamento es de $4,310 pesos (Cuatro mil trescientos diez 00/100MN) pagando con dep&oacute;sito/transferencia, y $5,000 pesos (Cinco mil pesos 00/100MN) pagando en el INDO a trav&eacute;s de Colaboranet con IVA inclu&iacute;do en caso de requerir factura.</h4>\n\n<p><strong>La fecha l&iacute;mite de pago y registro es el 2 de junio 2022</strong></p>\n\n<p>&ndash; &ndash; &ndash; &ndash; &ndash;</p>\n\n<p><strong>Ponemos a tu disposici&oacute;n 3 formas de pago:</strong></p>\n\n<p><strong>1. Dep&oacute;sito o transferencia a la cuenta:</strong></p>\n\n<p>BBVA BANCOMER<br />\n&Aacute;NGELA PATRICIA &Aacute;VILA ROJAS<br />\nCta 0199909435 &nbsp;Clabe 012180001999094351</p>\n\n<p><strong>2. Con tarjeta de cr&eacute;dito v&iacute;a PAYPAL en nuestro sistema de inscripci&oacute;n (Ojo, en pago con tarjeta aplica 5% de comisi&oacute;n).</strong></p>\n\n<p><strong>3. En caso de requerir factura, deber&aacute;s realizar el pago de $5,000 pesos (iva inclu&iacute;do) directamente en el colegio.&nbsp;</strong></p>\n\n<p>&ndash; &ndash; &ndash; &ndash; &ndash; &ndash;</p>\n\n<p><strong>Fechas de pago:</strong></p>\n\n<p><strong>Pago 1: 28 de marzo</strong> - $1,000 pesos (bbva) / $1,300 pesos (colaboranet)</p>\n\n<p><strong>Pago 2: 28 de abril</strong> - $1,000 pesos (bbva) / $1,300 pesos (colaboranet)</p>\n\n<p><strong>Pago 3: 13 de mayo</strong> - $1,000 pesos (bbva) / $1,300 pesos (colaboranet)</p>\n\n<p><strong>Pago 4: 2 de junio</strong> - $1,310 pesos (bbva) / $1,100 pesos (colaboranet)</p>\n\n<p>&nbsp;</p>\n\n<p><strong>IMPORTANTE:</strong></p>\n\n<p>**Mandar el comprobante de pago a pagos@kincamp.com indicando: nombre completo del participante, escuela y grado.</p>|2022-03-11|2022-10-03|f|150000|el colegio|aguilaindo6522|||f|4310|t|f|15|15|2022-06-02 18:00:00-05|2022-03-11 23:27:00-06||t||1|0|f
20838|Sierra Nevada Interlomas 3ro. primaria Junio 2022|2022-06-09 07:30:00-05|2022-06-10 18:00:00-05|66|166|69|https://kincamp.com/sierranevada|<p>El costo del campamento es de $3,600 pesos (Tres mil seiscientos&nbsp;pesos&nbsp;00/100MN).</p>\n\n<p><strong>La fecha l&iacute;mite de pago y registro est&aacute; por confirmar.</strong></p>\n\n<p>&ndash; &ndash; &ndash; &ndash; &ndash;</p>\n\n<p>Ponemos a tu disposici&oacute;n 2 formas de pago:</p>\n\n<p><strong>*Dep&oacute;sito o transferencia a la cuenta:</strong></p>\n\n<p>BBVA BANCOMER<br />\n&Aacute;NGELA PATRICIA &Aacute;VILA ROJAS<br />\nCta 0199909435 &nbsp;Clabe 012180001999094351</p>\n\n<p><strong>*Con tarjeta de cr&eacute;dito v&iacute;a PAYPAL en nuestro sistema de inscripci&oacute;n (Ojo, en pago con tarjeta aplica 5% de comisi&oacute;n).</strong></p>\n\n<p><strong>IMPORTANTE:</strong></p>\n\n<p>**Mandar el comprobante de pago a pagos@kincamp.com indicando: nombre completo del participante, escuela y grado.</p>\n\n<p>**En caso de requerir factura se agregar&aacute; el IVA correspondiente y te pedimos nos contactes para indicarte la forma de realizar el pago**</p>|2022-02-23|2022-10-03|t|150000|el colegio|aguilainterlomas322|||t|3600|f|f|15|15|2022-05-15 18:00:00-05|2022-02-23 13:34:00-06||f||1|0|f
20783|Reto 36: 4 a 7 años - Octubre 2021|2021-10-23 07:00:00-05|2021-10-23 19:00:00-05|34|103|66|https://kincamp.com/reto36-chicos|<p>El costo del campamento es de $3,600 pesos (<strong>Tres mil seiscientos&nbsp;</strong>pesos&nbsp;00/100MN).</p>\n\n<p><strong>La fecha l&iacute;mite de pago y registro es el 18 de octubre</strong></p>\n\n<p>&ndash; &ndash; &ndash; &ndash; &ndash;</p>\n\n<p>Ponemos a tu disposici&oacute;n 2 formas de pago:</p>\n\n<p><strong>*Dep&oacute;sito o transferencia a la cuenta:</strong></p>\n\n<p>BBVA BANCOMER<br />\n&Aacute;NGELA PATRICIA &Aacute;VILA ROJAS<br />\nCta 0199909435 &nbsp;Clabe 012180001999094351</p>\n\n<p><strong>*Con tarjeta de cr&eacute;dito v&iacute;a PAYPAL en nuestro sistema de inscripci&oacute;n (Ojo, en pago con tarjeta aplica 5% de comisi&oacute;n).</strong></p>\n\n<p><strong>IMPORTANTE:</strong></p>\n\n<p>**Mandar el comprobante de pago a pagos@kincamp.com indicando&nbsp;nombre completo del participante.</p>\n\n<p>**En caso de requerir factura se agregar&aacute; el IVA correspondiente y te pedimos nos contactes para indicarte la forma de realizar el pago**</p>|2021-09-22|2022-10-03|t|150000|por definir|montañareto3647|||f|3600|t|f|15|15|2021-10-18 20:20:00-05|2021-09-22 20:20:00-05||t||1|0|f
20823|Aristos de Metepec Junio 2022|2022-06-03 07:00:00-05|2022-06-05 18:00:00-05|25|130|68|https://kincamp.com/aristos|<p>El costo del campamento es de $5,500 pesos (Cinco mil quinientos pesos 00/100MN).</p>\n\n<p>&middot; &nbsp; &nbsp; &nbsp; 1er pago: 18&nbsp;de febrero &ndash; $1,400 pesos</p>\n\n<p>&middot; &nbsp; &nbsp; &nbsp; 2do pago: 15 de marzo &ndash; $1,400 pesos</p>\n\n<p>&middot; &nbsp; &nbsp; &nbsp; 3er pago: 18 de abril &ndash; $1,400 pesos</p>\n\n<p>&middot; &nbsp; &nbsp; &nbsp; 4to pago/Finiquito: 16 de mayo &ndash; $1,492.50 pesos ($1,300 pesos + $192.50 de 2da. maestra)</p>\n\n<p>La fecha l&iacute;mite de pago y registro es el 16&nbsp;de mayo 2022.</p>\n\n<p>Ponemos a tu disposici&oacute;n 2 formas de pago:</p>\n\n<p>*Dep&oacute;sito o transferencia a la cuenta:</p>\n\n<p>BBVA BANCOMER<br />\n&Aacute;NGELA PATRICIA &Aacute;VILA ROJAS<br />\nCta 0199909435 &nbsp;Clabe 012180001999094351</p>\n\n<p>*Con tarjeta de cr&eacute;dito v&iacute;a PAYPAL en nuestro sistema de inscripci&oacute;n (Ojo, en pago con tarjeta aplica 5% de comisi&oacute;n).</p>\n\n<p><strong>IMPORTANTE:</strong></p>\n\n<p>**Mandar el comprobante de pago a pagos@kincamp.com indicando: nombre completo del participante, escuela y grado.</p>\n\n<p>**En caso de requerir factura se agregar&aacute; el IVA correspondiente y te pedimos nos contactes para indicarte la forma de realizar el pago**</p>|2022-02-01|2022-10-03|t|150000|el colegio|aguilaaristos22|||t|5500|f|f|15|15|2022-05-21 18:00:00-05|2022-02-01 02:36:00-06||f||1|0|f
20840|Sierra Nevada Interlomas 5to. y 6to. primaria Mayo 2022|2022-05-30 07:00:00-05|2022-06-01 18:00:00-05|32|166|69|https://kincamp.com/sierranevada|<p>El costo del campamento es de $5,200 pesos (Cinco mil doscientos pesos 00/100MN).</p>\n\n<p><strong>La fecha l&iacute;mite de pago y registro est&aacute; por confirmar.</strong></p>\n\n<p>&ndash; &ndash; &ndash; &ndash; &ndash;</p>\n\n<p>Ponemos a tu disposici&oacute;n 2 formas de pago:</p>\n\n<p><strong>*Dep&oacute;sito o transferencia a la cuenta:</strong></p>\n\n<p>BBVA BANCOMER<br />\n&Aacute;NGELA PATRICIA &Aacute;VILA ROJAS<br />\nCta 0199909435 &nbsp;Clabe 012180001999094351</p>\n\n<p><strong>*Con tarjeta de cr&eacute;dito v&iacute;a PAYPAL en nuestro sistema de inscripci&oacute;n (Ojo, en pago con tarjeta aplica 5% de comisi&oacute;n).</strong></p>\n\n<p><strong>IMPORTANTE:</strong></p>\n\n<p>**Mandar el comprobante de pago a pagos@kincamp.com indicando: nombre completo del participante, escuela y grado.</p>\n\n<p>**En caso de requerir factura se agregar&aacute; el IVA correspondiente y te pedimos nos contactes para indicarte la forma de realizar el pago**</p>|2022-02-23|2022-10-03|t|150000|el colegio|aguilainterlomas5622|||t|5200|f|f|15|15|2022-05-15 18:00:00-05|2022-02-23 13:37:00-06||f||1|0|f
20605|Teifaros 6to. primaria Mayo 2022|2022-05-26 07:00:00-05|2022-05-29 18:00:00-05|25|111|69|https://www.kincamp.com/teifaros|<p>El costo del campamento es de $5,900 pesos (Cinco mil novecientos pesos&nbsp;00/100MN).</p>\n\n<p><strong>La fecha l&iacute;mite de pago y registro es el 29 de abril 2022</strong></p>\n\n<p>&ndash; &ndash; &ndash; &ndash; &ndash;</p>\n\n<p><strong>Fechas de pago:</strong></p>\n\n<p>1er pago (apartado): 29 octubre &ndash; $900 pesos</p>\n\n<p>2do pago: 30&nbsp;noviembre &ndash; $1,000 pesos</p>\n\n<p>3er pago: 31 enero &ndash; $1,000 pesos</p>\n\n<p>4to pago: 28&nbsp;febrero &ndash; $1,000 pesos</p>\n\n<p>5to pago: 31 marzo &ndash; $1,000 pesos</p>\n\n<p>6to pago: 29&nbsp;abril &ndash; $1,000 pesos</p>\n\n<p>Ponemos a tu disposici&oacute;n 2 formas de pago:</p>\n\n<p><strong>*Dep&oacute;sito o transferencia a la cuenta:</strong></p>\n\n<p>BBVA BANCOMER<br />\n&Aacute;NGELA PATRICIA &Aacute;VILA ROJAS<br />\nCta 0199909435 &nbsp;Clabe 012180001999094351</p>\n\n<p><strong>*Con tarjeta de cr&eacute;dito v&iacute;a PAYPAL en nuestro sistema de inscripci&oacute;n (Ojo, en pago con tarjeta aplica 5% de comisi&oacute;n).</strong></p>\n\n<p><strong>IMPORTANTE:</strong></p>\n\n<p>**Mandar el comprobante de pago a pagos@kincamp.com indicando: nombre completo del participante, escuela y grado.</p>\n\n<p>**En caso de requerir factura se agregar&aacute; el IVA correspondiente y te pedimos nos contactes para indicarte la forma de realizar el pago**</p>|2019-09-11|2022-10-03|t|150000|Parque Frida Kahlo, esquina Fernández Leal con Tepalcatitla y Av. Pacífico|aguilateifaros22|||t|5900|f|f|15|15|2022-04-29 18:00:00-05|2019-09-11 11:38:00-05||f||1|0|f
20645|2do. Reclutamiento Masivo Enero 2020|2020-01-04 09:00:00-06|2020-01-04 12:00:00-06||119|63|http://www.kincamp.com||2019-11-01|2022-10-03|t|0|Parque México|-|||t|0|f|f|15|15|2020-01-04 10:49:18-06|2019-11-01 10:49:18-06||t||1|0|f
20834|Sierra Nevada San Mateo 3ro. primaria Mayo 2022|2022-05-23 06:45:00-05|2022-05-24 18:00:00-05|66|102|69|https://kincamp.com/sierranevada|<p>El costo del campamento es de $3,600 pesos (Tres mil seiscientos pesos&nbsp;00/100MN).</p>\n\n<p><strong>La fecha l&iacute;mite de pago y registro es el 16 de mayo 2022.</strong></p>\n\n<p>&ndash; &ndash; &ndash; &ndash; &ndash;</p>\n\n<p>Ponemos a tu disposici&oacute;n 2 formas de pago:</p>\n\n<p><strong>*Dep&oacute;sito o transferencia a la cuenta:</strong></p>\n\n<p>BBVA BANCOMER<br />\n&Aacute;NGELA PATRICIA &Aacute;VILA ROJAS<br />\nCta 0199909435 &nbsp;Clabe 012180001999094351</p>\n\n<p><strong>*Con tarjeta de cr&eacute;dito v&iacute;a PAYPAL en nuestro sistema de inscripci&oacute;n (Ojo, en pago con tarjeta aplica 5% de comisi&oacute;n).</strong></p>\n\n<p><strong>IMPORTANTE:</strong></p>\n\n<p>**Mandar el comprobante de pago a pagos@kincamp.com indicando: nombre completo del participante, escuela y grado.</p>\n\n<p>**En caso de requerir factura se agregar&aacute; el IVA correspondiente y te pedimos nos contactes para indicarte la forma de realizar el pago**</p>|2022-02-23|2022-10-03|t|150000|el colegio|aguilasanmateo322|||t|3600|f|f|15|15|2022-05-16 13:26:00-05|2022-02-23 13:26:00-06||f||1|0|f
20830|Sierra Nevada Lomas 3ro. primaria Mayo 2022|2022-05-13 07:40:00-05|2022-05-14 18:00:00-05|66|164|69|https://kincamp.com/sierranevada|<p>El costo del campamento es de $3,600 pesos (Tres mil seiscientos&nbsp;pesos&nbsp;00/100MN).</p>\n\n<p>Las fechas de pago son:</p>\n\n<p>Pago 1: 31 de marzo &ndash; $1,800 pesos</p>\n\n<p>Pago 2: 28 de abril &ndash; $1,800 pesos</p>\n\n<p>La<strong>&nbsp;fecha l&iacute;mite de pago y registro es el 28 de abril 2022.</strong></p>\n\n<p>&ndash; &ndash; &ndash; &ndash; &ndash;</p>\n\n<p>Ponemos a tu disposici&oacute;n 2 formas de pago:</p>\n\n<p><strong>*Dep&oacute;sito o transferencia a la cuenta:</strong></p>\n\n<p>BBVA BANCOMER<br />\n&Aacute;NGELA PATRICIA &Aacute;VILA ROJAS<br />\nCta 0199909435 &nbsp;Clabe 012180001999094351</p>\n\n<p><strong>*Con tarjeta de cr&eacute;dito v&iacute;a PAYPAL en nuestro sistema de inscripci&oacute;n (Ojo, en pago con tarjeta aplica 5% de comisi&oacute;n).</strong></p>\n\n<p><strong>IMPORTANTE:</strong></p>\n\n<p>**Mandar el comprobante de pago a pagos@kincamp.com indicando: nombre completo del participante, escuela y grado.</p>\n\n<p>**En caso de requerir factura se agregar&aacute; el IVA correspondiente y te pedimos nos contactes para indicarte la forma de realizar el pago**</p>|2022-02-23|2022-10-03|t|150000|el colegio|aguilalomas322|||t|3600|f|f|15|15|2022-05-02 18:00:00-05|2022-02-23 13:14:00-06||f||1|0|f
20760|Canadian Village Camp July 2021|2021-07-25 07:00:00-05|2021-08-07 18:00:00-05|25|103|66|https://canadianvillage.mx/general-info|<p>El precio es de <strong>$2,500 d&oacute;lares *</strong> o su equivalente en pesos seg&uacute;n al tipo de cambio del d&iacute;a.</p>\n\n<p>Luggage Kit:&nbsp; + 125 d&oacute;lares Obligatorio por cuestiones de Covid.</p>\n\n<p>*Se usar&aacute; la equivalencia en pesos seg&uacute;n el tipo de cambio del d&iacute;a.&nbsp;<br />\n<br />\n&nbsp;</p>|2021-02-25|2022-10-03|t|150000|-|mountaincvc21|||t|2500|f|f|15|15|2021-08-07 18:00:00-05|2021-07-25 07:00:00-05||f||2|0|f
20738|Grupo de Estudio PS - Justine|2020-11-09 08:45:00-06|2020-12-18 13:45:00-06|24|43|62||<p>El costo del apoyo escolar es de:</p>\n\n<p>- $1,500 pesos por semana por participante</p>\n\n<p>&ndash; &ndash; &ndash; &ndash; &ndash;</p>\n\n<p>Ponemos a tu disposici&oacute;n 2&nbsp;formas de pago:</p>\n\n<p><strong>*Dep&oacute;sito o transferencia a la cuenta:</strong></p>\n\n<p>BBVA BANCOMER<br />\n&Aacute;NGELA PATRICIA &Aacute;VILA ROJAS<br />\nCta 0199909435 &nbsp;Clabe 012180001999094351</p>\n\n<p><strong>*Con tarjeta de cr&eacute;dito v&iacute;a PAYPAL en nuestro sistema de inscripci&oacute;n (Ojo, en pago con tarjeta aplica 5% de comisi&oacute;n).</strong></p>\n\n<p><strong>IMPORTANTE:</strong></p>\n\n<p>**Mandar el comprobante de pago a pagos@kincamp.com indicando: nombre completo del participante y semana en la que participar&aacute;.</p>\n\n<p>**En caso de requerir factura se agregar&aacute; el IVA correspondiente y te pedimos nos contactes para indicarte la forma de realizar el pago**</p>|2020-11-05|2022-10-03|t|0|Enrique Ibsen 37, Polanco|.||http://www.noaplica.com|t|1500|t|t|15|15|2020-12-18 13:45:00-06|2020-11-09 08:45:00-06||t||1|0|f
20727|Grupo de estudio CP - Vanessa Payan|2020-09-17 20:30:00-05|2020-12-18 13:30:00-06|24|43|62||<p>El costo del apoyo escolar es de:</p>\n\n<p>- $1,500 pesos por semana por participante<br />\n<br />\nSe agregar&aacute;n a la primer semana, 600 pesos correspondientes al Jueves 17 y Viernes 18 de Septiembre.</p>\n\n<p>&ndash; &ndash; &ndash; &ndash; &ndash;</p>\n\n<p>Ponemos a tu disposici&oacute;n 2&nbsp;formas de pago:</p>\n\n<p><strong>*Dep&oacute;sito o transferencia a la cuenta:</strong></p>\n\n<p>BBVA BANCOMER<br />\n&Aacute;NGELA PATRICIA &Aacute;VILA ROJAS<br />\nCta 0199909435 &nbsp;Clabe 012180001999094351</p>\n\n<p><strong>*Con tarjeta de cr&eacute;dito v&iacute;a PAYPAL en nuestro sistema de inscripci&oacute;n (Ojo, en pago con tarjeta aplica 5% de comisi&oacute;n).</strong></p>\n\n<p><strong>IMPORTANTE:</strong></p>\n\n<p>**Mandar el comprobante de pago a pagos@kincamp.com indicando: nombre completo del participante y semana en la que participar&aacute;.</p>\n\n<p>**En caso de requerir factura se agregar&aacute; el IVA correspondiente y te pedimos nos contactes para indicarte la forma de realizar el pago**</p>|2020-09-09|2022-10-03|t|0|Por definir|.|||t|1500|t|t|15|15|2020-12-18 14:00:00-06|2020-09-17 21:00:00-05||t||1|0|f
20729|Grupo de estudio Coyoacán - Carolina Coppel|2020-09-17 08:30:00-05|2020-12-18 13:30:00-06|24|43|62|http://www.kincamp.com|<p>El costo del apoyo escolar es de:</p>\n\n<p>- $1,500 pesos por semana por participante<br />\n<br />\nSe agregar&aacute;n a la primer semana, 600 pesos correspondientes al Jueves 17 y Viernes 18 de Septiembre.</p>\n\n<p>&ndash; &ndash; &ndash; &ndash; &ndash;</p>\n\n<p>Ponemos a tu disposici&oacute;n 2&nbsp;formas de pago:</p>\n\n<p><strong>*Dep&oacute;sito o transferencia a la cuenta:</strong></p>\n\n<p>BBVA BANCOMER<br />\n&Aacute;NGELA PATRICIA &Aacute;VILA ROJAS<br />\nCta 0199909435 &nbsp;Clabe 012180001999094351</p>\n\n<p><strong>*Con tarjeta de cr&eacute;dito v&iacute;a PAYPAL en nuestro sistema de inscripci&oacute;n (Ojo, en pago con tarjeta aplica 5% de comisi&oacute;n).</strong></p>\n\n<p><strong>IMPORTANTE:</strong></p>\n\n<p>**Mandar el comprobante de pago a pagos@kincamp.com indicando: nombre completo del participante y semana en la que participar&aacute;.</p>\n\n<p>**En caso de requerir factura se agregar&aacute; el IVA correspondiente y te pedimos nos contactes para indicarte la forma de realizar el pago**</p>|2020-09-14|2022-10-03|t|0|Del Secreto 18, Chimalistac|.||http://www.noaplica.com|t|1500|t|t|15|15|2020-12-18 13:30:00-06|2020-09-17 08:30:00-05||t||1|0|f
20670|London 3ro. Sec. Septiembre 2020 - Cancelado COVID|2020-09-12 06:30:00-05|2020-09-16 18:00:00-05|48|10|61|http://www.kincamp.com/london|<p>El costo del campamento es de $7,800 pesos (Siete mil ochocientos pesos 00/100 M.N).</p>\n\n<p><strong>Fecha l&iacute;mite de pago y registro est&aacute; por confirmar</strong></p>\n\n<p><strong>El pago se realiza directamente en el colegio.</strong></p>\n\n<p>&nbsp;</p>|2019-12-06|2022-10-03|f|150000|el colegio|bosquelondon320|||f|7800|f|f|15|15|2020-09-01 18:00:00-05|2019-12-06 11:58:00-06||t||1|0|f
20621|Hellen Keller Septiembre 2020 - Cancelado COVID|2020-09-09 07:00:00-05|2020-09-12 18:00:00-05|32|108|61|http://www.kincamp.com/hellenkeller|<p>El costo del campamento es de $5,800 pesos (Cinco mil ochocientos pesos 00/100MN).</p>\n\n<p>Las fechas de pago son:</p>\n\n<p>1er pago &ndash; Del 14 al 18 de octubre: $800 pesos</p>\n\n<p>2do pago &ndash; Del 11 al 15 de noviembre: $1,000 pesos</p>\n\n<p>3er pago &ndash; Del 16 al 20 de diciembre: $1,000 pesos</p>\n\n<p>4to pago &ndash; Del 13 al 17 de enero: $1,000 pesos</p>\n\n<p>5to pago &ndash; Del 10 al 14 de febrero: $1,000 pesos</p>\n\n<p>6to pago &ndash; Del 16 al 20 de marzo: $1,000 pesos</p>\n\n<p><strong>La fecha l&iacute;mite de pago y registro es el 20 de Marzo 2020</strong></p>\n\n<p>Ponemos a tu disposici&oacute;n 2 formas de pago:</p>\n\n<p>*Dep&oacute;sito o transferencia a la cuenta:</p>\n\n<p>BBVA BANCOMER<br />\n&Aacute;NGELA PATRICIA &Aacute;VILA ROJAS<br />\nCta 0199909435 &nbsp;Clabe 012180001999094351</p>\n\n<p>*Con tarjeta de cr&eacute;dito v&iacute;a PAYPAL en nuestro sistema de inscripci&oacute;n (Ojo, en pago con tarjeta aplica 5% de comisi&oacute;n).</p>\n\n<p><strong>IMPORTANTE:</strong></p>\n\n<p>**Mandar el comprobante de pago a pagos@kincamp.com indicando: nombre completo del participante, escuela y grado.</p>\n\n<p>**En caso de requerir factura se agregar&aacute; el IVA correspondiente y te pedimos nos contactes para indicarte la forma de realizar el pago**</p>|2019-09-24|2022-10-03|f|150000|el colegio|bosquehellenkeller20|||f|5800|f|f|15|15|2019-09-01 10:00:00-05|2019-09-24 12:41:00-05||f||1|0|f
20660|Colegio México de Tehuacán 6to Mayo 2020|2020-08-15 07:00:00-05|2020-08-17 18:00:00-05|32|77|61|http://www.kincamp.com/colemex|<p>El costo del campamento es de $4,300 pesos (Cuatro mil trescientos pesos&nbsp;00/100MN).</p>\n\n<p>Ponemos a su disposici&oacute;n las siguientes fechas de pago:</p>\n\n<p>Inscripci&oacute;n: del 9 a 13 de diciembre 2019-&nbsp; $860 pesos</p>\n\n<p>2do pago: del 13 al 17 enero 2020 &ndash; $860 pesos</p>\n\n<p>3er. pago: del 10 al 14 febrero 2020 &ndash; $860 pesos</p>\n\n<p>4to. pago: del 9 al 13 marzo 2020 &ndash; $860 pesos</p>\n\n<p>5to. pago: del 27 al 30 de abril 2020 &ndash; $860 pesos</p>\n\n<p><strong>La fecha l&iacute;mite de pago y registro es el 30 de abril 2020</strong></p>\n\n<p>Ponemos a tu disposici&oacute;n 2 formas de pago:</p>\n\n<p>*Dep&oacute;sito o transferencia a la cuenta:</p>\n\n<p>BBVA BANCOMER<br />\n&Aacute;NGELA PATRICIA &Aacute;VILA ROJAS<br />\nCta <a href="tel:0199909435">0199909435</a> &nbsp;Clabe 012180001999094351</p>\n\n<p>*Con tarjeta de cr&eacute;dito v&iacute;a PAYPAL en nuestro sistema de inscripci&oacute;n (Ojo, en pago con tarjeta aplica 5% de comisi&oacute;n).</p>\n\n<p><strong>IMPORTANTE:</strong></p>\n\n<p>**Mandar el comprobante de pago a pagos@kincamp.com indicando: nombre completo del participante, escuela y grado.</p>\n\n<p>**En caso de requerir factura se agregar&aacute; el IVA correspondiente y te pedimos nos contactes para indicarte la forma de realizar el pago**</p>|2019-11-05|2022-10-03|f|150000|el colegio|bosquecolemex620|||f|4300|f|f|15|15|2020-07-30 18:00:00-05|2019-11-05 12:51:00-06||f||1|0|f
20599|Piaget 2do. sec. Noviembre 2019|2019-11-25 06:30:00-06|2019-11-29 18:00:00-06||123|60|http://www.kincamp.com/piaget|<p>El costo&nbsp;del campamento es de $7,800 pesos (Siete mil ochocientos pesos 00/100 M.N.)</p>\n\n<p><strong>La fecha l&iacute;mite de pago y registro es el 11 de noviembre 2019</strong></p>\n\n<p>Los pagos se realizan en el colegio.</p>|2019-08-12|2022-10-03|t|150000|el colegio|bosquepiaget219|||t|7800|f|f|15|15|2019-11-11 10:00:00-06|2019-08-12 12:05:32-05||t||1|0|f
20697|Merici 6to. Mayo 2020|2020-08-11 06:30:00-05|2020-08-13 18:00:00-05|48|27|61|http://www.kincamp.com/merici|<p>El costo del campamento es de $4,756 pesos (Cuatro mil setecientos cincuenta y seis&nbsp;pesos&nbsp;00/100MN).</p>\n\n<p><strong>La fecha l&iacute;mite de pago y registro es el 24 de abril 2020</strong></p>\n\n<p>&ndash; &ndash; &ndash; &ndash; &ndash;</p>\n\n<p><strong>Fechas de pago:</strong></p>\n\n<p>1er pago: 16 al 20 de marzo &ndash; $2,378 pesos</p>\n\n<p>2do pago: 20 al 24 de abril &ndash; $2,738 pesos</p>\n\n<p><strong>*Dep&oacute;sito o transferencia a la cuenta:</strong></p>\n\n<p>BBVA BANCOMER<br />\nKIN CAMP S.A. DE C.V.<br />\nCta 0146450970&nbsp; Clabe 012180001464509708</p>\n\n<p><strong>IMPORTANTE:</strong></p>\n\n<p>**Mandar el comprobante de pago a pagos@kincamp.com indicando: nombre completo del participante, escuela, grado y datos fiscales.</p>|2020-02-27|2022-10-03|f|150000|el colegio|bosquemerici620|||f|4756|t|f|15|15|2020-08-24 18:00:00-05|2020-02-27 11:39:00-06||f||1|0|f
20613|Kobal Mini 2020|2020-07-27 07:00:00-05|2020-07-31 10:00:00-05|58|103|63|http://www.kobal.camp/mini|<p>Ponemos a tu disposici&oacute;n las siguientes formas de pago:</p>\n\n<p>* En efectivo o con cheque directamente en nuestras oficinas.</p>\n\n<p>*Dep&oacute;sito o transferencia a la cuenta:</p>\n\n<p>BBVA BANCOMER<br />\n&Aacute;NGELA PATRICIA &Aacute;VILA ROJAS<br />\nCta 0199909435 &nbsp;Clabe 012180001999094351</p>\n\n<p>Usa la referencia: {{referencia}}</p>\n\n<p>*Con tarjeta de cr&eacute;dito v&iacute;a PAYPAL en nuestro sistema de inscripci&oacute;n (Ojo, en pago con tarjeta aplica 5% de comisi&oacute;n).</p>\n\n<p>IMPORTANTE:</p>\n\n<p>**Mandar el comprobante de pago a pagos@kincamp.com indicando: nombre completo del participante.</p>\n\n<p>**En caso de requerir factura se agregar&aacute; el IVA correspondiente y te pedimos nos contactes para indicarte la forma de realizar el pago**</p>|2019-09-17|2022-10-03|f|150000|Parque México|jaguarkobalmini20|||f|13000|t|t|15|15|2020-07-27 23:59:00-05|2019-09-17 19:23:00-05||t||1|0|f
20611|Kobal Master 2020|2020-07-27 07:00:00-05|2020-08-02 10:00:00-05|58|103|63|http://www.kobal.camp/mr|<p>Ponemos a tu disposici&oacute;n las siguientes formas de pago:</p>\n\n<p>* En efectivo o con cheque directamente en nuestras oficinas.</p>\n\n<p>*Dep&oacute;sito o transferencia a la cuenta:</p>\n\n<p>BBVA BANCOMER<br />\n&Aacute;NGELA PATRICIA &Aacute;VILA ROJAS<br />\nCta <a href="tel:0199909435">0199909435</a> &nbsp;Clabe 012180001999094351</p>\n\n<p>Usa la referencia: {{referencia}}</p>\n\n<p>*Con tarjeta de cr&eacute;dito v&iacute;a PAYPAL en nuestro sistema de inscripci&oacute;n (Ojo, en pago con tarjeta aplica 5% de comisi&oacute;n).</p>\n\n<p><strong>IMPORTANTE:</strong></p>\n\n<p>**Mandar el comprobante de pago a pagos@kincamp.com indicando: nombre completo del participante.</p>\n\n<p>**En caso de requerir factura se agregar&aacute; el IVA correspondiente y te pedimos nos contactes para indicarte la forma de realizar el pago**</p>|2019-09-17|2022-10-03|f|150000|Parque México|jaguarkobalmr20|||f|18400|t|t|15|15|2020-07-26 23:59:00-05|2019-09-17 19:18:00-05||t||1|0|f
20612|Kobal Pro 2020|2020-07-27 07:00:00-05|2020-08-02 10:00:00-05|58|103|63|http://www.kobal.camp/pro|<p>Ponemos a tu disposici&oacute;n las siguientes formas de pago:</p>\n\n<p>* En efectivo o con cheque directamente en nuestras oficinas.</p>\n\n<p>*Dep&oacute;sito o transferencia a la cuenta:</p>\n\n<p>BBVA BANCOMER<br />\n&Aacute;NGELA PATRICIA &Aacute;VILA ROJAS<br />\nCta 0199909435 &nbsp;Clabe 012180001999094351</p>\n\n<p>Usa la referencia: {{referencia}}</p>\n\n<p>*Con tarjeta de cr&eacute;dito v&iacute;a PAYPAL en nuestro sistema de inscripci&oacute;n (Ojo, en pago con tarjeta aplica 5% de comisi&oacute;n).</p>\n\n<p>IMPORTANTE:</p>\n\n<p>**Mandar el comprobante de pago a pagos@kincamp.com indicando: nombre completo del participante.</p>\n\n<p>**En caso de requerir factura se agregar&aacute; el IVA correspondiente y te pedimos nos contactes para indicarte la forma de realizar el pago**</p>|2019-09-17|2022-10-03|f|150000|Parque México|jaguarkobalpro20|||f|18900|t|t|15|15|2020-07-26 23:59:00-05|2019-09-17 19:21:00-05||t||1|0|f
20628|Defensores de Anahuac Julio 2020|2020-07-07 06:30:00-05|2020-07-09 18:00:00-05|32|152|63|http://www.kincamp.com/defensores|<p>El costo del campamento es de $4,700 pesos (Cuatro mil setecientos pesos&nbsp;00/100MN).</p>\n\n<p><strong>La fecha l&iacute;mite de pago y registro es el jueves 4 de junio 2020</strong></p>\n\n<p>&ndash; &ndash; &ndash; &ndash; &ndash;</p>\n\n<p><strong>Fechas de pago:</strong></p>\n\n<p>Pago 1 (anticipo): del lunes 28 al jueves 31 de octubre &ndash; $1,500 pesos</p>\n\n<p>Pago 2: del lunes 30 de marzo al jueves 2 de abril &ndash; $1,600 pesos</p>\n\n<p>Pago 3 (finiquito): del lunes 1 de junio al jueves 4 de junio &ndash; $1,600 pesos</p>\n\n<p>Ponemos a tu disposici&oacute;n 2 formas de pago:</p>\n\n<p><strong>*Dep&oacute;sito o transferencia a la cuenta:</strong></p>\n\n<p>BBVA BANCOMER<br />\n&Aacute;NGELA PATRICIA &Aacute;VILA ROJAS<br />\nCta 0199909435 &nbsp;Clabe 012180001999094351</p>\n\n<p><strong>*Con tarjeta de cr&eacute;dito v&iacute;a PAYPAL en nuestro sistema de inscripci&oacute;n (Ojo, en pago con tarjeta aplica 5% de comisi&oacute;n).</strong></p>\n\n<p><strong>IMPORTANTE:</strong></p>\n\n<p>**Mandar el comprobante de pago a pagos@kincamp.com indicando: nombre completo del participante, escuela y grado.</p>\n\n<p>**En caso de requerir factura se agregar&aacute; el IVA correspondiente y te pedimos nos contactes para indicarte la forma de realizar el pago**</p>|2019-10-08|2022-10-03|f|150000|el colegio|bosquedefensores20|||f|4700|t|f|15|15|2020-06-05 10:00:00-05|2019-10-07 10:00:00-05||t||1|0|f
20627|Teifaros Sec. Junio 2020 -  Cancelado COVID|2020-06-29 06:30:00-05|2020-06-30 18:00:00-05|25|111|63|http://www.kincamp.com/teifaros|<p>El costo del campamento es de $7,100 pesos (Siete mil cien pesos&nbsp;00/100MN).</p>\n\n<p>Pago 1 (apartado) / 30 octubre &ndash; $1,000 pesos</p>\n\n<p>Pago 2 / 30 noviembre&nbsp;&ndash; $1,000 pesos</p>\n\n<p>Pago 3 / 30 enero&nbsp;&ndash; $1,000 pesos</p>\n\n<p>Pago 4 / 28 febrero&nbsp;&ndash; $1,000 pesos</p>\n\n<p>Pago 5 / 30 marzo&nbsp;&ndash; $1,000 pesos</p>\n\n<p>Pago 6 / 30 abril&nbsp;&ndash; $1,000 pesos</p>\n\n<p>Pago 7 (finiquito) / 29 mayo&nbsp;&ndash; $1,000 pesos</p>\n\n<p><strong>La fecha l&iacute;mite de pago es el 29 de mayo 2020</strong></p>\n\n<p>Ponemos a tu disposici&oacute;n 2 formas de pago:</p>\n\n<p>*Dep&oacute;sito o transferencia a la cuenta:</p>\n\n<p>BBVA BANCOMER<br />\n&Aacute;NGELA PATRICIA &Aacute;VILA ROJAS<br />\nCta 0199909435 &nbsp;Clabe 012180001999094351</p>\n\n<p>*Con tarjeta de cr&eacute;dito v&iacute;a PAYPAL en nuestro sistema de inscripci&oacute;n (Ojo, en pago con tarjeta aplica 5% de comisi&oacute;n).</p>\n\n<p><strong>IMPORTANTE:</strong></p>\n\n<p>**Mandar el comprobante de pago a pagos@kincamp.com indicando: nombre completo del participante, escuela y grado.</p>\n\n<p>**En caso de requerir factura se agregar&aacute; el IVA correspondiente y te pedimos nos contactes para indicarte la forma de realizar el pago**</p>|2019-10-08|2022-10-03|f|150000|el colegio|bosqueteifaros320|||f|7100|f|f|15|15|2020-06-29 00:10:00-05|2019-10-08 00:10:00-05||f||1|0|f
20517|Greengates J3 - February 2019|2019-02-25 08:00:00-06|2019-02-28 17:00:00-06|48|22|58|http://www.kincamp.com/greengates|<p>Payment and registration deadline: February 15, 2019</p>\n\n<p>The cost of the camp is $6,550 pesos. Payments are made at school.</p>|2018-11-12|2022-10-03|t|150000|at school|fogatagreengatesj319|||f|6550|f|f|15|15|2019-05-08 07:42:52.250068-05|2019-05-08 07:42:52.347578-05||t||1|0|f
20954|Piaget 3ro. primaria Junio 2023|2023-06-26 05:30:00-06|2023-06-28 17:00:00-06|58|123|72|https://kincamp.com/piaget|<p>La fecha l&iacute;mite de pago y registro es el 7 de febrero 2023.</p>\n\n<p>El costo del campamento es de $5,900 y se realiza directamente en el colegio.</p>|2022-10-08|2023-06-22|t|300000|el colegio|quetzalpiaget323|||t|5900|f|f|15|15|2022-03-01 14:03:00-06|2022-10-08 14:03:00-05||f||1|0|f
20624|Buena Tierra 6to. Junio 2020 - Cancelado COVID|2020-06-26 07:00:00-05|2020-06-28 18:00:00-05|25|109|63|http://www.kincamp.com/buenatierra|<p>El costo del campamento es de $4,200 pesos (Cuatro mil doscientos pesos&nbsp;00/100MN).</p>\n\n<p><strong>La fecha l&iacute;mite de pago y registro es el 22 de Mayo 2020</strong></p>\n\n<p>&ndash; &ndash; &ndash; &ndash; &ndash;</p>\n\n<p><strong>Fechas de pago:</strong></p>\n\n<p>Pago 1 (inscripci&oacute;n): del 28 al 31 de octubre 2019 &ndash; $700 pesos</p>\n\n<p>Pago 2: del 25 al 29 de noviembre 2019 &ndash; $700 pesos</p>\n\n<p>Pago 3: del 27 al 31 de enero 2020 &ndash; $700 pesos</p>\n\n<p>Pago 4: del 24 al 28 de febrero 2020 &ndash; $700 pesos</p>\n\n<p>Pago 5: del 30 de marzo al 3 de abril 2020 &ndash; $700 pesos</p>\n\n<p>Pago 6: de&ntilde; 25 de mayo al 1ro de junio 2020 &ndash; $700 pesos</p>\n\n<p>Ponemos a tu disposici&oacute;n 2 formas de pago:</p>\n\n<p><strong>*Dep&oacute;sito o transferencia a la cuenta:</strong></p>\n\n<p>BBVA BANCOMER<br />\n&Aacute;NGELA PATRICIA &Aacute;VILA ROJAS<br />\nCta 0199909435 &nbsp;Clabe 012180001999094351</p>\n\n<p><strong>*Con tarjeta de cr&eacute;dito v&iacute;a PAYPAL en nuestro sistema de inscripci&oacute;n (Ojo, en pago con tarjeta aplica 5% de comisi&oacute;n).</strong></p>\n\n<p><strong>IMPORTANTE:</strong></p>\n\n<p>**Mandar el comprobante de pago a pagos@kincamp.com indicando: nombre completo del participante, escuela y grado.</p>\n\n<p>**En caso de requerir factura se agregar&aacute; el IVA correspondiente y te pedimos nos contactes para indicarte la forma de realizar el pago**</p>|2019-09-27|2022-10-03|f|150000|el colegio|bosquebuenatierra620|||f|4200|f|f|15|15|2020-08-16 13:36:00-05|2019-05-27 13:36:00-05||f||1|0|f
20623|Buena Tierra Sec. Junio 2020 - Cancelado COVID|2020-06-19 07:00:00-05|2020-06-22 18:00:00-05|48|109|63|http://www.kincamp.com/buenatierra|<p>El costo del campamento es de $5,350 pesos (Cinco mil trescientos cincuenta pesos 00/100MN).</p>\n\n<p>Estas son las fechas de pago:</p>\n\n<p>Pago 1 (inscripci&oacute;n): del 28 al 31 de octubre 2019: $850 pesos<br />\nPago 2: del 25 al 29 de noviembre 2019: $900 pesos<br />\nPago 3: del 27 al 31 de enero 2020: $900 pesos<br />\nPago 4: del 24 al 28 de febrero 2020: $900 pesos<br />\nPago 5: del 30 de marzo al 3 de abril 2020: $900 pesos<br />\nPago 6: del 25 de mayo al 1ro de junio 2020: $900 pesos</p>\n\n<p><strong>La fecha l&iacute;mite de pago y registro es el 22 de mayo 2020</strong></p>\n\n<p>Ponemos a tu disposici&oacute;n las siguientes formas de pago:</p>\n\n<p>*Dep&oacute;sito o transferencia a la cuenta:</p>\n\n<p>BBVA BANCOMER<br />\n&Aacute;NGELA PATRICIA &Aacute;VILA ROJAS<br />\nCta 0199909435 &nbsp;Clabe 012180001999094351</p>\n\n<p>*Con tarjeta de cr&eacute;dito v&iacute;a PAYPAL en nuestro sistema de inscripci&oacute;n (Ojo, en pago con tarjeta aplica 5% de comisi&oacute;n).</p>\n\n<p><strong>IMPORTANTE:</strong></p>\n\n<p>**Mandar el comprobante de pago a pagos@kincamp.com indicando: nombre completo del participante, escuela y grado.</p>\n\n<p>**En caso de requerir factura se agregar&aacute; el IVA correspondiente y te pedimos nos contactes para indicarte la forma de realizar el pago**</p>|2019-09-27|2022-10-03|f|150000|el colegio|bosquebuenatierra320|||f|5350|f|f|15|15|2020-06-09 10:00:00-05|2019-07-27 13:31:00-05||f||1|0|f
20640|Vallarta Junio 2020 - Cancelado COVID|2020-06-05 07:00:00-05|2020-06-07 18:00:00-05|58|51|63|http://www.kincamp.com/vallarta|<p>El costo del campamento es de $4,100 pesos (Cuatro mil cien pesos 00/100 M.N.)</p>\n\n<p><strong>La fecha l&iacute;mite de pago y registro es el 22 de mayo 2020</strong></p>\n\n<p>Pago 1: del 2 al 6 de diciembre: $800 pesos</p>\n\n<p>Pago 2 &ndash; del 27 al 31 de enero: $800 pesos</p>\n\n<p>Pago 3 &ndash; del 24 al 28 de febrero: $800 pesos</p>\n\n<p>Pago 4 &ndash; del 30 de marzo al 3 de abril: $800 pesos</p>\n\n<p>Pago 5 &ndash; del 15 al 22 de mayo: $900 pesos</p>\n\n<p>*Dep&oacute;sito o transferencia a la cuenta:</p>\n\n<p>BBVA BANCOMER<br />\n&Aacute;NGELA PATRICIA &Aacute;VILA ROJAS<br />\nCta 0199909435 &nbsp;Clabe 012180001999094351</p>\n\n<p><strong>IMPORTANTE:</strong></p>\n\n<p>**Mandar el comprobante de pago a pagos@kincamp.com indicando: nombre completo del participante, escuela y grado.</p>\n\n<p>**En caso de requerir factura se agregar&aacute; el IVA correspondiente y te pedimos nos contactes para indicarte la forma de realizar el pago**</p>|2019-10-25|2022-10-03|t|150000|el colegio|bosquevallarta20|||t|4100|f|f|15|15|2020-05-22 18:00:00-05|2019-10-25 07:44:00-05||f||1|0|f
20638|Cimat Junio 2020 - Cancelado COVID|2020-06-05 06:30:00-05|2020-06-07 18:00:00-05|32|76|63|http://www.kincamp.com/cimat||2019-10-24|2022-10-03|f|150000|el colegio|bosquecimat20|||f|0|f|f|15|15|2020-05-15 20:20:00-05|2019-10-24 20:20:00-05||t||1|0|f
20691|Williams Mayo 2020|2020-05-11 07:00:00-05|2020-05-13 18:00:00-05|32|12|61|http://www.kincamp.com/williams|<h4>Precios y Formas de Pago</h4>\n\n<p>El costo del campamento es de $4,600 pesos (Cuatro mil sescientos pesos&nbsp;00/100MN).</p>\n\n<p><strong>La fecha l&iacute;mite de pago y registro est&aacute; por confirmar.</strong></p>\n\n<p>&ndash; &ndash; &ndash; &ndash; &ndash;</p>\n\n<p><strong>Los pagos se realizan directamente en el colegio.&nbsp;</strong></p>\n\n<p>**En caso de requerir factura se agregar&aacute; el IVA correspondiente y te pedimos nos contactes para indicarte la forma de realizar el pago**</p>|2020-02-14|2022-10-03|f|150000|el colegio|bosquewilliams20|||f|4600|f|f|15|15|2020-05-03 11:27:00-05|2020-02-14 11:27:00-06||t||1|0|f
20630|Hamilton 3ro. Sec. Mayo 2020 - Cancelado COVID|2020-05-01 06:00:00-05|2020-05-04 18:00:00-05|32|54|61|http://www.kincamp.com/hamilton|<p>El costo del campamento es de $6,960 pesos (Sseis mil novecientos sesenta 00/100MN). *Incluye IVA</p>\n\n<p>La fecha l&iacute;mite de pago y registro es el 26 de marzo 2020</p>\n\n<p>&ndash; &ndash; &ndash; &ndash; &ndash;</p>\n\n<p>Fechas de pago:</p>\n\n<p>1er pago: 16 de octubre &ndash; $1,000 pesos</p>\n\n<p>2do pago: 14 de diciembre &ndash; $1,987 pesos</p>\n\n<p>3er pago: 15 de febrero &ndash; $1,987 pesos</p>\n\n<p>4to pago: 26 de marzo &ndash; $1,987 pesos</p>\n\n<p>*Dep&oacute;sito o transferencia a la cuenta:</p>\n\n<p>BBVA<br />\nKin Camp SA de CV<br />\nCta: 0146450970<br />\nClabe: 012180001464509708</p>\n\n<p>IMPORTANTE:</p>\n\n<p>**Mandar el comprobante de pago a pagos@kincamp.com indicando: nombre completo del participante, escuela y grado.</p>|2019-10-08|2022-10-03|f|150000|el colegio|bosquehamilton320|||f|6960|f|f|15|15|2020-04-26 18:00:00-05|2019-10-08 12:29:00-05||t||1|0|f
20637|Merici 4to. y 5to. Enero 2020|2020-01-22 07:30:00-06|2020-01-24 18:00:00-06|25|27|61|http://www.kincamp.com/merici|<p>El costo del campamento es de $4,756 pesos (Cuatro mil setecientos cincuenta y seis&nbsp;pesos&nbsp;00/100MN).</p>\n\n<p><strong>La fecha l&iacute;mite de pago y registro es el 10 de enero 2020</strong></p>\n\n<p>&ndash; &ndash; &ndash; &ndash; &ndash;</p>\n\n<p><strong>Fechas de pago:</strong></p>\n\n<p>1er pago, del 4 al 8 de noviembre: $1,585 pesos</p>\n\n<p>2do pago, del 2 al 6 de diciembre: $1,585 pesos</p>\n\n<p>3er pago, del 6 al 10 de enero: $1,586 pesos</p>\n\n<p><strong>*Dep&oacute;sito o transferencia a la cuenta:</strong></p>\n\n<p>BBVA<br />\nKin Camp SA de CV<br />\nCta: 0146450970<br />\nClabe: 012180001464509708</p>\n\n<p><strong>*Con tarjeta de cr&eacute;dito v&iacute;a PAYPAL en nuestro sistema de inscripci&oacute;n (Ojo, en pago con tarjeta aplica 5% de comisi&oacute;n).</strong></p>\n\n<p><strong>IMPORTANTE:</strong></p>\n\n<p>**Mandar el comprobante de pago a pagos@kincamp.com indicando: nombre completo del participante, escuela y grado.</p>|2019-10-21|2022-10-03|t|150000|el colegio|bosquemerici4520|||t|4756|f|f|15|15|2019-10-10 18:00:00-05|2019-10-21 19:19:52-05||t||1|0|f
20646|Kin Camp XV Años Enero 2020|2020-01-18 10:50:16-06|2020-01-18 10:50:16-06||119|61|http://www.kincamp.com||2019-11-01|2022-10-03|t|0|-|-|||t|0|f|f|15|15|2020-01-18 10:50:16-06|2019-11-01 10:50:16-06||t||1|0|f
20617|El Roble Noviembre 2019|2019-11-22 15:00:00-06|2019-11-24 18:00:00-06|45|147|60|http://www.kincamp.com/elroble|<p>El costo del campamento es de $4,700 (Cuatro mil setecientos pesos 00/100 M.N.)</p>\n\n<p><strong>La fecha l&iacute;mite de pago y registro es el 8 de noviembre 2019</strong></p>\n\n<p>&ndash; &ndash; &ndash; &ndash; &ndash;</p>\n\n<p>Ponemos a tu disposici&oacute;n 2 formas de pago:</p>\n\n<p><strong>*Dep&oacute;sito o transferencia a la cuenta:</strong></p>\n\n<p>BBVA BANCOMER<br />\n&Aacute;NGELA PATRICIA &Aacute;VILA ROJAS<br />\nCta 0199909435 &nbsp;Clabe 012180001999094351</p>\n\n<p><strong>*Con tarjeta de cr&eacute;dito v&iacute;a PAYPAL en nuestro sistema de inscripci&oacute;n (Ojo, en pago con tarjeta aplica 5% de comisi&oacute;n).</strong></p>\n\n<p><strong>IMPORTANTE:</strong></p>\n\n<p>**Mandar el comprobante de pago a pagos@kincamp.com indicando: nombre completo del participante, escuela y grado.</p>\n\n<p>**En caso de requerir factura se agregar&aacute; el IVA correspondiente y te pedimos nos contactes para indicarte la forma de realizar el pago**</p>|2019-09-23|2022-10-03|f|150000|el colegio|bosqueelroble19|||f|4700|t|f|15|15|2019-11-08 10:00:00-06|2019-09-23 11:30:43-05||t||1|0|f
20629|Glaxo Daycamp Noviembre 2019|2019-11-15 08:00:00-06|2019-11-15 14:00:00-06||103|60|http://www.kincamp.com/glaxo|<p>El costo del daycamp es de $270 pesos (Doscientos setenta&nbsp;pesos&nbsp;00/100MN).</p>\n\n<p><strong>El pago se deber&aacute; realizar en el &aacute;rea de Recursos Humanos con Elisa Haces.</strong></p>\n\n<p><strong>La fecha l&iacute;mite de pago y registro es el 08&nbsp;de noviembre a las 6:00pm.</strong></p>|2019-10-08|2022-10-03|t|150000|Glaxo|-|||t|270|f|f|15|15|2019-11-15 18:00:00-06|2019-10-08 10:55:44-05||t||1|0|f
20616|Sierra Nevada Noviembre 2019|2019-11-06 06:30:00-06|2019-11-08 17:00:00-06|32|102|60|http://www.kincamp.com/sierranevada|<p>El costo del campamento es de $3,850 pesos (Tres mil ochocientos cincuenta pesos 00/100 M.N.)</p>\n\n<p><strong>La fecha l&iacute;mite de pago y registro es el 30</strong><strong>&nbsp;de octubre 2019</strong></p>\n\n<p>&ndash; &ndash; &ndash; &ndash; &ndash;</p>\n\n<p>Ponemos a tu disposici&oacute;n 2 formas de pago:</p>\n\n<p><strong>*Dep&oacute;sito o transferencia a la cuenta:</strong></p>\n\n<p>BBVA BANCOMER<br />\n&Aacute;NGELA PATRICIA &Aacute;VILA ROJAS<br />\nCta <a href="tel:0199909435">0199909435</a> &nbsp;Clabe 012180001999094351</p>\n\n<p><strong>*Con tarjeta de cr&eacute;dito v&iacute;a PAYPAL en nuestro sistema de inscripci&oacute;n (Ojo, en pago con tarjeta aplica 5% de comisi&oacute;n).</strong></p>\n\n<p><strong>IMPORTANTE:</strong></p>\n\n<p>**Mandar el comprobante de pago a pagos@kincamp.com indicando: nombre completo del participante, escuela y grado.</p>\n\n<p>**En caso de requerir factura se agregar&aacute; el IVA correspondiente y te pedimos nos contactes para indicarte la forma de realizar el pago**</p>|2019-09-18|2022-10-03|t|150000|el colegio|bosquesierranevada19|||t|3850|f|f|15|15|2019-10-30 10:00:00-06|2019-09-18 14:32:58-05||t||1|0|f
20596|TCS 2do. sec. Octubre 2019|2019-10-27 07:00:00-06|2019-10-31 17:00:00-06|48|48|60|http://www.kincamp.com/tcs|<p>El costo del campamento es de $7,540* pesos (Siete mil quinientos cuarenta pesos&nbsp;00/100MN)&nbsp;<strong>*Incluye IVA*</strong></p>\n\n<p>Pago 1: 30 septiembre 2019 &ndash; $3,770 pesos</p>\n\n<p>Pago 2: 14 de octubre 2019 &ndash; $3,770 pesos</p>\n\n<p><strong>La fecha l&iacute;mite de pago y registro es el 14 de octubre 2019</strong></p>\n\n<p>&ndash; Dep&oacute;sito o transferencia a cuenta:</p>\n\n<p>BBVA<br />\nKin Camp SA de CV<br />\nCta: 0146450970<br />\nClabe: 012180001464509708</p>\n\n<p><strong>IMPORTANTE:&nbsp;</strong><strong>*Debes enviar el comprobante con nombre del participante, grado, colegio y datos fiscales al correo pagos@kincamp.com*</strong></p>|2019-08-12|2022-10-03|t|150000|el colegio|bosquetcs219|||f|7540|f|f|15|15|2019-10-14 10:00:00-05|2019-08-12 11:59:38-05||t||1|0|f
20590|Piaget 4to. Octubre 2019|2019-10-08 06:30:00-05|2019-10-11 16:00:00-05|9|123|60|http://www.kincamp.com/piaget|<p><strong>La fecha&nbsp;l&iacute;mite de pago y registro es el lunes 23 de septiembre 2019</strong></p>\n\n<p>El costo del campamento es de $6,400 pesos y se realiza en las cajas del colegio.</p>|2019-08-12|2022-10-03|t|150000|el colegio|bosquepiaget419|||t|6400|f|f|15|15|2019-09-01 10:00:00-05|2019-08-12 11:04:51-05||t||1|0|f
20606|Retiro de coordis|2019-09-14 06:00:00-05|2019-09-16 20:00:00-05||119|60|||2019-09-11|2022-10-03|t|0|parque México|no hay|||f|0|f|f|15|15|2019-09-16 20:00:00-05|2019-09-14 06:00:00-05||t||1|0|f
20481|Kobal Mini Semana 4 2019|2019-08-12 07:00:00-05|2019-08-16 18:00:00-05|51|103|59|http://www.kobal.camp|<p>Ponemos a tu disposici&oacute;n las siguientes formas de pago:</p>\n\n<p>* En efectivo o con cheque directamente en nuestras oficinas.</p>\n\n<p>*Dep&oacute;sito o transferencia a la cuenta:</p>\n\n<p>BBVA BANCOMER<br />\n&Aacute;NGELA PATRICIA &Aacute;VILA ROJAS<br />\nCta <a href="tel:0199909435">0199909435</a> &nbsp;Clabe 012180001999094351</p>\n\n<p>Usa la referencia: {{referencia}}</p>\n\n<p>*Con tarjeta de cr&eacute;dito v&iacute;a PAYPAL en nuestro sistema de inscripci&oacute;n (Ojo, en pago con tarjeta aplica 5% de comisi&oacute;n).</p>\n\n<p><strong>IMPORTANTE:</strong></p>\n\n<p>**Mandar el comprobante de pago a pagos@kincamp.com indicando: nombre completo del participante, escuela y grado.</p>\n\n<p>**En caso de requerir factura se agregar&aacute; el IVA correspondiente y te pedimos nos contactes para indicarte la forma de realizar el pago**</p>|2018-10-03|2022-10-03|f|150000|-|bosquemini419|||f|5900|t|t|15|15|2019-05-08 07:42:52-05|2019-05-08 07:42:52-05||t||1|0|f
20475|Kobal Master Semana 1 2019|2019-07-21 07:00:00-05|2019-07-27 10:00:00-05|32|103|59|http://www.kobal.camp/mr-1|<p>Ponemos a tu disposici&oacute;n las siguientes formas de pago:</p>\n\n<p>* En efectivo o con cheque directamente en nuestras oficinas.</p>\n\n<p>*Dep&oacute;sito o transferencia a la cuenta:</p>\n\n<p>BBVA BANCOMER<br />\n&Aacute;NGELA PATRICIA &Aacute;VILA ROJAS<br />\nCta <a href="tel:0199909435">0199909435</a> &nbsp;Clabe 012180001999094351</p>\n\n<p>Usa la referencia: {{referencia}}</p>\n\n<p>*Con tarjeta de cr&eacute;dito v&iacute;a PAYPAL en nuestro sistema de inscripci&oacute;n (Ojo, en pago con tarjeta aplica 5% de comisi&oacute;n).</p>\n\n<p><strong>IMPORTANTE:</strong></p>\n\n<p>**Mandar el comprobante de pago a pagos@kincamp.com indicando: nombre completo del participante, escuela y grado.</p>\n\n<p>**En caso de requerir factura se agregar&aacute; el IVA correspondiente y te pedimos nos contactes para indicarte la forma de realizar el pago**</p>|2018-10-03|2022-10-03|t|150000|Parque México|bosquemaster119|||t|17000|f|f|15|15|2019-05-08 07:42:52-05|2019-05-08 07:42:52-05||t||1|0|f
20478|Kobal Mini Semana 2 2019|2019-07-01 07:00:00-05|2019-07-05 18:00:00-05|51|103|59|http://www.kobal.camp|<p>Ponemos a tu disposici&oacute;n las siguientes formas de pago:</p>\n\n<p>* En efectivo o con cheque directamente en nuestras oficinas.</p>\n\n<p>*Dep&oacute;sito o transferencia a la cuenta:</p>\n\n<p>BBVA BANCOMER<br />\n&Aacute;NGELA PATRICIA &Aacute;VILA ROJAS<br />\nCta <a href="tel:0199909435">0199909435</a> &nbsp;Clabe 012180001999094351</p>\n\n<p>Usa la referencia: {{referencia}}</p>\n\n<p>*Con tarjeta de cr&eacute;dito v&iacute;a PAYPAL en nuestro sistema de inscripci&oacute;n (Ojo, en pago con tarjeta aplica 5% de comisi&oacute;n).</p>\n\n<p><strong>IMPORTANTE:</strong></p>\n\n<p>**Mandar el comprobante de pago a pagos@kincamp.com indicando: nombre completo del participante, escuela y grado.</p>\n\n<p>**En caso de requerir factura se agregar&aacute; el IVA correspondiente y te pedimos nos contactes para indicarte la forma de realizar el pago**</p>|2018-10-03|2022-10-03|f|150000|-|bosquemini219|||f|5900|t|t|15|15|2019-05-08 07:42:52-05|2019-05-08 07:42:52-05||t||1|0|f
20468|Buena Tierra 3ro. sec. Junio 2019|2019-06-27 07:00:00-05|2019-06-30 18:00:00-05|25|109|59|http://www.kincamp.com/buenatierra|<p>El costo del campamento es de $5,200 pesos (Cinco mil doscientos pesos 00/100MN).</p>\n\n<p>Estas son las fechas de pago:</p>\n\n<p>1er pago / 15 de octubre 2018 &ndash; $700<br />\n2do pago / 15 de Noviembre 2018 &ndash; $750<br />\n3er pago / 15 de Diciembre 2018 &ndash; $750<br />\n4to pago / 15 de Enero 2019 &ndash; $750<br />\n5to pago / 15 de Febrero &ndash; $750<br />\n6to pago / 15 de Marzo &ndash; $750<br />\n7mo pago / 15 de Mayo &ndash; $750</p>\n\n<p><strong>La fecha l&iacute;mite de pago y registro es el 15 de Mayo 2019</strong></p>\n\n<p>Ponemos a tu disposici&oacute;n las siguientes formas de pago:</p>\n\n<p>* En efectivo o con cheque directamente en el colegio.</p>\n\n<p>*Dep&oacute;sito o transferencia a la cuenta:</p>\n\n<p>BBVA BANCOMER<br />\n&Aacute;NGELA PATRICIA &Aacute;VILA ROJAS<br />\nCta <a href="tel:0199909435">0199909435</a> &nbsp;Clabe 012180001999094351</p>\n\n<p>*Con tarjeta de cr&eacute;dito v&iacute;a PAYPAL en nuestro sistema de inscripci&oacute;n (Ojo, en pago con tarjeta aplica 5% de comisi&oacute;n).</p>\n\n<p><strong>IMPORTANTE:</strong></p>\n\n<p>**Mandar el comprobante de pago a pagos@kincamp.com indicando: nombre completo del participante, escuela y grado.</p>\n\n<p>**En caso de requerir factura se agregar&aacute; el IVA correspondiente y te pedimos nos contactes para indicarte la forma de realizar el pago**</p>|2018-10-02|2022-10-03|t|150000|el colegio|fogatabuenatierra319|||t|5200|f|f|15|15|2019-05-08 07:42:52-05|2019-05-08 07:42:52-05||t||1|0|f
20477|Kobal Mini Semana 1 2019|2019-06-24 07:00:00-05|2019-06-28 18:00:00-05|51|103|59|http://www.kobal.camp|<p>Ponemos a tu disposici&oacute;n las siguientes formas de pago:</p>\n\n<p>* En efectivo o con cheque directamente en nuestras oficinas.</p>\n\n<p>*Dep&oacute;sito o transferencia a la cuenta:</p>\n\n<p>BBVA BANCOMER<br />\n&Aacute;NGELA PATRICIA &Aacute;VILA ROJAS<br />\nCta <a href="tel:0199909435">0199909435</a> &nbsp;Clabe 012180001999094351</p>\n\n<p>Usa la referencia: {{referencia}}</p>\n\n<p>*Con tarjeta de cr&eacute;dito v&iacute;a PAYPAL en nuestro sistema de inscripci&oacute;n (Ojo, en pago con tarjeta aplica 5% de comisi&oacute;n).</p>\n\n<p><strong>IMPORTANTE:</strong></p>\n\n<p>**Mandar el comprobante de pago a pagos@kincamp.com indicando: nombre completo del participante, escuela y grado.</p>\n\n<p>**En caso de requerir factura se agregar&aacute; el IVA correspondiente y te pedimos nos contactes para indicarte la forma de realizar el pago**</p>|2018-10-03|2022-10-03|f|150000|-|bosquemini119|||f|5900|t|t|15|15|2019-05-08 07:42:52-05|2019-05-08 07:42:52-05||t||1|0|f
20539|Anglo Americano Lomas Junio 2019|2019-06-21 07:00:00-05|2019-06-23 18:00:00-05|32|143|59|http://www.kincamp.com/angloamericano|<p>El costo del campamento es de $3,950 pesos (Tres mil novecientos cincuenta pesos&nbsp;00/100MN).</p>\n\n<p><strong>La fecha l&iacute;mite de pago y registro es el 21 de Mayo 2019</strong></p>\n\n<p>Pago 1 (Apartado): 3 de Diciembre 2018 &ndash; $950 pesos</p>\n\n<p>Pago 2: 6 de Febrero 2019 &ndash; $1,000 pesos</p>\n\n<p>Pago 3: 3 de Abril 2019 &ndash; $1,000 pesos</p>\n\n<p>Pago 4 (Finiquito): 21 de Mayo 2019 &ndash; $1,000 pesos</p>\n\n<p>Ponemos a tu disposici&oacute;n 2 formas de pago:</p>\n\n<p>*Dep&oacute;sito o transferencia a la cuenta:</p>\n\n<p>BBVA BANCOMER<br />\n&Aacute;NGELA PATRICIA &Aacute;VILA ROJAS<br />\nCta 0199909435 &nbsp;Clabe 012180001999094351</p>\n\n<p>*Con tarjeta de cr&eacute;dito v&iacute;a PAYPAL en nuestro sistema de inscripci&oacute;n (Ojo, en pago con tarjeta aplica 5% de comisi&oacute;n).</p>\n\n<p><strong>IMPORTANTE:</strong></p>\n\n<p>**Mandar el comprobante de pago a pagos@kincamp.com indicando: nombre completo del participante, escuela y grado.</p>\n\n<p>**En caso de requerir factura se agregar&aacute; el IVA correspondiente y te pedimos nos contactes para indicarte la forma de realizar el pago**</p>|2018-11-16|2022-10-03|t|150000|el colegio|fogataangloamericano19|||f|3950|f|f|15|15|2019-06-23 18:00:00-05|2019-06-21 07:00:00-05||t||1|0|f
20535|Piaget 6to. Junio 2019|2019-06-17 06:30:00-05|2019-06-21 16:00:00-05|32|123|58|http://www.kincamp.com/piaget|<p>La fecha&nbsp;l&iacute;mite de pago&nbsp;y registro&nbsp;es el 8 de Junio 2019</p>\n\n<p>El costo del campamento es de $7,550 pesos y se realiza directamente en el colegio.</p>|2018-11-12|2022-10-03|t|150000|el colegio|fogatapiaget619|||f|7550|f|f|15|15|2019-05-08 07:42:52-05|2019-05-08 07:42:52-05||t||1|0|f
20504|Aristos Metepec Junio 2019|2019-06-15 07:00:00-05|2019-06-17 18:00:00-05|25|130|58|http://www.kincamp.com/aristos|<p>El costo del campamento es de $3,700 pesos (Tres mil setecientos pesos 00/100MN).</p>\n\n<p>&middot; &nbsp; &nbsp; &nbsp; 1er pago $1,200 / 15 de noviembre 2018 (inscripci&oacute;n)</p>\n\n<p>&middot; &nbsp; &nbsp; &nbsp; 2do pago $1,200 / 15 de marzo 2019</p>\n\n<p>&middot; &nbsp; &nbsp; &nbsp; 3er pago $1,300&nbsp; / 15 de Mayo 2019 (finiquito)</p>\n\n<p>Ponemos a tu disposici&oacute;n 2 formas de pago:</p>\n\n<p>*Dep&oacute;sito o transferencia a la cuenta:</p>\n\n<p>BBVA BANCOMER<br />\n&Aacute;NGELA PATRICIA &Aacute;VILA ROJAS<br />\nCta 0199909435 &nbsp;Clabe 012180001999094351</p>\n\n<p>*Con tarjeta de cr&eacute;dito v&iacute;a PAYPAL en nuestro sistema de inscripci&oacute;n (Ojo, en pago con tarjeta aplica 5% de comisi&oacute;n).</p>\n\n<p><strong>IMPORTANTE:</strong></p>\n\n<p>**Mandar el comprobante de pago a pagos@kincamp.com indicando: nombre completo del participante, escuela y grado.</p>\n\n<p>**En caso de requerir factura se agregar&aacute; el IVA correspondiente y te pedimos nos contactes para indicarte la forma de realizar el pago**</p>|2018-10-29|2022-10-03|t|150000|el colegio|fogataaristos19|||f|3700|f|f|15|15|2019-05-08 07:42:52-05|2019-05-08 07:42:52-05||t||1|0|f
20552|Goldenwoods Junio 2019|2019-06-14 07:30:00-05|2019-06-16 18:00:00-05|32|19|59|http://www.kincamp.com/goldenwoods|<p>El costo del campamento es de $4,100 pesos (Cuatro mil cien pesos&nbsp;00/100MN).</p>\n\n<p><strong>La fecha l&iacute;mite de pago y registro es el 15 de Febrero 2019</strong></p>\n\n<p>&ndash; &ndash; &ndash; &ndash; &ndash;</p>\n\n<p><strong>Fechas de pago:</strong></p>\n\n<p>Pago 1 (apartado): 15 de Febrero &ndash; $1,000 pesos</p>\n\n<p>Pago 2: 15 de Marzo &ndash; $1,000 pesos</p>\n\n<p>Pago 3: 30 de Abril &ndash; $1,000 pesos</p>\n\n<p>Pago 4 (fecha l&iacute;mite): 31 de Mayo &ndash; $1,100 pesos</p>\n\n<p>Ponemos a tu disposici&oacute;n 2 formas de pago:</p>\n\n<p><strong>*Dep&oacute;sito o transferencia a la cuenta:</strong></p>\n\n<p>BBVA BANCOMER<br />\n&Aacute;NGELA PATRICIA &Aacute;VILA ROJAS<br />\nCta 0199909435 &nbsp;Clabe 012180001999094351</p>\n\n<p><strong>*Con tarjeta de cr&eacute;dito v&iacute;a PAYPAL en nuestro sistema de inscripci&oacute;n (Ojo, en pago con tarjeta aplica 5% de comisi&oacute;n).</strong></p>\n\n<p><strong>IMPORTANTE:</strong></p>\n\n<p>**Mandar el comprobante de pago a pagos@kincamp.com indicando: nombre completo del participante, escuela y grado.</p>\n\n<p>**En caso de requerir factura se agregar&aacute; el IVA correspondiente y te pedimos nos contactes para indicarte la forma de realizar el pago**</p>|2019-01-30|2022-10-03|t|150000|el colegio|fogatagoldenwoods19|||f|4100|t|f|15|15|2019-05-08 07:42:52-05|2019-05-08 07:42:52-05||t||1|0|f
20988|Eufrosina Secundaria Julio 2023|2023-07-12 05:00:00-06|2023-07-14 17:00:00-06|48|126|72|https://kincamp.com/eufrosina|<p>El costo del campamento es de $6,950 pesos (Seis mil novecientos cincuenta pesos 00/100 M.N.)</p>\n\n<p>La fecha l&iacute;mite de registro es del 12 al 30 de enero y la fecha l&iacute;mite de registro es el 21 de junio 2023.</p>\n\n<p><strong>El pago se realiza directamente en el colegio.</strong></p>|2022-12-12|2023-07-10|t|300000|el colegio|quetzaleufrosinasec23|||t|6950|f|f|15|15|2023-06-21 16:12:00-06|2022-12-12 17:12:00-06||f||1|0|f
20534|CCM 5to. primaria Junio 2019|2019-06-12 06:30:00-05|2019-06-14 18:00:00-05|44|50|59|http://www.kincamp.com/ccm|<p>El costo del campamento es de $4,900 pesos (Cuatro mil novecientos pesos 00/100 M.N.)</p>\n\n<p><strong>La fecha l&iacute;mite de pago y registro es el 29 de Mayo 2019</strong></p>\n\n<p>Ponemos a tu disposici&oacute;n&nbsp;las siguientes formas de pago:</p>\n\n<p>*Dep&oacute;sito o transferencia a la cuenta:</p>\n\n<p>BBVA BANCOMER<br />\n&Aacute;NGELA PATRICIA &Aacute;VILA ROJAS<br />\nCta 0199909435 &nbsp;Clabe 012180001999094351</p>\n\n<p>*Con tarjeta de cr&eacute;dito v&iacute;a PAYPAL en nuestro sistema de inscripci&oacute;n (Ojo, en pago con tarjeta aplica 5% de comisi&oacute;n).</p>\n\n<p><strong>IMPORTANTE:</strong></p>\n\n<p>**Mandar el comprobante de pago a pagos@kincamp.com indicando: nombre completo del participante, escuela y grado.</p>\n\n<p>**En caso de requerir factura se agregar&aacute; el IVA correspondiente y te pedimos nos contactes para indicarte la forma de realizar el pago**</p>|2018-11-12|2022-10-03|t|150000|el colegio|fogataccm519|||t|4900|f|f|15|15|2019-06-14 18:00:00-05|2019-06-12 07:00:00-05||t||1|0|f
20562|TCS 5to. primaria Junio 2019|2019-06-03 06:00:00-05|2019-06-06 18:00:00-05|9|48|56|http://www.kincamp.com/tcs|<p>El costo del campamento es de $6,000 pesos (Seis mil pesos 00/100 M.N.)</p>\n\n<p>La fecha l&iacute;mite de pago y registro es el 20 de Mayo 2019</p>\n\n<p>Ponemos a tu disposici&oacute;n las siguientes formas de pago:</p>\n\n<p>*Dep&oacute;sito o transferencia a la cuenta:</p>\n\n<p>BBVA BANCOMER<br />\n&Aacute;NGELA PATRICIA &Aacute;VILA ROJAS<br />\nCta <a href="tel:0199909435">0199909435</a> &nbsp;Clabe 012180001999094351</p>\n\n<p>*Con tarjeta de cr&eacute;dito v&iacute;a PAYPAL en nuestro sistema de inscripci&oacute;n (Ojo, en pago con tarjeta aplica 5% de comisi&oacute;n).</p>\n\n<p><strong>IMPORTANTE:</strong></p>\n\n<p>**Mandar el comprobante de pago a pagos@kincamp.com indicando: nombre completo del participante, escuela y grado.</p>\n\n<p>**En caso de requerir factura se agregar&aacute; el IVA correspondiente y te pedimos nos contactes para indicarte la forma de realizar el pago**</p>|2019-03-20|2022-10-03|t|150000|el colegio|fogatatcs519|||f|6000|f|f|15|15|2019-05-08 07:42:52-05|2019-05-08 07:42:52-05||t||1|0|f
20550|Livingstone Junio 2019|2019-06-01 07:00:00-05|2019-06-02 06:00:00-05|2|145|59|http://www.kincamp.com/livingstone|<p>El costo del campamento es de $2,500 pesos (Dos mil quinientos pesos&nbsp;00/100MN).</p>\n\n<p>Pago 1 (Apartado): 7 de Febrero 2019 &ndash; $500 pesos</p>\n\n<p>Pago 2: 15 de Marzo 2019 &ndash; $1,000 pesos</p>\n\n<p>Pago 3 (finiquito): 17 de Mayo 2019 &ndash; $1,000 pesos</p>\n\n<p><strong>La fecha l&iacute;mite de pago y registro es el 17 de Mayo 2019</strong></p>\n\n<p>Ponemos a tu disposici&oacute;n 2 formas de pago:</p>\n\n<p>*Dep&oacute;sito o transferencia a la cuenta:</p>\n\n<p>BBVA BANCOMER<br />\n&Aacute;NGELA PATRICIA &Aacute;VILA ROJAS<br />\nCta 0199909435 &nbsp;Clabe 012180001999094351</p>\n\n<p>*Con tarjeta de cr&eacute;dito v&iacute;a PAYPAL en nuestro sistema de inscripci&oacute;n (Ojo, en pago con tarjeta aplica 5% de comisi&oacute;n).</p>\n\n<p><strong>IMPORTANTE:</strong></p>\n\n<p>**Mandar el comprobante de pago a pagos@kincamp.com indicando: nombre completo del participante, escuela y grado.</p>\n\n<p>**En caso de requerir factura se agregar&aacute; el IVA correspondiente y te pedimos nos contactes para indicarte la forma de realizar el pago**</p>|2019-01-25|2022-10-03|t|150000|el colegio|fogatalivingstone19|||t|2500|f|f|15|15|2019-05-08 07:42:52-05|2019-05-08 07:42:52-05||t||1|0|f
20503|Juvenal Rendón Mayo 2019|2019-05-27 07:00:00-05|2019-05-31 18:00:00-05|32|131|58|http://www.kincamp.com/cjr|<p>La fecha&nbsp;l&iacute;mite de pago&nbsp;y registro es el 13 de Mayo 2019.</p>|2018-10-25|2022-10-03|t|150000|-|fogatacjr19|||f|6400|f|f|15|15|2019-05-08 07:42:52-05|2019-05-08 07:42:52-05||t||1|0|f
20560|María Teresa Mayo 2019|2019-05-17 07:00:00-05|2019-05-19 18:00:00-05|48|148|58|http://www.kincamp.com/mariateresa|<p>El costo del campamento es de $4,000 pesos (Cuatro mil&nbsp;pesos&nbsp;00/100MN).</p>\n\n<p><strong>La fecha l&iacute;mite de pago y registro es el 3 de Mayo 2019</strong></p>\n\n<p>&ndash; &ndash; &ndash; &ndash; &ndash;</p>\n\n<p><strong>Fechas de pago:</strong></p>\n\n<p>Pago 1: 29 de Marzo &ndash; $2,000 pesos</p>\n\n<p>Pago 2: 3 de Mayo &ndash; $2,000 pesos</p>\n\n<p>Ponemos a tu disposici&oacute;n 2 formas de pago:</p>\n\n<p><strong>*Dep&oacute;sito o transferencia a la cuenta:</strong></p>\n\n<p>BBVA BANCOMER<br />\n&Aacute;NGELA PATRICIA &Aacute;VILA ROJAS<br />\nCta 0199909435 &nbsp;Clabe 012180001999094351</p>\n\n<p><strong>*Con tarjeta de cr&eacute;dito v&iacute;a PAYPAL en nuestro sistema de inscripci&oacute;n (Ojo, en pago con tarjeta aplica 5% de comisi&oacute;n).</strong></p>\n\n<p><strong>IMPORTANTE:</strong></p>\n\n<p>**Mandar el comprobante de pago a pagos@kincamp.com indicando: nombre completo del participante, escuela y grado.</p>\n\n<p>**En caso de requerir factura se agregar&aacute; el IVA correspondiente y te pedimos nos contactes para indicarte la forma de realizar el pago**</p>|2019-03-11|2022-10-03|f|150000|autozone|fogatamariateresa19|||f|4000|t|f|15|15|2019-05-08 07:42:52.250068-05|2019-05-08 07:42:52.347578-05||t||1|0|f
20493|Marymount 6to primaria Mayo 2019|2019-05-13 07:00:00-05|2019-05-15 16:00:00-05|34|65|58|http://www.kincamp.com/marymount|<p>El costo del campamento es de $4,400 pesos&nbsp;(Cuatro mil cuatrocientos pesos 00/100MN).</p>\n\n<p><strong>La fecha l&iacute;mite de pago es el 31 de Octubre 2018</strong></p>\n\n<p>Pago 1 (apartado) &ndash; 31 Oct: $1,100 pesos</p>\n\n<p>Pago 2 &ndash; 30 Nov: $1,100 pesos</p>\n\n<p>Pago 3 &ndash; 30 Ene: $1,100 pesos</p>\n\n<p>Pago 4 (finiquito) &ndash; 29 Abr: $1,100</p>\n\n<p>Ponemos a tu disposici&oacute;n las siguientes formas de pago:</p>\n\n<p>*Dep&oacute;sito o transferencia a la cuenta:</p>\n\n<p>BBVA BANCOMER<br />\n&Aacute;NGELA PATRICIA &Aacute;VILA ROJAS<br />\nCta 0199909435 &nbsp;Clabe 012180001999094351</p>\n\n<p>*Con tarjeta de cr&eacute;dito v&iacute;a PAYPAL en nuestro sistema de inscripci&oacute;n (Ojo, en pago con tarjeta aplica 5% de comisi&oacute;n).</p>\n\n<p><strong>IMPORTANTE:</strong></p>\n\n<p>**Mandar el comprobante de pago a pagos@kincamp.com indicando: nombre completo del participante, escuela y grado.</p>\n\n<p>**En caso de requerir factura se agregar&aacute; el IVA correspondiente y te pedimos nos contactes para indicarte la forma de realizar el pago**</p>|2018-10-18|2022-10-03|f|150000|el colegio|fogatamarymount619|||f|4400|f|f|15|15|2019-05-08 07:42:52.250068-05|2019-05-08 07:42:52.347578-05||t||1|0|f
20442|TCS 2do. sec. Septiembre 2018|2018-09-23 07:00:00-05|2018-09-27 17:00:00-05|48|48|57|http://www.kincamp.com/tcs|<h4>Precios y Formas de Pago</h4>\n\n<p>El costo del campamento es de $6,400 pesos (Seis mil&nbsp;cuatrocientos pesos&nbsp;00/100MN).</p>\n\n<p><strong>La fecha l&iacute;mite de pago es el 14 de Septiembre 2018</strong></p>\n\n<p>Ponemos a tu disposici&oacute;n 2 formas de pago:</p>\n\n<p>*Dep&oacute;sito o transferencia a la cuenta:</p>\n\n<p>BBVA BANCOMER<br />\n&Aacute;NGELA PATRICIA &Aacute;VILA ROJAS<br />\nCta 0199909435 &nbsp;Clabe 012180001999094351</p>\n\n<p>*Con tarjeta de cr&eacute;dito v&iacute;a PAYPAL en nuestro sistema de inscripci&oacute;n (Ojo, en pago con tarjeta aplica 5% de comisi&oacute;n).</p>\n\n<p><strong>IMPORTANTE:</strong></p>\n\n<p>**Mandar el comprobante de pago a pagos@kincamp.com indicando: nombre completo del participante, escuela y grado.</p>\n\n<p>**En caso de requerir factura se agregar&aacute; el IVA correspondiente y te pedimos nos contactes para indicarte la forma de realizar el pago**</p>|2018-08-06|2022-10-03|t|150000|el colegio|fogatatcs218|||f|6400|t|f|15|15|2019-05-08 07:42:52.250068-05|2019-05-08 07:42:52.347578-05||t||1|0|f
20492|Miraflores Cuernavaca 3ro. sec. Mayo 2019|2019-05-10 07:00:00-05|2019-05-16 18:00:00-05|32|14|58|http://www.kincamp.com/miraflores|<p>El costo del campamento es de $10.200 pesos (Diez mil doscientos pesos 00/100MN)</p>\n\n<p>Gotcha *Opcional*: $300 pesos</p>\n\n<p>La fecha l&iacute;mite de pago es el 31 de Octubre 2018</p>\n\n<p>1er pago (apartado) &ndash; 31 Oct: $700 pesos</p>\n\n<p>2do pago &ndash; 30 Nov: $1,990</p>\n\n<p>3er pago &ndash; 17 Dic: $1,990</p>\n\n<p>4to pago &ndash; 30 Ene: $1,990</p>\n\n<p>5to pago &ndash; 28 Feb :$1,990</p>\n\n<p>6to pago &ndash; 5 Abr: $1,990</p>\n\n<p>Ponemos a tu disposici&oacute;n&nbsp;las siguientes formas de pago:</p>\n\n<p>*Dep&oacute;sito o transferencia a la cuenta:</p>\n\n<p>BBVA BANCOMER<br />\n&Aacute;NGELA PATRICIA &Aacute;VILA ROJAS<br />\nCta 0199909435 &nbsp;Clabe 012180001999094351</p>\n\n<p>*Con tarjeta de cr&eacute;dito v&iacute;a PAYPAL en nuestro sistema de inscripci&oacute;n (Ojo, en pago con tarjeta aplica 5% de comisi&oacute;n).</p>\n\n<p><strong>IMPORTANTE:</strong></p>\n\n<p>**Mandar el comprobante de pago a pagos@kincamp.com indicando: nombre completo del participante, escuela y grado.</p>\n\n<p>**En caso de requerir factura se agregar&aacute; el IVA correspondiente y te pedimos nos contactes para indicarte la forma de realizar el pago**</p>|2018-10-18|2022-10-03|t|150000|el colegio|fogatamiraflores319|||f|10200|f|f|15|15|2019-05-08 07:42:52-05|2019-05-08 07:42:52-05||t||1|0|f
20528|CCM 4to. Mayo 2019|2019-05-07 06:30:00-05|2019-05-09 18:00:00-05|32|50|58|http://www.kincamp.com/ccm|<h4>El costo del campamento es de $4,900 pesos (Cuatro mil novecientos pesos 00/100 M.N.)</h4>\n\n<p>La fecha l&iacute;mite de pago y registro es el 29 de Abril 2019</p>\n\n<p>Ponemos a tu disposici&oacute;n 2 formas de pago:</p>\n\n<p>*Dep&oacute;sito o transferencia a la cuenta:</p>\n\n<p>BBVA BANCOMER<br />\n&Aacute;NGELA PATRICIA &Aacute;VILA ROJAS<br />\nCta 0199909435 &nbsp;Clabe 012180001999094351</p>\n\n<p>*Con tarjeta de cr&eacute;dito v&iacute;a PAYPAL en nuestro sistema de inscripci&oacute;n (Ojo, en pago con tarjeta aplica 5% de comisi&oacute;n).</p>\n\n<p><strong>IMPORTANTE:</strong></p>\n\n<p>**Mandar el comprobante de pago a pagos@kincamp.com indicando: nombre completo del participante, escuela y grado.</p>\n\n<p>**En caso de requerir factura se agregar&aacute; el IVA correspondiente y te pedimos nos contactes para indicarte la forma de realizar el pago**</p>|2018-11-12|2022-10-03|t|150000|el colegio|fogataccm419|||t|4900|f|f|15|15|2019-05-08 07:42:52-05|2019-05-08 07:42:52-05||t||1|0|f
20505|Columbia de Pachuca Mayo 2019|2019-05-02 07:00:00-05|2019-05-05 18:00:00-05|32|140|58|http://www.kincamp.com/cpachuca|<p>El costo del campamento es de $6,230 pesos (Seis mil&nbsp;doscientos treinta pesos&nbsp;00/100MN).</p>\n\n<p>Pago 1 (Apartado) &ndash; 15 de Noviembre 2018 &ndash; $1,580 pesos</p>\n\n<p>Pago 2 &ndash; 28 de Febrero 2019 &ndash; $1,550 pesos</p>\n\n<p>Pago 3 &ndash; 29 de Marzo 2019 &ndash; $1,550 pesos</p>\n\n<p>Pago 4 (finiquito) &ndash; 15 de Abril 2019 &ndash; $1,550 pesos</p>\n\n<p><strong>La fecha l&iacute;mite de pago y registro es el 15 de Abril 219</strong></p>\n\n<p>Ponemos a tu disposici&oacute;n 2 formas de pago:</p>\n\n<p>*Dep&oacute;sito o transferencia a la cuenta:</p>\n\n<p>BBVA BANCOMER<br />\n&Aacute;NGELA PATRICIA &Aacute;VILA ROJAS<br />\nCta 0199909435 &nbsp;Clabe 012180001999094351</p>\n\n<p>*Con tarjeta de cr&eacute;dito v&iacute;a PAYPAL en nuestro sistema de inscripci&oacute;n (Ojo, en pago con tarjeta aplica 5% de comisi&oacute;n).</p>\n\n<p><strong>IMPORTANTE:</strong></p>\n\n<p>**Mandar el comprobante de pago a pagos@kincamp.com indicando: nombre completo del participante, escuela y grado.</p>\n\n<p>**En caso de requerir factura se agregar&aacute; el IVA correspondiente y te pedimos nos contactes para indicarte la forma de realizar el pago**</p>|2018-10-29|2022-10-03|t|150000|el colegio|fogatacpachuca19|||t|6230|f|f|15|15|2019-05-08 07:42:52-05|2019-05-08 07:42:52-05||t||1|0|f
20483|London Sec. Abril 2019|2019-04-08 07:00:00-05|2019-04-12 18:00:00-05|25|10|58|http://www.kincamp.com/london|<p>La fecha&nbsp;l&iacute;mite de pago&nbsp;y registro es el 25 de Marzo 2019</p>\n\n<p>El costo del campamento es de $7,500 pesos y se realiza en el colegio.&nbsp;</p>|2018-10-03|2022-10-03|t|150000|el colegio|fogatalondon319|||f|7500|f|f|15|15|2019-05-08 07:42:52.250068-05|2019-05-08 07:42:52.347578-05||t||1|0|f
20482|Hellen Keller Abril 2019|2019-04-06 07:00:00-06|2019-04-10 18:00:00-05|32|108|58|http://www.kincamp.com/hellenkeller|<p>El costo del campamento es de $6,600 pesos (Seis mil seiscientos pesos 00/100MN).</p>\n\n<p>Las fechas de pago son:</p>\n\n<p>1er pago &ndash; 15 oct 2018 / $1,100 pesos&nbsp;</p>\n\n<p>2do pago &ndash; 15 nov 2018&nbsp;/ $1,100 pesos</p>\n\n<p>3er pago &ndash; 14 dic 2018 /&nbsp; $1,100 pesos</p>\n\n<p>4to pago &ndash; 15 ene 2019 / $1,100 pesos</p>\n\n<p>5to pago &ndash; 15 feb 2019 / $1,100 pesos</p>\n\n<p>Finiquito &ndash; 25 mar&nbsp;2019 / $1,100 pesos</p>\n\n<p><strong>La fecha l&iacute;mite de pago y registro es el 25 de Marzo 2019</strong></p>\n\n<p>Ponemos a tu disposici&oacute;n 2 formas de pago:</p>\n\n<p>*Dep&oacute;sito o transferencia a la cuenta:</p>\n\n<p>BBVA BANCOMER<br />\n&Aacute;NGELA PATRICIA &Aacute;VILA ROJAS<br />\nCta <a href="tel:0199909435">0199909435</a> &nbsp;Clabe 012180001999094351</p>\n\n<p>*Con tarjeta de cr&eacute;dito v&iacute;a PAYPAL en nuestro sistema de inscripci&oacute;n (Ojo, en pago con tarjeta aplica 5% de comisi&oacute;n).</p>\n\n<p><strong>IMPORTANTE:</strong></p>\n\n<p>**Mandar el comprobante de pago a pagos@kincamp.com indicando: nombre completo del participante, escuela y grado.</p>\n\n<p>**En caso de requerir factura se agregar&aacute; el IVA correspondiente y te pedimos nos contactes para indicarte la forma de realizar el pago**</p>|2018-10-03|2022-10-03|t|150000|el colegio|fogatahellenkeller19|||t|6600|f|f|15|15|2019-05-08 07:42:52-05|2019-05-08 07:42:52-05||t||1|0|f
20541|Bosque Real Marzo 2019|2019-03-15 07:00:00-06|2019-03-19 18:00:00-06|32|53|58|http://www.kincamp.com/bosquereal|<p>El costo del campamento es de $7,750 pesos (Siete mil seiscientos cincuenta pesos 00/100MN).</p>\n\n<p><strong>* Fecha limite de pago: 1 de Marzo 2019</strong></p>\n\n<p>Pago 1 &ndash; 3 enero 2019: $2,600 pesos</p>\n\n<p>Pago 2 &ndash; 4 febrero 2019: $2,600 pesos</p>\n\n<p>Pago 3 (finiquito) &ndash; 1 marzo 2019: $2,550 pesos</p>\n\n<p>Ponemos a tu disposici&oacute;n 2 formas de pago:</p>\n\n<p>*Dep&oacute;sito o transferencia a la cuenta:</p>\n\n<p>BBVA BANCOMER<br />\n&Aacute;NGELA PATRICIA &Aacute;VILA ROJAS<br />\nCta <a href="tel:0199909435">0199909435</a> &nbsp;Clabe 012180001999094351</p>\n\n<p>*Con tarjeta de cr&eacute;dito v&iacute;a PAYPAL en nuestro sistema de inscripci&oacute;n (Ojo, en pago con tarjeta aplica 5% de comisi&oacute;n).</p>\n\n<p><strong>IMPORTANTE:</strong></p>\n\n<p>**Mandar el comprobante de pago a pagos@kincamp.com indicando: nombre completo del participante, escuela y grado.</p>\n\n<p>**En caso de requerir factura se agregar&aacute; el IVA correspondiente y te pedimos nos contactes para indicarte la forma de realizar el pago**</p>|2018-12-14|2022-10-03|t|150000|el colegio|fogatabosquereal19|||f|7750|f|f|15|15|2019-05-08 07:42:52.250068-05|2019-05-08 07:42:52.347578-05||t||1|0|f
20520|Olinca Prepri Marzo 2019|2019-03-07 07:00:00-06|2019-03-09 17:00:00-06|48|5|58|http://www.kincamp.com/olinca|<p>La fecha l&iacute;mite de pago y registro es el Viernes 22 de Febrero 2019</p>\n\n<p>El costo del campamento es de $3,950 pesos y se realiza en el colegio.</p>|2018-11-12|2022-10-03|t|150000|el colegio|nohay|||f|3950|f|f|15|15|2019-05-08 07:42:52.250068-05|2019-05-08 07:42:52.347578-05||t||1|0|f
20519|CCM 1ro. Day Camp Marzo 2019|2019-03-01 08:00:00-06|2019-03-01 17:00:00-06||50|58|http://www.kincamp.com||2018-11-12|2022-10-03|t|0|-|fogataccm119|||t|0|f|f|15|15|2019-05-08 07:42:52.250068-05|2019-05-08 07:42:52.347578-05||t||1|0|f
20453|Humanitree Bloom 5 Feb. 2019|2019-02-08 04:30:00-06|2019-02-14 14:10:00-06|50|138|58|http://www.kincamp.com/humanitree|<p>El costo del campamento es de $20,500 pesos (Veinte mil quinientos pesos&nbsp;00/100MN)</p>\n\n<p><strong>La fecha&nbsp;l&iacute;mite de pago&nbsp;y registro es el 11 de Diciembre 2018</strong></p>\n\n<p><strong>1er pago: 26 de Noviembre 2018 &ndash; $13,500 pesos</strong></p>\n\n<p>*Dep&oacute;sito o transferencia a la cuenta:</p>\n\n<p>BBVA BANCOMER<br />\n&Aacute;NGELA PATRICIA &Aacute;VILA ROJAS<br />\nCta 0199909435 &nbsp;Clabe 012180001999094351</p>\n\n<p>*Con tarjeta de cr&eacute;dito v&iacute;a PAYPAL en nuestro sistema de inscripci&oacute;n (Ojo, en pago con tarjeta aplica 5% de comisi&oacute;n).</p>\n\n<p><strong>2do pago: 11 de Diciembre 2018 &ndash; $7,000 pesos</strong></p>\n\n<p>*Dep&oacute;sito o transferencia a la cuenta:</p>\n\n<p>BANAMEX Sucursal 7008<br />\nFLORENTINO BISTRA&Iacute;N P&Eacute;REZ BRAVO<br />\nCta 8032924 Clabe 002109700880329249</p>\n\n<p><strong>IMPORTANTE:</strong></p>\n\n<p>**Mandar el comprobante de pago a pagos@kincamp.com indicando: nombre completo del participante, escuela y grado.</p>\n\n<p>**En caso de requerir factura se agregar&aacute; el IVA correspondiente y te pedimos nos contactes para indicarte la forma de realizar el pago**</p>|2018-08-20|2022-10-03|t|150000|el AICM|fogatahumanitree519|||t|20500|f|f|15|15|2019-05-08 07:42:52.250068-05|2019-05-08 07:42:52.347578-05||t||1|0|f
20490|CCM 6to. Diciembre 2018|2018-12-03 07:00:00-06|2018-12-05 18:00:00-06|52|50|56|http://www.kincamp.com/ccm|<p>El costo del campamento es de $5,450 pesos (Cinco mil cuatrocientos cincuenta pesos 00/100MN).</p>\n\n<p>Pago 1 (Inscripci&oacute;n) Viernes 16 de Noviembre 2018 &ndash; $2,700 pesos</p>\n\n<p>Pago 2 (Finiquito) 26 de Noviembre 2018 &ndash; $2,750 pesos</p>\n\n<p><strong>La fecha l&iacute;mite de pago y registro es el 26 de Noviembre 2018</strong></p>\n\n<p>Ponemos a tu disposici&oacute;n 2 formas de pago:</p>\n\n<p>*Dep&oacute;sito o transferencia a la cuenta:</p>\n\n<p>BBVA BANCOMER<br />\n&Aacute;NGELA PATRICIA &Aacute;VILA ROJAS<br />\nCta 0199909435 &nbsp;Clabe 012180001999094351</p>\n\n<p>*Con tarjeta de cr&eacute;dito v&iacute;a PAYPAL en nuestro sistema de inscripci&oacute;n (Ojo, en pago con tarjeta aplica 5% de comisi&oacute;n).</p>\n\n<p><strong>IMPORTANTE:</strong></p>\n\n<p>**Mandar el comprobante de pago a pagos@kincamp.com indicando: nombre completo del participante, escuela y grado.</p>\n\n<p>**En caso de requerir factura se agregar&aacute; el IVA correspondiente y te pedimos nos contactes para indicarte la forma de realizar el pago**</p>|2018-10-16|2022-10-03|t|150000|el colegio|fogataccm618|||t|5450|f|f|15|15|2019-05-08 07:42:52.250068-05|2019-05-08 07:42:52.347578-05||t||1|0|f
20448|Piaget 3ro. primaria Noviembre 2018|2018-11-28 06:30:00-06|2018-11-30 16:00:00-06|48|123|57|http://www.kincamp.com/piaget|<p>El costo del campamento es de $4,950 pesos (Cuatro mil novecientos cincuenta pesos 00/100 M.N.)</p>\n\n<p>El pago se realiza en el colegio.&nbsp;</p>\n\n<p>La fecha l&iacute;mite de pago y registro es el 7&nbsp;de noviembre de 2018.</p>|2018-08-06|2022-10-03|t|150000|el colegio|fogatapiaget318|||f|4950|f|f|15|15|2019-05-08 07:42:52.250068-05|2019-05-08 07:42:52.347578-05||t||1|0|f
20451|Chiaravalle Nov. 2018|2018-11-05 05:45:00-06|2018-11-09 18:00:00-06|32|134|57|http://www.kincamp.com/chiaravalle|<p>El costo del campamento es de $6,600 pesos (Seis mil seiscientos pesos 00/100MN).</p>\n\n<p>Las fechas de pago son las siguientes:</p>\n\n<p>Pago 1 (apartado) &ndash; 28 septiembre: $2,200 pesos</p>\n\n<p>Pago 2 &ndash; 15 de octubre: $2,200 pesos</p>\n\n<p>Pago 3 (finiquito) &ndash; 29 de octubre: $2,200 pesos</p>\n\n<p><strong>La fecha l&iacute;mite de pago&nbsp; y registro es el 29 de Octubre de 2018</strong></p>\n\n<p>Ponemos a tu disposici&oacute;n las siguientes formas de pago:</p>\n\n<p>* En efectivo o con cheque directamente en el colegio.</p>\n\n<p>*Dep&oacute;sito o transferencia a la cuenta:</p>\n\n<p>BBVA BANCOMER<br />\n&Aacute;NGELA PATRICIA &Aacute;VILA ROJAS<br />\nCta 0199909435 &nbsp;Clabe 012180001999094351</p>\n\n<p>*Con tarjeta de cr&eacute;dito v&iacute;a PAYPAL en nuestro sistema de inscripci&oacute;n (Ojo, en pago con tarjeta aplica 5% de comisi&oacute;n).</p>\n\n<p><strong>IMPORTANTE:</strong></p>\n\n<p>**Mandar el comprobante de pago a pagos@kincamp.com indicando: nombre completo del participante, escuela y grado.</p>\n\n<p>**En caso de requerir factura se agregar&aacute; el IVA correspondiente y te pedimos nos contactes para indicarte la forma de realizar el pago**</p>|2018-08-15|2022-10-03|t|150000|el colegio|fogatachiaravalle18|||f|6600|f|f|15|15|2019-05-08 07:42:52.250068-05|2019-05-08 07:42:52.347578-05||t||1|0|f
20439|ASF 7th Grade Oct. 2018|2018-10-22 08:30:00-05|2018-10-26 13:30:00-05|32|7|57|http://www.kincamp.com/asf||2018-08-06|2022-10-03|t|150000|at school|amigosasf718|||f|7704|f|f|15|15|2019-05-08 07:42:52.250068-05|2019-05-08 07:42:52.347578-05||t||1|0|f
20447|Piaget 2do. primaria Octubre 2018|2018-10-17 06:30:00-05|2018-10-19 16:00:00-05|5|123|57|http://www.kincamp.com/piaget|<p>El costo del campamento es de $4,750 pesos (Cuatro mil setecientos cincuenta pesos 00/100 M.N.)</p>\n\n<p>El pago se realiza en el colegio.&nbsp;</p>\n\n<p>La fecha l&iacute;mite de pago y registro es el 3 de octubre 2018.</p>|2018-08-06|2022-10-03|t|150000|el colegio|fogatapiaget218|||f|4750|f|f|15|15|2019-05-08 07:42:52.250068-05|2019-05-08 07:42:52.347578-05||t||1|0|f
20438|ASF 5th Grade Oct. 2018|2018-10-01 06:30:00-05|2018-10-05 15:30:00-05|23|7|57|http://www.kincamp.com/asf||2018-08-06|2022-10-03|t|300000|at school|fogataasf518|||f|8185|f|f|15|15|2019-05-08 07:42:52.250068-05|2019-05-08 07:42:52.347578-05||t||1|0|f
20444|Instituto Regina Septiembre 2018|2018-09-27 06:30:00-05|2018-09-29 18:00:00-05|32|15|57|http://www.kincamp.com/regina|<p>El costo del campamento es de $4,000 pesos (Cuatro mil pesos 00/100MN).</p>\n\n<p><strong>La fecha l&iacute;mite de pago es el 14 de Septiembre 2018</strong></p>\n\n<p>Ponemos a tu disposici&oacute;n las siguientes formas de pago:</p>\n\n<p>* En efectivo o con cheque directamente en el colegio.</p>\n\n<p>*Dep&oacute;sito o transferencia a la cuenta:</p>\n\n<p>BBVA BANCOMER<br />\n&Aacute;NGELA PATRICIA &Aacute;VILA ROJAS<br />\nCta 0199909435 &nbsp;Clabe 012180001999094351</p>\n\n<p>*Con tarjeta de cr&eacute;dito v&iacute;a PAYPAL en nuestro sistema de inscripci&oacute;n (Ojo, en pago con tarjeta aplica 5% de comisi&oacute;n).</p>\n\n<p><strong>IMPORTANTE:</strong></p>\n\n<p>**Mandar el comprobante de pago a pagos@kincamp.com indicando: nombre completo del participante, escuela y grado.</p>\n\n<p>**En caso de requerir factura se agregar&aacute; el IVA correspondiente y te pedimos nos contactes para indicarte la forma de realizar el pago**</p>|2018-08-06|2022-10-03|t|150000|el colegio|fogataregina18|||f|4000|f|f|15|15|2019-05-08 07:42:52.250068-05|2019-05-08 07:42:52.347578-05||t||1|0|f
20443|TCS 3ro. sec. Septiembre 2018|2018-09-23 08:00:00-05|2018-09-27 18:00:00-05|32|48|57|http://www.kincamp.com/tcs|<h4>Precios y Formas de Pago</h4>\n\n<p>El costo del campamento es de $6,400 pesos (Seis mil&nbsp;cuatrocientos pesos&nbsp;00/100MN).</p>\n\n<p><strong>La fecha l&iacute;mite de pago es el 14 de septiembre 2018</strong></p>\n\n<p>Ponemos a tu disposici&oacute;n 2 formas de pago:</p>\n\n<p>*Dep&oacute;sito o transferencia a la cuenta:</p>\n\n<p>BBVA BANCOMER<br />\n&Aacute;NGELA PATRICIA &Aacute;VILA ROJAS<br />\nCta 0199909435 &nbsp;Clabe 012180001999094351</p>\n\n<p>*Con tarjeta de cr&eacute;dito v&iacute;a PAYPAL en nuestro sistema de inscripci&oacute;n (Ojo, en pago con tarjeta aplica 5% de comisi&oacute;n).</p>\n\n<p><strong>IMPORTANTE:</strong></p>\n\n<p>**Mandar el comprobante de pago a pagos@kincamp.com indicando: nombre completo del participante, escuela y grado.</p>\n\n<p>**En caso de requerir factura se agregar&aacute; el IVA correspondiente y te pedimos nos contactes para indicarte la forma de realizar el pago**</p>|2018-08-06|2022-10-03|t|150000|el colegio|fogatatcs318|||f|6400|f|f|15|15|2019-05-08 07:42:52.250068-05|2019-05-08 07:42:52.347578-05||t||1|0|f
20345|Kobal Master 2018|2018-07-29 07:00:00-05|2018-08-04 11:00:00-05|32|103|57|http://www.kobal.camp/mr|<p>Ponemos a tu disposici&oacute;n las siguientes formas de pago:</p>\n\n<p>* En efectivo o con cheque directamente en nuestras oficinas.</p>\n\n<p>*Dep&oacute;sito o transferencia a la cuenta:</p>\n\n<p>BBVA BANCOMER<br />\n&Aacute;NGELA PATRICIA &Aacute;VILA ROJAS<br />\nCta 0199909435 &nbsp;Clabe 012180001999094351</p>\n\n<p>Usa la referencia: {{referencia}}</p>\n\n<p>*Con tarjeta de cr&eacute;dito v&iacute;a PAYPAL en nuestro sistema de inscripci&oacute;n (Ojo, en pago con tarjeta aplica 5% de comisi&oacute;n).</p>\n\n<p><strong>IMPORTANTE:</strong></p>\n\n<p>**Mandar el comprobante de pago a pagos@kincamp.com indicando: nombre completo del participante, escuela y grado.</p>\n\n<p>**En caso de requerir factura se agregar&aacute; el IVA correspondiente y te pedimos nos contactes para indicarte la forma de realizar el pago**</p>|2017-08-17|2022-10-03|t|150000|Parque México|fogatamaster18|||t|13500|f|f|15|10|2019-05-08 07:42:52.250068-05|2019-05-08 07:42:52.347578-05||t||1|0|f
20343|Kobal Junior 2018|2018-07-15 07:00:00-05|2018-07-28 10:00:00-05|48|103|56|http://www.kobal.camp/jr|<p>Ponemos a tu disposici&oacute;n las siguientes formas de pago:</p>\n\n<p>* En efectivo o con cheque directamente en nuestras oficinas.</p>\n\n<p>*Dep&oacute;sito o transferencia a la cuenta:</p>\n\n<p>BBVA BANCOMER<br />\n&Aacute;NGELA PATRICIA &Aacute;VILA ROJAS<br />\nCta <a href="tel:0199909435">0199909435</a> &nbsp;Clabe 012180001999094351</p>\n\n<p>Usa la referencia: {{referencia}}</p>\n\n<p>*Con tarjeta de cr&eacute;dito v&iacute;a PAYPAL en nuestro sistema de inscripci&oacute;n (Ojo, en pago con tarjeta aplica 5% de comisi&oacute;n).</p>\n\n<p><strong>IMPORTANTE:</strong></p>\n\n<p>**Mandar el comprobante de pago a pagos@kincamp.com indicando: nombre completo del participante, escuela y grado.</p>\n\n<p>**En caso de requerir factura se agregar&aacute; el IVA correspondiente y te pedimos nos contactes para indicarte la forma de realizar el pago**</p>|2017-08-17|2022-10-03|t|150000|Parque México|fogatajunior18|||t|24500|f|f|15|10|2019-05-08 07:42:52.250068-05|2019-05-08 07:42:52.347578-05||t||1|0|f
20362|Buena Tierra 3ro. Sec Junio 2018|2018-06-21 07:00:00-05|2018-06-24 18:00:00-05|48|109|56|http://www.kincamp.com/buenatierra|<p>El costo del campamento es de $4,900 pesos (Cuatro mil novecientos&nbsp;pesos 00/100MN).</p>\n\n<p>Estas son las fechas de pago:</p>\n\n<p><strong>1er pago $700 / del 15 al 22 de Noviembre 2017</strong></p>\n\n<p><strong>2do pago $700 / del 15 al 22 de Diciembre 2017</strong></p>\n\n<p><strong>3er pago $700 / del 15 al 19 de Enero 2018</strong></p>\n\n<p><strong>4to pago $700 / del 15 al 22 de Febrero 2018</strong></p>\n\n<p><strong>5to pago $700 / del 15 al 22 de Marzo 2018</strong></p>\n\n<p><strong>6to pago $700 / del 16 al 20 de Abril 2018</strong></p>\n\n<p><strong>Liquidaci&oacute;n $700 / del 15 al 22 de Mayo 2018</strong></p>\n\n<p>Ponemos a tu disposici&oacute;n las siguientes formas de pago:</p>\n\n<p>* En efectivo o con cheque directamente en el colegio.</p>\n\n<p>*Dep&oacute;sito o transferencia a la cuenta:</p>\n\n<p>BBVA BANCOMER<br />\n&Aacute;NGELA PATRICIA &Aacute;VILA ROJAS<br />\nCta 0199909435 &nbsp;Clabe 012180001999094351</p>\n\n<p>Usa la referencia: {{referencia}}</p>\n\n<p>*Con tarjeta de cr&eacute;dito v&iacute;a PAYPAL en nuestro sistema de inscripci&oacute;n (Ojo, en pago con tarjeta aplica 5% de comisi&oacute;n).</p>\n\n<p><strong>IMPORTANTE:</strong></p>\n\n<p>**Mandar el comprobante de pago a pagos@kincamp.com indicando: nombre completo del participante, escuela y grado.</p>\n\n<p>**En caso de requerir factura se agregar&aacute; el IVA correspondiente y te pedimos nos contactes para indicarte la forma de realizar el pago**</p>|2017-10-05|2022-10-03|t|150000|el colegio|kincampbuenatierra|||f|4900|f|f|15|7|2019-05-08 07:42:52.250068-05|2019-05-08 07:42:52.347578-05||t||1|0|f
20395|CCM 5to. Junio 2018|2018-06-18 06:30:00-05|2018-06-20 18:00:00-05|44|50|56|http://www.kincamp.com/ccm|<p>El costo del campamento es de $4,600 pesos (Cuatro mil&nbsp;seiscientos pesos 00/100MN)</p>\n\n<p><strong>La fecha l&iacute;mite de pago es el d&iacute;a&nbsp;8 de Junio 2018</strong></p>\n\n<p>Ponemos a tu disposici&oacute;n&nbsp;las siguientes formas de pago:</p>\n\n<p>*Dep&oacute;sito o transferencia a la cuenta:</p>\n\n<p>BBVA BANCOMER<br />\n&Aacute;NGELA PATRICIA &Aacute;VILA ROJAS<br />\nCta 0199909435 &nbsp;Clabe 012180001999094351</p>\n\n<p>*Con tarjeta de cr&eacute;dito v&iacute;a PAYPAL en nuestro sistema de inscripci&oacute;n (Ojo, en pago con tarjeta aplica 5% de comisi&oacute;n).</p>\n\n<p><strong>IMPORTANTE:</strong></p>\n\n<p>**Mandar el comprobante de pago a pagos@kincamp.com indicando: nombre completo del participante, escuela y grado.</p>\n\n<p>**En caso de requerir factura se agregar&aacute; el IVA correspondiente y te pedimos nos contactes para indicarte la forma de realizar el pago**</p>|2017-11-16|2022-10-03|t|150000|el colegio|kincampccm|||f|4600|f|f|7|7|2019-05-08 07:42:52.250068-05|2019-05-08 07:42:52.347578-05||t||1|0|f
20392|NCM 3ro. Sec. Mayo 2018|2018-05-25 07:00:00-05|2018-05-27 18:30:00-05|32|52|55|http://www.kincamp.com/ncm|<p>El costo del campamento es de: $3,800 (Tres mil ochocientos pesos 00/100 M.N.)</p>\n\n<p>Las fechas de pago son las siguientes:</p>\n\n<p><strong>1er pago $600 &nbsp;/ 30 de Noviembre 2017 (inscripci&oacute;n)</strong></p>\n\n<p><strong>2do pago $800 / 30 Enero 2018</strong></p>\n\n<p><strong>3er pago $800 / 28 Febrero 2018</strong></p>\n\n<p><strong>4to pago $800 / 30 Marzo 2018</strong></p>\n\n<p><strong>5to pago $800 / 30 Abril 2018 (finiquito)</strong></p>\n\n<p>Ponemos a tu disposici&oacute;n 2 formas de pago:</p>\n\n<p>*Dep&oacute;sito o transferencia a la cuenta:</p>\n\n<p>BBVA BANCOMER<br />\n&Aacute;NGELA PATRICIA &Aacute;VILA ROJAS<br />\nCta 0199909435 &nbsp;Clabe 012180001999094351</p>\n\n<p>Usa la referencia: {{referencia}}</p>\n\n<p>*Con tarjeta de cr&eacute;dito v&iacute;a PAYPAL en nuestro sistema de inscripci&oacute;n (Ojo, en pago con tarjeta aplica 5% de comisi&oacute;n).</p>\n\n<p><strong>IMPORTANTE:</strong></p>\n\n<p>**Mandar el comprobante de pago a pagos@kincamp.com indicando: nombre completo del participante, escuela y grado.</p>\n\n<p>**En caso de requerir factura se agregar&aacute; el IVA correspondiente y te pedimos nos contactes para indicarte la forma de realizar el pago**</p>|2017-11-16|2022-10-03|t|150000|el colegio|kincampncm|||t|3800|t|f|15|7|2019-05-08 07:42:52.250068-05|2019-05-08 07:42:52.347578-05||t||1|0|f
20371|Nuevo Continente Metepc 6to. Mayo 2018|2018-05-11 09:00:00-05|2018-05-13 18:30:00-05|25|52|55|http://www.kincamp.com/ncm|<p>El costo del campamento es de:</p>\n\n<p><strong>De 30 a 60 acampadores: $3,800 pesos (Tres mil ochocientos&nbsp;pesos&nbsp;00/100MN).</strong></p>\n\n<p><strong>M&aacute;s de 61 acampadores: $3,700 pesos&nbsp;(Tres mil&nbsp;setecientos&nbsp;pesos&nbsp;00/100MN).</strong></p>\n\n<p>Las fechas de pago son las siguientes:</p>\n\n<p><strong>Pago 1 (Apartado):</strong>&nbsp;1ro de noviembre $600 pesos</p>\n\n<p><strong>Pago 2:&nbsp;</strong>15 de Diciembre $800 pesos</p>\n\n<p><strong>Pago 3:</strong>&nbsp;15 de enero $800 pesos</p>\n\n<p><strong>Pago 4:</strong>&nbsp;15 de febrero $800 pesos</p>\n\n<p><strong>Pago 5 (Liquidaci&oacute;n):</strong>&nbsp;16 de marzo $800 pesos / $700 pesos (dependiendo de los participantes)</p>\n\n<p>Ponemos a tu disposici&oacute;n 2 formas de pago:</p>\n\n<p>*Dep&oacute;sito o transferencia a la cuenta:</p>\n\n<p>BBVA BANCOMER<br />\n&Aacute;NGELA PATRICIA &Aacute;VILA ROJAS<br />\nCta 0199909435 &nbsp;Clabe 012180001999094351</p>\n\n<p>*Con tarjeta de cr&eacute;dito v&iacute;a PAYPAL en nuestro sistema de inscripci&oacute;n (Ojo, en pago con tarjeta aplica 5% de comisi&oacute;n).</p>\n\n<p><strong>IMPORTANTE:</strong></p>\n\n<p>**Mandar el comprobante de pago a pagos@kincamp.com indicando: nombre completo del participante, escuela y grado.</p>\n\n<p>**En caso de requerir factura se agregar&aacute; el IVA correspondiente y te pedimos nos contactes para indicarte la forma de realizar el pago**</p>|2017-10-30|2022-10-03|t|150000|el colegio|kincampncm|||t|3800|f|f|15|7|2019-05-08 07:42:52.250068-05|2019-05-08 07:42:52.347578-05||t||1|0|f
20374|Marymount 6to. Mayo 2018|2018-05-07 09:30:00-05|2018-05-09 16:00:00-05||65|55|http://www.kincamp.com/marymount|<h4>Costos y Formas de Pago</h4>\n\n<p>El costo del campamento es de $2,800 pesos&nbsp;(Dos mil ochocientos pesos 00/100MN).</p>\n\n<p><strong>La fecha l&iacute;mite de pago es el 16 de Abril 2018</strong></p>\n\n<p>Ponemos a tu disposici&oacute;n las siguientes formas de pago:</p>\n\n<p>*Dep&oacute;sito o transferencia a la cuenta:</p>\n\n<p>BBVA BANCOMER<br />\n&Aacute;NGELA PATRICIA &Aacute;VILA ROJAS<br />\nCta 0199909435 &nbsp;Clabe 012180001999094351</p>\n\n<p>Usa la referencia: {{referencia}}</p>\n\n<p>*Con tarjeta de cr&eacute;dito v&iacute;a PAYPAL en nuestro sistema de inscripci&oacute;n (Ojo, en pago con tarjeta aplica 5% de comisi&oacute;n).</p>\n\n<p><strong>IMPORTANTE:</strong></p>\n\n<p>**Mandar el comprobante de pago a pagos@kincamp.com indicando: nombre completo del participante, escuela y grado.</p>\n\n<p>**En caso de requerir factura se agregar&aacute; el IVA correspondiente y te pedimos nos contactes para indicarte la forma de realizar el pago**</p>|2017-11-04|2022-10-03|t|150000|"Nuestra Cabaña"|kincampmarymount|||t|2800|t|f|15|7|2019-05-08 07:42:52.250068-05|2019-05-08 07:42:52.347578-05||t||1|0|f
20358|CEM Marzo 2018|2018-03-02 07:00:00-06|2018-03-04 18:00:00-06|32|57|55|http://www.kincamp.com/cem|<h4>Precios y Formas de Pago</h4>\n\n<p>El costo del campamento es de $3,600 pesos (Tres mil&nbsp;seiscientos pesos 00/100MN).</p>\n\n<p><strong>Fecha l&iacute;mite de pago y registro: Viernes 16 de Febrero 2018</strong></p>\n\n<p>Ponemos a tu disposici&oacute;n las siguientes formas de pago:</p>\n\n<p>* En efectivo o con cheque directamente en el colegio.</p>\n\n<p>*Dep&oacute;sito o transferencia a la cuenta:</p>\n\n<p>BBVA BANCOMER<br />\n&Aacute;NGELA PATRICIA &Aacute;VILA ROJAS<br />\nCta 0199909435 &nbsp;Clabe 012180001999094351</p>\n\n<p>Usa la referencia: {{referencia}}</p>\n\n<p>*Con tarjeta de cr&eacute;dito v&iacute;a PAYPAL en nuestro sistema de inscripci&oacute;n (Ojo, en pago con tarjeta aplica 5% de comisi&oacute;n).</p>\n\n<p><strong>IMPORTANTE:</strong></p>\n\n<p>**Mandar el comprobante de pago a pagos@kincamp.com indicando: nombre completo del participante, escuela y grado.</p>\n\n<p>**En caso de requerir factura se agregar&aacute; el IVA correspondiente y te pedimos nos contactes para indicarte la forma de realizar el pago**</p>|2017-09-18|2022-10-03|t|150000|el Colegio Merino|kincampcem|||t|3600|f|f|7|7|2019-05-08 07:42:52.250068-05|2019-05-08 07:42:52.347578-05||t||1|0|f
20346|North Williams Febrero 2018|2018-02-23 07:00:00-06|2018-02-25 18:00:00-06|32|136|55|http://www.kincamp.com/inw|<p>El costo del campamento es de $4,000 pesos (Cuatro mil pesos 00/100MN).</p>\n\n<p>El pago se debe realizar en la caja del colegio.</p>\n\n<p>Fechas de pago:</p>\n\n<p><strong>Pago 1 (apartado):</strong>&nbsp;1ro. de Noviembre &ndash; $500 pesos</p>\n\n<p><strong>Pago 2:</strong>&nbsp;15 de Noviembre &ndash; $500 pesos</p>\n\n<p><strong>Pago 3:</strong>&nbsp;1ro. de Diciembre &ndash;&nbsp;$500 pesos</p>\n\n<p><strong>Pago 4:</strong>&nbsp;15 de Diciembre &ndash;&nbsp;$500 pesos</p>\n\n<p><strong>Pago 5:</strong>&nbsp;2 de Enero &ndash;&nbsp;$500 pesos</p>\n\n<p><strong>Pago 6:</strong>&nbsp;15 de Enero &ndash;&nbsp;$500 pesos</p>\n\n<p><strong>Pago 7:</strong>&nbsp;2 de Febrero &ndash;&nbsp;$500 pesos</p>\n\n<p><strong>Pago 8 (Liquidaci&oacute;n):&nbsp;</strong>16 de Febrero &ndash;&nbsp;$500 pesos</p>|2017-08-17|2022-10-03|t|150000|el colegio|kincampinw|||t|3700|f|f|7|7|2019-05-08 07:42:52.250068-05|2019-05-08 07:42:52.347578-05||t||1|0|f
20330|Churchill 1ro. sec. Febrero 2018|2018-02-18 07:00:00-06|2018-02-22 18:00:00-06|25|48|55|http://www.kincamp.com/tcs|<p>El costo del campamento es de $6,100 pesos (Seis mil cien pesos&nbsp;00/100MN).</p>\n\n<p><strong>Fecha l&iacute;mite de pago: 9 de Febrero 2018</strong></p>\n\n<p>Ponemos a tu disposici&oacute;n 2 formas de pago:</p>\n\n<p>*Dep&oacute;sito o transferencia a la cuenta:</p>\n\n<p>BBVA BANCOMER<br />\n&Aacute;NGELA PATRICIA &Aacute;VILA ROJAS<br />\nCta 0199909435 &nbsp;Clabe 012180001999094351</p>\n\n<p>Usa la referencia:&nbsp;{{referencia}}&nbsp;</p>\n\n<p>*Con tarjeta de cr&eacute;dito v&iacute;a PAYPAL en nuestro sistema de inscripci&oacute;n (Ojo, en pago con tarjeta aplica 5% de comisi&oacute;n).</p>\n\n<p><strong>IMPORTANTE:</strong></p>\n\n<p>**Mandar el comprobante de pago a pagos@kincamp.com indicando: nombre completo del participante, escuela y grado.</p>\n\n<p>**En caso de requerir factura se agregar&aacute; el IVA correspondiente y te pedimos nos contactes para indicarte la forma de realizar el pago**</p>|2017-08-14|2022-10-03|t|150000|el colegio|kincamptcs|||t|6100|t|t|15|7|2019-05-08 07:42:52.250068-05|2019-05-08 07:42:52.347578-05||t||1|0|f
20935|Campamento Prueba 1|2023-04-28 17:55:00-06|2023-04-30 17:55:00-06|58|172|69|||2022-10-03|2023-04-27|t|0|.|.|||t|15000|t|f|15|15|2022-10-08 18:55:00-05|2022-10-05 18:55:00-05||t||1|0|t
20938|Yumal Piaget 1ro. primaria Octubre 2022|2022-10-08 07:00:00-05|2022-10-08 18:00:00-05||119|70|||2022-10-03|2022-10-03|t|150000|el colegio|-|||t|0|f|f|15|15|2022-10-05 23:47:00-05|2022-10-03 23:47:00-05||t||1|0|t
20937|Daycamp Piaget 1ro. primaria Octubre 2022|2022-10-07 07:00:00-05|2022-10-07 18:00:00-05||119|70|||2022-10-03|2022-10-03|t|150000|el colegio|-|||t|0|f|f|15|15|2022-10-06 18:00:00-05|2022-10-07 07:00:00-05||t||1|0|t
20871|Livingstone 6to. primaria Julio 2022|2022-07-01 07:00:00-05|2022-07-03 18:00:00-05|44|145|68|https://kincamp.com/livingstone|<p>El costo del campamento es de $5,500 pesos (Cinco mil quinientos&nbsp;pesos&nbsp;00/100MN).</p>\n\n<p><strong>La fecha l&iacute;mite de pago y registro es el 17 de junio 2022</strong></p>\n\n<p>&ndash; &ndash; &ndash; &ndash; &ndash;</p>\n\n<p><strong>Fechas de pago:</strong></p>\n\n<p>Pago 1: 29 de abril &ndash; $1,800 pesos</p>\n\n<p>Pago 2: 30 de mayo &ndash; $1,800 pesos</p>\n\n<p>Pago 3: por confirmar &ndash; $1,900 pesos</p>\n\n<p>Ponemos a tu disposici&oacute;n 2 formas de pago:</p>\n\n<p><strong>*Dep&oacute;sito o transferencia a la cuenta:</strong></p>\n\n<p>BBVA BANCOMER<br />\n&Aacute;NGELA PATRICIA &Aacute;VILA ROJAS<br />\nCta 0199909435 &nbsp;Clabe 012180001999094351</p>\n\n<p><strong>*Con tarjeta de cr&eacute;dito v&iacute;a PAYPAL en nuestro sistema de inscripci&oacute;n (Ojo, en pago con tarjeta aplica 5% de comisi&oacute;n).</strong></p>\n\n<p><strong>IMPORTANTE:</strong></p>\n\n<p>**Mandar el comprobante de pago a pagos@kincamp.com indicando: nombre completo del participante, escuela y grado.</p>\n\n<p>**En caso de requerir factura se agregar&aacute; el IVA correspondiente y te pedimos nos contactes para indicarte la forma de realizar el pago**</p>|2022-04-06|2022-10-05|t|150000|el colegio|aguilalivingstone622|||t|5500|f|f|15|15|2022-06-30 18:00:00-05|2022-04-06 14:19:00-05||f||1|0|f
20939|Kin Corp: Día de la Familia Medtronic|2022-11-12 09:00:00-06|2022-11-12 13:00:00-06|12|119|71|||2022-10-05|2022-10-05|t|150000|.|.|||t|0|f|f|15|15|2022-11-12 13:00:00-06|2022-11-12 09:00:00-06||t||1|0|t
20940|RKG Colegio Monteverde Día 1 Oct. 2022|2022-10-10 08:00:00-05|2022-10-10 14:00:00-05||119|70|||2022-10-05|2022-10-05|t|150000|-|-|||t|0|f|f|15|15|2022-10-09 17:16:00-05|2022-10-05 17:16:00-05||t||1|0|t
20941|RKG Colegio Monteverde Día 2 Oct. 2022|2022-10-11 20:00:00-05|2022-10-11 14:00:00-05||119|70|||2022-10-05|2022-10-05|t|150000|-|-|||t|0|f|f|15|15|2022-10-10 17:22:00-05|2022-10-05 17:22:00-05||t||1|0|t
20944|Campamento Prueba 4|2022-09-30 06:06:00-05|2022-10-06 06:06:00-05|58|172|69|https://www.google.com||2022-10-06|2022-10-06|t|0|.|.||https://www.google.com|t|15000|f|f|15|15|2022-10-06 06:06:00-05|2022-09-30 06:06:00-05||t||1|0|t
20945|Campamento Prueba 5|2022-10-06 06:06:00-05|2022-10-09 06:06:00-05|58|172|69|https://www.google.com||2022-10-06|2022-10-06|t|0|.|.||https://www.google.com|t|15000|f|f|15|15|2022-10-09 06:06:00-05|2022-10-06 06:06:00-05||t||1|0|t
20946|Campamento Prueba 6|2022-10-07 06:06:00-05|2022-10-09 06:06:00-05|58|172|69|https://www.google.com||2022-10-06|2022-10-06|t|0|.|.||https://www.google.com|t|15000|f|f|15|15|2022-10-09 06:06:00-05|2022-10-07 06:06:00-05||t||1|0|t
20943|Campamento Prueba 3|2022-09-30 06:06:00-05|2022-10-05 06:06:00-05|58|172|69|https://www.google.com||2022-10-06|2022-10-06|t|0|.|.||https://www.google.com|t|15000|f|f|15|15|2022-10-05 06:06:00-05|2022-09-30 06:06:00-05||t||1|0|t
20920|TCS 1ro. sec. Noviembre 2022|2022-11-22 07:00:00-06|2022-11-24 18:00:00-06|25|48|71|https://kincamp.com/tcs|<p>El costo del campamento es de $6,380* pesos (Seis mil trescientos ochenta pesos 00/100MN)&nbsp;<strong>*Incluye IVA*</strong></p>\n\n<p>Si vendr&aacute;n hermanos al campamento, Kin Camp ofrece un 10% de descuento a cada uno sobre el costo del camp.</p>\n\n<p>Fechas de pago:</p>\n\n<p>Pago 1: 3 de octubre &ndash; $2,130 pesos</p>\n\n<p>Pago 2: 17 de octubre &ndash; $2,130 pesos</p>\n\n<p>Pago 3: 3 de noviembre &ndash; $2,120 pesos</p>\n\n<p><strong>La fecha l&iacute;mite de registro es el 3 de octubre 2022 y la fecha l&iacute;mite de pago es el 3 de noviembre 2022</strong></p>\n\n<p>&ndash; Dep&oacute;sito o transferencia a cuenta:</p>\n\n<p>BBVA<br />\nKin Camp SA de CV<br />\nCta: 0146450970<br />\nClabe: 012180001464509708</p>\n\n<p>&ndash; Si quieres pagar con tarjeta de cr&eacute;dito m&aacute;ndanos un mail a info@kincamp.com y te enviaremos un bot&oacute;n de paypal. El pago con tarjeta de cr&eacute;dito tiene un 5% de comisi&oacute;n.</p>\n\n<p><strong>IMPORTANTE:&nbsp;</strong><strong>*Debes enviar el comprobante con nombre del participante, grado, colegio y datos fiscales al correo pagos@kincamp.com*</strong></p>|2022-09-20|2022-12-21|t|150000|el colegio|quetzaltcs122|||t|6380|f|f|15|15|2022-10-03 11:35:00-05|2022-09-20 11:35:00-05||f||1|0|f
20888|Kobal Junior/Senior II 2023|2023-07-30 06:00:00-06|2023-08-05 11:21:00-06|25|103|73|https://kobal.camp/jr-sr|<p>Ponemos a tu disposici&oacute;n las siguientes formas de pago:</p>\n\n<p>*Dep&oacute;sito o transferencia a la cuenta:</p>\n\n<p>BBVA BANCOMER<br />\n&Aacute;NGELA PATRICIA &Aacute;VILA ROJAS<br />\nCta 0199909435 &nbsp;Clabe 012180001999094351</p>\n\n<p>Usa la referencia: {{referencia}}</p>\n\n<p>*Con tarjeta de cr&eacute;dito v&iacute;a PAYPAL en nuestro sistema de inscripci&oacute;n (Ojo, en pago con tarjeta aplica 5% de comisi&oacute;n).</p>\n\n<p>IMPORTANTE:</p>\n\n<p>**Mandar el comprobante de pago a pagos@kincamp.com indicando: nombre completo del participante.</p>\n\n<p>**En caso de requerir factura se agregar&aacute; el IVA correspondiente y te pedimos nos contactes para indicarte la forma de realizar el pago**</p>|2022-08-04|2023-06-26|t|300000|Parque México|quetzalkobal23|||t|23100|t|f|15|15|2023-08-04 11:21:00-06|2022-08-04 12:21:00-05||t||1|0|t
20953|Piaget 2do. primaria Marzo 2023|2023-03-06 07:00:00-06|2023-03-08 18:00:00-06|34|123|72|https://kincamp.com/piaget|<p>La fecha l&iacute;mite de pago y registro es el 4 de enero 2023</p>\n\n<p>El costo del campamento es de $5,900 y se realiza directamente en el colegio.</p>|2022-10-08|2023-01-09|t|150000|el colegio|quetzalpiaget223|||t|5900|f|f|15|15|2023-05-15 13:01:00-06|2022-10-08 14:01:00-05||f||1|0|f
20952|Piaget 1ro. primaria Mayo 2023|2023-05-22 05:30:00-06|2023-05-24 17:00:00-06|9|123|72|https://kincamp.com/piaget|<p>La fecha l&iacute;mite de pago y registro es el 8 de mayo 2023.</p>\n\n<p>El costo del campamento es de $5,900 y se realiza directamente en el colegio.</p>|2022-10-08|2023-05-18|t|300000|el colegio|quetzalpiaget123|||t|5900|f|f|15|15|2022-05-20 13:59:00-05|2022-10-08 13:59:00-05||f||1|0|f
20955|Piaget 4to. primaria Enero 2023|2023-01-30 06:30:00-06|2023-02-01 17:30:00-06|45|123|72|https://kincamp.com/piaget|<p>La fecha l&iacute;mite de pago y registro es el 16 de enero 2023</p>\n\n<p>El costo del campamento es de $5,900 y se realiza directamente en el colegio.</p>|2022-10-08|2023-01-25|t|150000|el colegio|quetzalpiaget423|||t|5900|f|f|15|15|2023-01-15 14:04:00-06|2022-10-08 14:04:00-05||f||1|0|f
20951|ETON 6to. primaria Mayo 2023|2023-05-22 05:15:00-06|2023-05-26 11:00:00-06|58|20|72|https://kincamp.com/eton|<h4>El costo del campamento es de $10,788 pesos (Diez mil setecientos ochenta y ocho pesos 00/100 M.N.) Incluye IVA.</h4>\n\n<p><strong>La fecha l&iacute;mite de registro es el 4 de noviembre 2022 y la fecha l&iacute;mite de pago es el 2 de mayo 2023.&nbsp;</strong></p>\n\n<p><strong>El pago se realiza directamente en el colegio.</strong></p>|2022-10-08|2023-05-22|t|300000|el colegio|quetzaleton623|||t|10788|f|f|15|15|2022-11-04 13:10:00-06|2022-10-08 13:10:00-05||f||1|0|f
20956|Piaget 5to. primaria Enero 2023|2023-01-30 06:00:00-06|2023-02-01 18:00:00-06|25|123|72|https://kincamp.com/piaget|<p>La fecha l&iacute;mite de pago y registro es el 16 de enero 2023</p>\n\n<p>El costo del campamento es de $5,900 y se realiza directamente en el colegio.</p>|2022-10-08|2023-01-25|t|150000|el colegio|quetzalpiaget523|||t|5900|f|f|15|15|2023-02-01 14:06:00-06|2022-10-08 14:06:00-05||f||1|0|f
20949|Alexander Bain 4to. primaria Febrero 2023|2023-02-13 06:30:00-06|2023-02-17 17:00:00-06|48|173|72|https://kincamp.com/iab|<p>El costo del campamento es de $10,200 pesos (Diez mil doscientos pesos&nbsp;00/100 M.N.)</p>\n\n<p>El pago se realiza directamente en el colegio, &uacute;nicamente efectivo.</p>\n\n<p><strong>Fechas de pago:&nbsp;</strong></p>\n\n<p>Primer pago antes del 30&nbsp;de noviembre 2022- $5,000 pesos</p>\n\n<p>Segundo pago antes del 15 de enero 2023 &ndash; $5,200 pesos</p>\n\n<p><strong>La fecha l&iacute;mite de registro es el 30&nbsp;de noviembre 2022 y la fecha l&iacute;mite de pago es el 15 de enero 2023.&nbsp;</strong></p>|2022-10-08|2023-02-09|t|150000|el colegio|quetzaliab423|||t|10200|f|f|15|15|2023-02-01 01:20:00-06|2022-10-08 01:20:00-05||f||1|0|f
20948|Colegio Cuernavaca 6to. primaria Nov. 2022|2022-11-18 06:00:00-06|2022-11-21 17:00:00-06|25|137|71|https://kincamp.com/ccuernavaca|<p>El costo del campamento es de $6,400 pesos (Seis mil cuatrocientos pesos 00/100MN).</p>\n\n<p><strong>La fecha l&iacute;mite de registro es el 17 de octubre y la fecha l&iacute;mite de pago es el 15 de noviembre.</strong></p>\n\n<p>&ndash; &ndash; &ndash; &ndash; &ndash;</p>\n\n<p><strong>Fechas de pago:</strong></p>\n\n<p>Pago 1: 17 de octubre &ndash; $2,400 pesos</p>\n\n<p>Pago 2: 31 de octubre &ndash; $2,000 pesos</p>\n\n<p>Pago 3: 15 de noviembre &ndash; $2,000 pesos</p>\n\n<p>Ponemos a tu disposici&oacute;n 2 formas de pago:</p>\n\n<p><strong>*Dep&oacute;sito o transferencia</strong></p>\n\n<p><strong>*Con tarjeta de cr&eacute;dito v&iacute;a PAYPAL en nuestro sistema de inscripci&oacute;n (Ojo, en pago con tarjeta aplica 5% de comisi&oacute;n).</strong></p>\n\n<p><strong>IMPORTANTE:</strong></p>\n\n<p>**Mandar el comprobante de pago a pagos@kincamp.com indicando: nombre completo del participante, escuela y grado.</p>\n\n<p>**En caso de requerir factura se agregar&aacute; el IVA correspondiente y te pedimos nos contactes para indicarte la forma de realizar el pago**</p>|2022-10-08|2022-12-21|t|150000|el colegio|quetzalccuernavaca622|||t|6400|f|f|15|15|2022-10-17 06:00:00-05|2022-10-08 01:04:00-05||f||1|0|f
20957|Piaget 6to. primaria Junio 2023|2023-06-19 05:30:00-06|2023-06-21 16:00:00-06|48|123|72|https://kincamp.com/piaget|<p>La fecha l&iacute;mite de pago y registro est&aacute; por confirmar.</p>\n\n<p>El costo del campamento es de $5,900 y se realiza directamente en el colegio.</p>|2022-10-08|2023-06-16|t|300000|el colegio|quetzalpiaget623|||t|5900|f|f|15|15|2023-06-01 13:07:00-06|2022-10-08 14:07:00-05||t||1|0|t
20950|Alexander Bain 3ro. primaria Marzo 2023|2023-03-06 06:30:00-06|2023-03-09 17:00:00-06|25|173|72|https://kincamp.com/iab|<p>El costo del campamento es de $8,000 pesos (Ocho mil pesos 00/100 M.N.)</p>\n\n<p>El pago se realiza directamente en el colegio, &uacute;nicamente efectivo.</p>\n\n<p><strong>Fechas de pago:&nbsp;</strong></p>\n\n<p>Primer pago antes del 30 de noviembre 2022- $4,000 pesos</p>\n\n<p>Segundo pago antes del 15 de enero 2023 &ndash; $4,000 pesos</p>\n\n<p><strong>La fecha l&iacute;mite de registro es el 30 de noviembre 2022 y la fecha l&iacute;mite de pago es el 15 de enero 2023.&nbsp;</strong></p>|2022-10-08|2023-03-01|t|150000|el colegio|quetzaliab323|||t|8000|f|f|15|15|2023-02-15 01:22:00-06|2022-10-08 01:22:00-05||f||1|0|f
20917|Sierra Nevada Esmeralda 3ro. y 4to. primaria Octubre 2022|2022-10-12 06:45:00-05|2022-10-14 18:00:00-05|25|163|71|https://kincamp.com/sierranevada|<p>El costo del campamento es de $5,500 pesos (Cinco mil quinientos pesos 00/100MN).</p>\n\n<p><strong>La fecha l&iacute;mite de registro es el 30 de septiembre 2022 y la fecha l&iacute;mite de pago es el 5 de octubre 2022</strong></p>\n\n<p>&ndash; &ndash; &ndash; &ndash; &ndash;</p>\n\n<p>Ponemos a tu disposici&oacute;n 2 formas de pago:</p>\n\n<p><strong>*Dep&oacute;sito o transferencia a la cuenta:</strong></p>\n\n<p>BBVA BANCOMER<br />\n&Aacute;NGELA PATRICIA &Aacute;VILA ROJAS<br />\nCta 0199909435 &nbsp;Clabe 012180001999094351</p>\n\n<p><strong>*Con tarjeta de cr&eacute;dito v&iacute;a PAYPAL en nuestro sistema de inscripci&oacute;n (Ojo, en pago con tarjeta aplica 5% de comisi&oacute;n).</strong></p>\n\n<p><strong>IMPORTANTE:</strong></p>\n\n<p>**Mandar el comprobante de pago a pagos@kincamp.com indicando: nombre completo del participante, escuela y grado.</p>\n\n<p>**En caso de requerir factura se agregar&aacute; el IVA correspondiente y te pedimos nos contactes para indicarte la forma de realizar el pago**</p>|2022-09-19|2022-12-08|t|150000|el colegio|quetzalesmeralda3422|||t|5500|f|f|15|15|2022-09-30 18:00:00-05|2022-09-19 18:11:00-05||f||1|0|f
20904|MDLC Taller 1, Noviembre 2022|2022-11-14 06:30:00-06|2022-11-18 17:30:00-06|45|75|70|https://kincamp.com/mdlc|<h4>El costo del campamento es de $9,860 pesos con IVA incluido pagando con transferencia o dep&oacute;sito a Kin Camp y $8,500 pesos sin IVA pagando en efectivo en el colegio o en las oficinas de Kin Camp.</h4>\n\n<p><strong>La fecha l&iacute;mite de registro es el 26 de septiembre 2022</strong></p>\n\n<p><strong>La fecha l&iacute;mite de pago es el 3 de noviembre 2022</strong></p>\n\n<p>&ndash; &ndash; &ndash; &ndash; &ndash;</p>\n\n<p>Ponemos a tu disposici&oacute;n 2 formas de pago:</p>\n\n<p><strong>*En efectivo directamente en el colegio u oficina de Kin Camp (sin IVA)</strong></p>\n\n<p><strong>*Dep&oacute;sito/transferencia a la cuenta (con IVA)</strong></p>\n\n<p>BBVA<br />\nKin Camp SA de CV<br />\nCta: 0146450970<br />\nClabe: 012180001464509708</p>\n\n<p><strong>IMPORTANTE:&nbsp;</strong><strong>*Debes enviar el comprobante con nombre del participante, grado, colegio y datos fiscales al correo pagos@kincamp.com*</strong></p>|2022-09-08|2022-12-20|t|150000|el colegio|quetzalmdlc122|||t|9860|f|f|15|15|2022-10-31 18:00:00-06|2022-09-07 23:56:00-05||f||1|0|f
20866|TCS 6to. Julio 2022|2022-07-04 07:00:00-05|2022-07-07 18:00:00-05|58|48|68|https://kincamp.com/tcs|<p>El costo del campamento es de $7,540* pesos (Siete mil quinientos cuarenta pesos&nbsp;00/100MN)&nbsp;<strong>*Incluye IVA*</strong></p>\n\n<p>Costo de la prueba PCR: $750 (Setecientos cincuenta pesos 00/100 M.N.) *Pago no reembolsable*</p>\n\n<p><strong>Costo total del campamento: $8,290 pesos (Ocho mil doscientos noventa pesos 00/100 M.N.)</strong></p>\n\n<p>Si vendr&aacute;n hermanos al campamento, Kin Camp ofrece un 10% de descuento a cada uno sobre el costo del camp.</p>\n\n<p>Fechas de pago:</p>\n\n<p>Pago 1: 18 de abril &ndash; $3,000 pesos</p>\n\n<p>Pago 2: 17 de mayo &ndash; $3,000 pesos</p>\n\n<p>Pago 3: 20 de junio &ndash; $2,290 pesos</p>\n\n<p><strong>La fecha l&iacute;mite de pago y registro es el 20 de junio 2022</strong></p>\n\n<p>&ndash; Dep&oacute;sito o transferencia a cuenta:</p>\n\n<p>BBVA<br />\nKin Camp SA de CV<br />\nCta: 0146450970<br />\nClabe: 012180001464509708</p>\n\n<p>&ndash; Si quieres pagar con tarjeta de cr&eacute;dito m&aacute;ndanos un mail a info@kincamp.com y te enviaremos un bot&oacute;n de paypal. El pago con tarjeta de cr&eacute;dito tiene un 5% de comisi&oacute;n.</p>\n\n<p><strong>IMPORTANTE:&nbsp;</strong><strong>*Debes enviar el comprobante con nombre del participante, grado, colegio y datos fiscales al correo pagos@kincamp.com*</strong></p>|2022-03-30|2022-10-12|t|150000|el colegio|aguilatcs622|||t|8290|f|f|15|15|2022-07-07 18:00:00-05|2022-07-04 07:00:00-05||f||1|0|f
20998|Team Building Bosques de Santa Fe Enero 2023|2023-01-13 08:00:00-06|2023-01-13 15:00:00-06||119|75|||2022-12-29|2022-12-29|t|0|-|-|||t|0|f|f|15|15|2023-01-12 21:29:00-06|2022-12-29 21:29:00-06||t||1|0|t
20960|Team Building Lub Line de México Nov. 2022|2022-11-11 08:00:00-06|2022-11-11 15:00:00-06||119|71|||2022-10-25|2022-10-25|t|150000|-|-|||t|0|f|f|15|15|2022-11-10 10:57:00-06|2022-10-25 10:57:00-05||f||1|0|f
20916|Sierra Nevada Lomas 4to. y 5to. Febrero 2023|2023-02-08 07:30:00-06|2023-02-10 17:00:00-06|25|164|72|https://kincamp.com/sierranevada|<p>El costo del campamento es de $5,500 pesos (Cinco mil quinientos pesos 00/100MN).</p>\n\n<p><strong>La fecha l&iacute;mite de pago es el 15 de noviembre 2022 y la fecha l&iacute;mite de registro es el 25 de enero 2023</strong></p>\n\n<p>&ndash; &ndash; &ndash; &ndash; &ndash;</p>\n\n<p>Ponemos a tu disposici&oacute;n 2 formas de pago:</p>\n\n<p><strong>*Dep&oacute;sito o transferencia a la cuenta:</strong></p>\n\n<p>BBVA BANCOMER<br />\n&Aacute;NGELA PATRICIA &Aacute;VILA ROJAS<br />\nCta 0199909435 &nbsp;Clabe 012180001999094351</p>\n\n<p><strong>*Con tarjeta de cr&eacute;dito v&iacute;a PAYPAL en nuestro sistema de inscripci&oacute;n (Ojo, en pago con tarjeta aplica 5% de comisi&oacute;n).</strong></p>\n\n<p><strong>IMPORTANTE:</strong></p>\n\n<p>**Mandar el comprobante de pago a pagos@kincamp.com indicando: nombre completo del participante, escuela y grado.</p>\n\n<p>**En caso de requerir factura se agregar&aacute; el IVA correspondiente y te pedimos nos contactes para indicarte la forma de realizar el pago**</p>|2022-09-19|2023-03-22|t|150000|El colegio|quetzalsnl4522|||t|5500|f|f|15|15|2022-09-30 09:32:00-05|2022-09-19 09:32:00-05||f||1|0|f
20959|London 3ro. sec. Hikin Marzo 2023|2023-03-27 07:00:00-06|2023-03-31 18:00:00-06|64|10|72|https://kincamp.com/london|<p>El pago se realiza directamente en el colegio, la fecha l&iacute;mite de inscripci&oacute;n es el 6 de marzo 2023.</p>|2022-10-18|2023-03-31|t|150000|el colegio|quetzallondon3sec23|||t|8500|f|f|15|15|2023-03-06 22:22:00-06|2022-10-18 22:22:00-05||f||1|0|f
20965|Kin Corp: Código Feliz ERM de México|2022-12-09 16:00:00-06|2022-12-09 19:00:00-06||119|71|||2022-11-08|2022-11-08|t|150000|-|-|||t|0|f|f|15|15|2022-12-09 19:00:00-06|2022-12-09 16:00:00-06||t||1|0|t
20966|RKG CCM 1ro. primaria Enero 2023|2023-01-27 07:00:00-06|2023-01-27 18:00:00-06|65|119|75|||2022-11-08|2022-11-08|t|150000|-|-|||t|0|f|f|15|15|2023-01-26 12:33:00-06|2022-11-08 12:33:00-06||t||1|0|t
20928|CCM 4to. primaria Noviembre 2022|2022-11-09 06:30:00-06|2022-11-11 18:00:00-06|58|50|71|https://kincamp.com/ccm|<p>El costo del campamento es de $5,750 pesos (Cinco mil setecientos cincuenta pesos 00/100 M.N.)</p>\n\n<p><strong>Fechas de pago:&nbsp;</strong></p>\n\n<p>Fecha l&iacute;mite de registro, 1er pago: 14 de octubre &ndash; $2,875 pesos</p>\n\n<p>Fecha l&iacute;mite de pago: 3 de noviembre &ndash; $2,875 pesos</p>\n\n<p>Ponemos a tu disposici&oacute;n 2 formas de pago:</p>\n\n<p>*Dep&oacute;sito o transferencia a la cuenta:</p>\n\n<p>BBVA BANCOMER<br />\n&Aacute;NGELA PATRICIA &Aacute;VILA ROJAS<br />\nCta 0199909435 &nbsp;Clabe 012180001999094351</p>\n\n<p>*Con tarjeta de cr&eacute;dito v&iacute;a PAYPAL en nuestro sistema de inscripci&oacute;n (Ojo, en pago con tarjeta aplica 5% de comisi&oacute;n).</p>\n\n<p><strong>IMPORTANTE:</strong></p>\n\n<p>**Mandar el comprobante de pago a pagos@kincamp.com indicando: nombre completo del participante, escuela y grado.</p>\n\n<p>**En caso de requerir factura se agregar&aacute; el IVA correspondiente y te pedimos nos contactes para indicarte la forma de realizar el pago**</p>|2022-09-22|2022-12-20|t|150000|el colegio|quetzalccm422|||t|5750|f|f|15|15|2022-10-14 12:56:00-05|2022-09-22 12:56:00-05||f||1|0|f
21012|Piaget Prefirst Junio 2023|2023-06-26 06:15:00-06|2023-06-27 15:00:00-06|33|123|73|https://kincamp.com/piaget|<p>La fecha l&iacute;mite de pago y registro es el 27 de febrero 2023</p>\n\n<p>El costo del campamento es de $4,250 pesos y se realiza directamente en el colegio.</p>|2023-01-31|2023-06-23|t|300000|el colegio|quetzalpiagetprefirst23|||t|4250|f|f|15|15|2023-02-27 20:29:00-06|2023-01-31 20:29:00-06||f||1|0|f
20962|Rootland Marzo 2023|2023-03-24 07:00:00-06|2023-03-26 19:00:00-06|58|153|72|https://kincamp.com/rootland|<p>El costo del campamento es de $5,500 pesos (Cinco mil quinientos pesos 00/100MN).</p>\n\n<p><strong>La fecha l&iacute;mite de registro es el 30 de noviembre 2022 y la fecha l&iacute;mite de pago es el 1ro. de marzo 2023.</strong></p>\n\n<p>1er fecha de pago: 30 noviembre - $1,375</p>\n\n<p>2da fecha de pago: 15 diciembre - $1,1375</p>\n\n<p>3er fecha de pago: 31 enero - $1,375</p>\n\n<p>4ta fecha de pago: 01&nbsp; Marzo - $1,375</p>\n\n<p><strong>Ponemos a tu disposici&oacute;n 2 formas de pago:</strong></p>\n\n<p>*Dep&oacute;sito o transferencia</p>\n\n<p>*Con tarjeta de cr&eacute;dito v&iacute;a PAYPAL en nuestro sistema de inscripci&oacute;n (Ojo, en pago con tarjeta aplica 5% de comisi&oacute;n).</p>\n\n<p><strong>IMPORTANTE:</strong></p>\n\n<p>**Mandar el comprobante de pago a pagos@kincamp.com indicando: nombre completo del participante, escuela y grado.</p>\n\n<p>**En caso de requerir factura se agregar&aacute; el IVA correspondiente y te pedimos nos contactes para indicarte la forma de realizar el pago**</p>|2022-10-25|2023-04-28|t|150000|el colegio|quetzalrootland23|||t|5500|f|f|15|15|2023-03-01 11:45:00-06|2022-10-25 11:45:00-05||f||1|0|f
21001|Colegio Hebreo Maguen David Abril 2023|2023-04-25 05:30:00-06|2023-04-26 17:00:00-06|48|135|72|https://kincamp.com/chmd||2023-01-09|2023-06-07|t|150000|el colegio|quetzalmaguendavid23|||t|3700|f|f|15|15|2023-04-24 15:55:00-06|2023-01-09 16:55:00-06||f||1|0|f
20974|Team Building Grupo BAL|2022-11-18 07:00:00-06|2022-11-18 16:00:00-06||119|71|||2022-11-15|2022-11-15|t||-|-|||t|0|f|f|15|15|2022-11-18 10:42:00-06|2022-11-15 10:42:00-06||t||1|0|t
20975|Team Building Schneider Electric Nov. 2022|2022-11-29 10:00:00-06|2022-11-29 15:00:00-06||119|71|||2022-11-16|2022-11-16|t|0|-|-|||t|0|f|f|15|15|2022-11-28 18:02:00-06|2022-11-16 18:02:00-06||t||1|0|t
20972|Juvenal Rendón Junio 2023|2023-06-06 06:00:00-06|2023-06-09 17:00:00-06|48|131|73|https://kincamp.com/cjr||2022-11-10|2023-06-05|t|300000|por definir|quetzalcjr23|||t|7900|f|f|15|15|2023-06-09 17:00:00-06|2023-06-05 06:00:00-06||f||1|0|t
20986|TCS 5to. primaria Junio 2023|2023-06-19 05:30:00-06|2023-06-21 16:30:00-06|34|48|73|https://kincamp.com/tcs|<p>El costo del campamento es de $7,830 pesos (Siete mil ochocientos treinta pesos 00/100MN).&nbsp;<strong>*Incluye IVA*</strong></p>\n\n<p>Si vendr&aacute;n hermanos al campamento, Kin Camp ofrece un 10% de descuento a cada uno sobre el costo del camp.</p>\n\n<p>La fecha l&iacute;mite de registro es el 3 de abril y la fecha l&iacute;mite de pago es el 2 de junio 2023</p>\n\n<p>Las fechas de pago son:</p>\n\n<p>1er pago: 02 abril 2023 &ndash; $2,610 pesos<br />\n2do pago: 02 Mayo 2023 &ndash; $2,610 pesos<br />\n3er pago: 02 Junio 2023 &ndash; $2,610 pesos</p>\n\n<p>&ndash; Dep&oacute;sito o transferencia</p>\n\n<p>&ndash; Si quieres pagar con tarjeta de cr&eacute;dito m&aacute;ndanos un mail a info@kincamp.com y te enviaremos un bot&oacute;n de paypal. El pago con tarjeta de cr&eacute;dito tiene un 5% de comisi&oacute;n.</p>\n\n<p>IMPORTANTE:&nbsp;*Debes enviar el comprobante con nombre del participante, grado, colegio y datos fiscales al correo pagos@kincamp.com*</p>|2022-12-06|2023-06-16|t|300000|el colegio|quetzaltcs523|||t|7830|t|f|15|15|2023-06-15 22:14:00-06|2022-12-06 23:14:00-06||f||1|0|t
20976|Team Building Crea Soluciones Dic. 2022|2022-12-12 10:00:00-06|2022-12-12 15:00:00-06||119|71|||2022-11-24|2022-11-24|t|150000|-|-|||t|0|f|f|15|15|2022-12-11 14:42:00-06|2022-11-24 14:42:00-06||t||1|0|t
20977|TB Scheneider Noviembre 2022|2022-11-29 07:00:00-06|2022-11-29 15:00:00-06||119|71|||2022-11-24|2022-11-24|t|150000|-|-|||t|0|f|f|15|15|2022-11-28 14:44:00-06|2022-11-24 14:44:00-06||t||1|0|t
20978|Kin Corp: Código Feliz Diciembre 2022|2022-12-09 15:00:00-06|2022-12-09 19:00:00-06||119|71|||2022-11-24|2022-11-24|t|150000|-|-|||t|0|f|f|15|15|2022-12-08 14:46:00-06|2022-11-24 14:46:00-06||t||1|0|t
20979|Team Building Fibra Uno Dic. 2022|2022-12-12 10:00:00-06|2022-12-12 15:00:00-06||119|71|||2022-12-02|2022-12-02|t||-|-|||t|0|f|f|15|15|2022-12-11 19:24:00-06|2022-12-02 15:00:00-06||t||1|0|t
20984|TCS 3ro. primaria Mayo 2023|2023-05-29 05:30:00-06|2023-05-31 16:00:00-06|42|48|72|https://kincamp.com/tcs|<p>El costo del campamento es de $7,830 pesos (Siete mil ochocientos treinta pesos 00/100MN). *Incluye IVA*</p>\n\n<p>Si vendr&aacute;n hermanos al campamento, Kin Camp ofrece un 10% de descuento a cada uno sobre el costo del camp.</p>\n\n<p>Fechas de pago:</p>\n\n<p>Pago 1: 2&nbsp;de marzo &ndash; $2,610 pesos</p>\n\n<p>Pago 2: 17 abril &ndash; $2,610 pesos</p>\n\n<p>Pago 3: 16&nbsp;de mayo &ndash; $2,610 pesos</p>\n\n<p>La fecha l&iacute;mite de registro es el 2 de marzo y la fecha l&iacute;mite de pago es el 16 de mayo 2023</p>\n\n<p>Formas de pago:</p>\n\n<p>&ndash; Dep&oacute;sito o transferencia</p>\n\n<p>&ndash; Si quieres pagar con tarjeta de cr&eacute;dito m&aacute;ndanos un mail a info@kincamp.com y te enviaremos un bot&oacute;n de paypal. El pago con tarjeta de cr&eacute;dito tiene un 5% de comisi&oacute;n.</p>\n\n<p>IMPORTANTE: *Debes enviar el comprobante con nombre del participante, grado, colegio y datos fiscales al correo pagos@kincamp.com*</p>|2022-12-06|2023-05-29|t|300000|el colegio|quetzaltcs323|||t|7830|t|f|15|15|2023-05-15 22:13:00-06|2022-12-06 23:13:00-06||f||1|0|t
20980|Humanitree Bloom 5 - Febrero 2023|2023-02-19 07:30:00-06|2023-02-23 16:45:00-06|14|138|72|https://kincamp.com/humanitree|<p>El costo del campamento es de $17,500 pesos (Diecisiete mil quinientos pesos 00/100 M.N.)</p>\n\n<p><strong>La fecha l&iacute;mite de registro es el 18 de diciembre 2022 y la fecha l&iacute;mite de pago es el 26 de enero 2023</strong></p>\n\n<p>*Dep&oacute;sito o transferencia</p>\n\n<p><strong>IMPORTANTE:</strong></p>\n\n<p>**Mandar el comprobante de pago a pagos@kincamp.com indicando: nombre completo del participante, escuela y grado.</p>\n\n<p>**En caso de requerir factura se agregar&aacute; el IVA correspondiente y te pedimos nos contactes para indicarte la forma de realizar el pago**</p>|2022-12-02|2023-03-27|t|150000|el colegio|quetzalhumanitreeb523|||t|17500|f|f|15|15|2022-12-18 18:00:00-06|2022-12-02 19:52:00-06||f||1|0|f
20985|TCS 4to. primaria Marzo 2023|2023-03-27 07:00:00-06|2023-03-29 18:00:00-06|58|48|72|https://kincamp.com/tcs|<p>El costo del campamento es de $7,830 pesos (Siete mil ochocientos treinta pesos 00/100MN).&nbsp;<strong>*Incluye IVA*</strong></p>\n\n<p>Si vendr&aacute;n hermanos al campamento, Kin Camp ofrece un 10% de descuento a cada uno sobre el costo del camp.</p>\n\n<p><strong>La fecha l&iacute;mite de registro es el 30 de diciembre 2022 y la fecha l&iacute;mite de pago es el 10 de marzo 2023</strong></p>\n\n<p><strong>Fechas de pago:</strong></p>\n\n<p>1er pago: 20 de enero 2023 &ndash; $3,915 pesos</p>\n\n<p>2do. pago: 10 de marzo 2023 &ndash; $3,915 pesos</p>\n\n<p>&ndash; Dep&oacute;sito o transferencia a cuenta:</p>\n\n<p>&ndash; Si quieres pagar con tarjeta de cr&eacute;dito m&aacute;ndanos un mail a info@kincamp.com y te enviaremos un bot&oacute;n de paypal. El pago con tarjeta de cr&eacute;dito tiene un 5% de comisi&oacute;n.</p>\n\n<p>IMPORTANTE:&nbsp;*Debes enviar el comprobante con nombre del participante, grado, colegio y datos fiscales al correo pagos@kincamp.com*</p>|2022-12-06|2022-12-12|t|150000|el colegio|quetzaltcs423|||t|7830|t|f|15|15|2023-03-15 23:14:00-06|2022-12-06 23:14:00-06||t||1|0|t
20989|Greengates J4, Feb. 2023|2023-02-20 08:10:00-06|2023-02-23 17:00:00-06|25|22|72|https://kincamp.com/greengates|<p>The price of the camp is $9,200 pesos. Payments are made at school.</p>\n\n<p>Payment and registration deadline: February 3, 2023</p>|2022-12-12|2023-03-23|t|150000|school|quetzalgreengatesj423|||t|9200|f|f|15|15|2023-02-01 17:35:00-06|2022-12-12 17:35:00-06||f||1|0|f
20982|TCS 1ro. primaria Mayo 2023|2023-05-16 05:30:00-06|2023-05-18 17:00:00-06|32|48|72|https://kincamp.com/tcs|<p>El costo del campamento es de $7,830 pesos (Siete mil ochocientos treinta pesos 00/100MN).&nbsp;<strong>*Incluye IVA*</strong></p>\n\n<p>Si vendr&aacute;n hermanos al campamento, Kin Camp ofrece un 10% de descuento a cada uno sobre el costo del camp.</p>\n\n<p><strong>La fecha l&iacute;mite de pago y registro es el 2 de mayo 2023</strong></p>\n\n<p><strong>Fechas de pago:&nbsp;</strong></p>\n\n<p>1er pago: 20 de enero 2023 &ndash; $3,915 pesos</p>\n\n<p>2do. pago: 20 de febrero 2023 &ndash; $3,915 pesos</p>\n\n<p>&ndash; Dep&oacute;sito o transferencia a cuenta</p>\n\n<p>&ndash; Si quieres pagar con tarjeta de cr&eacute;dito m&aacute;ndanos un mail a info@kincamp.com y te enviaremos un bot&oacute;n de paypal. El pago con tarjeta de cr&eacute;dito tiene un 5% de comisi&oacute;n.</p>\n\n<p><strong>IMPORTANTE:&nbsp;</strong><strong>*Debes enviar el comprobante con nombre del participante, grado, colegio y datos fiscales al correo pagos@kincamp.com*</strong></p>|2022-12-06|2023-05-11|t|300000|el colegio|quetzaltcs123|||t|7830|t|f|15|15|2023-03-10 23:08:00-06|2022-12-06 23:08:00-06||f||1|0|t
20999|Team Building HI Tech Enero 2023|2023-01-14 08:00:00-06|2023-01-14 15:00:00-06||119|75|||2022-12-29|2022-12-29|t||-|-|||t|0|f|f|15|15|2023-01-12 21:30:00-06|2022-12-29 21:30:00-06||t||1|0|t
20997|Team Building IMTRA Enero 2023|2023-01-13 08:00:00-06|2023-01-14 15:00:00-06|25|119|75|||2022-12-29|2022-12-29|t||-|-|||t|0|f|f|15|15|2023-01-12 15:00:00-06|2023-01-13 08:00:00-06||t||1|0|t
21000|Team Building Edenred Enero 2023|2023-01-19 08:00:00-06|2023-01-19 16:00:00-06||119|75|||2022-12-29|2022-12-29|t||-|-|||t|0|f|f|15|15|2023-01-18 21:36:00-06|2022-12-29 21:36:00-06||t||1|0|t
20994|Merici 3ro. primaria Mayo 2023|2023-05-31 06:30:00-06|2023-06-02 17:00:00-06|25|27|73|https://kincamp.com/merici|<p>El costo del campamento es de $6,380 pesos (Seis mil trescientos ochenta pesos 00/100MN). &nbsp;<strong>*Incluye IVA*</strong></p>\n\n<p><strong>La fecha l&iacute;mite de pago y registro es el 15 de febrero 2023</strong></p>\n\n<p>Las fechas de pago son las siguientes:</p>\n\n<p>1er. pago &ndash; 15 de febrero: $1,595 pesos</p>\n\n<p>2do. pago &ndash; 15 de marzo: $1,595 pesos</p>\n\n<p>3er pago &ndash; 17 de abril: $1,595 pesos</p>\n\n<p>4to pago &ndash; 17 de mayo: $1,595 pesos</p>\n\n<p>&ndash; &ndash; &ndash; &ndash; &ndash;</p>\n\n<p><strong>*Dep&oacute;sito o transferencia</strong></p>\n\n<p>*<strong>Puedes pagar directamente en las cajas del colegio sin IVA.</strong></p>\n\n<p>&ndash; Si quieres pagar con tarjeta de cr&eacute;dito m&aacute;ndanos un mail a info@kincamp.com y te enviaremos un bot&oacute;n de paypal. El pago con tarjeta de cr&eacute;dito tiene un 5% de comisi&oacute;n.</p>\n\n<p><strong>IMPORTANTE:&nbsp;</strong><strong>*Debes enviar el comprobante con nombre del participante, grado, colegio y datos fiscales al correo pagos@kincamp.com*</strong></p>|2022-12-25|2023-05-26|t|300000|el colegio|quetzalmerici323|||t|6380|t|f|15|15|2023-05-17 22:22:00-06|2022-12-25 23:22:00-06||f||1|0|t
20991|Humanitree Hive 1 - Marzo 2023|2023-03-26 08:30:00-06|2023-03-30 18:00:00-06|48|138|72|https://kincamp.com/humanitree|<p>El costo del campamento es de $10,900 pesos (Diez mil novecientos pesos 00/100MN).</p>\n\n<p>La fecha l&iacute;mite de pago y registro es el 4 de marzo 2023.</p>\n\n<p>&ndash; &ndash; &ndash; &ndash; &ndash;</p>\n\n<p>Ponemos a tu disposici&oacute;n 2 formas de pago:</p>\n\n<p><strong>*Dep&oacute;sito o transferencia </strong></p>\n\n<p><strong>*Con tarjeta de cr&eacute;dito v&iacute;a PAYPAL en nuestro sistema de inscripci&oacute;n (Ojo, en pago con tarjeta aplica 5% de comisi&oacute;n).</strong></p>\n\n<p><strong>IMPORTANTE:</strong></p>\n\n<p>**Mandar el comprobante de pago a pagos@kincamp.com indicando: nombre completo del participante, escuela y grado.</p>\n\n<p>**En caso de requerir factura se agregar&aacute; el IVA correspondiente y te pedimos nos contactes para indicarte la forma de realizar el pago**</p>|2022-12-15|2023-04-28|t|150000|el colegio|quetzalhumanitreehive123|||t|10900|f|f|15|15|2023-03-04 11:35:00-06|2022-12-15 11:35:00-06||f||1|0|f
20993|CEM Abril 2023|2023-04-28 06:00:00-06|2023-04-30 17:00:00-06|68|57|72|https://kincamp.com/cem|<p>El costo del campamento es de $5,500 pesos (Cinco mil quinientos pesos 00/100 M.N).</p>\n\n<p>Fechas de pago:</p>\n\n<p>Pago 1: 15 de febrero - $1,375 pesos</p>\n\n<p>Pago 2: 15 de marzo&nbsp;- $1,375 pesos</p>\n\n<p>Pago 3: 31 de marzo&nbsp;- $1,375 pesos</p>\n\n<p>Pago 4: 17 de abril&nbsp;- $1,375 pesos</p>\n\n<p>Fecha l&iacute;mite de pago y registro: 17 de abril&nbsp;2023</p>\n\n<p><strong>Formas de pago:</strong></p>\n\n<p>*En efectivo en el colegio</p>\n\n<p>*Dep&oacute;sito o transferencia</p>\n\n<p>*Con tarjeta de cr&eacute;dito v&iacute;a PAYPAL en nuestro sistema de inscripci&oacute;n (Ojo, en pago con tarjeta aplica 5% de comisi&oacute;n).</p>\n\n<p><strong>IMPORTANTE:</strong></p>\n\n<p>**Mandar el comprobante de pago a pagos@kincamp.com indicando: nombre completo del participante, escuela y grado.</p>\n\n<p>**En caso de requerir factura se agregar&aacute; el IVA correspondiente y te pedimos nos contactes para indicarte la forma de realizar el pago**</p>|2022-12-25|2023-06-07|t|150000|el colegio|quetzalcem23|||t|5500|f|f|15|15|2023-03-31 23:11:00-06|2022-12-25 23:11:00-06||f||1|0|f
20996|Merici 5to. primaria Junio 2023|2023-06-27 05:30:00-06|2023-06-29 17:00:00-06|48|27|73|https://kincamp.com/merici|<p>El costo del campamento es de $6,380 pesos (Seis mil trescientos ochenta pesos 00/100MN).&nbsp;<strong>*Incluye IVA*</strong></p>\n\n<p><strong>La fecha l&iacute;mite de pago y registro es el 15 de febrero 2023</strong></p>\n\n<p>Las fechas de pago son las siguientes:</p>\n\n<p>1er. pago &ndash; 15 de febrero: $1,276 pesos</p>\n\n<p>2do. pago &ndash; 15 de marzo: $1,276 pesos</p>\n\n<p>3er pago &ndash; 17 de abril: $1,276 pesos</p>\n\n<p>4to pago &ndash; 16 de mayo: $1,276 pesos</p>\n\n<p>5to. pago &ndash; 13 de junio: $1,276 pesos</p>\n\n<p>&ndash; &ndash; &ndash; &ndash; &ndash;</p>\n\n<p><strong>*Dep&oacute;sito o transferencia </strong></p>\n\n<p>*<strong>Puedes pagar directamente en las cajas del colegio sin IVA.</strong></p>\n\n<p>&ndash; Si quieres pagar con tarjeta de cr&eacute;dito m&aacute;ndanos un mail a info@kincamp.com y te enviaremos un bot&oacute;n de paypal. El pago con tarjeta de cr&eacute;dito tiene un 5% de comisi&oacute;n.</p>\n\n<p><strong>IMPORTANTE: *Debes enviar el comprobante con nombre del participante, grado, colegio y datos fiscales al correo pagos@kincamp.com*</strong></p>|2022-12-25|2023-07-10|t|300000|Palo Alto|quetzalmerici523|||t|6380|f|f|15|15|2023-06-13 22:31:00-06|2022-12-25 23:31:00-06||f||1|0|f
20992|Humanitree Hive 3 - Marzo 2023|2023-03-05 04:30:00-06|2023-03-09 19:30:00-06|69|138|72|https://kincamp.com/humanitree|<p>El costo del campamento es de $27,300 pesos (Veintisiete mil trescientos pesos 00/100MN).</p>\n\n<p>- $23,800 pesos por concepto del campamento y $3,500 pesos por concepto del avi&oacute;n</p>\n\n<p>La fecha l&iacute;mite de pago y registro es el 16 de febrero 2023.</p>\n\n<p>&ndash; &ndash; &ndash; &ndash;</p>\n\n<p>Ponemos a tu disposici&oacute;n 2 formas de pago:</p>\n\n<p><strong>*Dep&oacute;sito o transferencia</strong></p>\n\n<p><strong>*Con tarjeta de cr&eacute;dito v&iacute;a PAYPAL en nuestro sistema de inscripci&oacute;n (Ojo, en pago con tarjeta aplica 5% de comisi&oacute;n).</strong></p>\n\n<p><strong>IMPORTANTE:</strong></p>\n\n<p>**Mandar el comprobante de pago a pagos@kincamp.com indicando: nombre completo del participante, escuela y grado.</p>\n\n<p>**En caso de requerir factura se agregar&aacute; el IVA correspondiente y te pedimos nos contactes para indicarte la forma de realizar el pago**</p>|2022-12-15|2023-04-27|t|150000|AICM, Terminal 2, Puerta 7|quetzalhumanitreehive323|||f|27300|f|f|15|15|2023-02-16 11:38:00-06|2022-12-15 11:38:00-06||f||1|0|f
21002|Team Building PUNTO Enero 2023|2023-01-19 08:00:00-06|2023-01-19 16:00:00-06||119|72|||2023-01-15|2023-01-15|t|0|-|-|||t|0|f|f|15|15|2023-01-18 14:40:00-06|2023-01-15 14:40:00-06||t||1|0|t
20970|CCM 3ro. sec. Junio 2023|2023-06-20 05:30:00-06|2023-06-23 17:00:00-06|67|50|73|https://kincamp.com/ccm|<p>El costo del camp es de $8,750 pesos (Ocho mil setecientos cincuenta pesos 00/100 M.N.)</p>\n\n<p>Las fechas de pago son:&nbsp;</p>\n\n<p>1er pago: 30 de abril - $2,900 pesos&nbsp;</p>\n\n<p>2do pago: 17 de mayo - $2,900 pesos</p>\n\n<p>3er pago: 5 de junio - $2,950 pesos</p>\n\n<p>La fecha l&iacute;mite de registro es el 30 de abril y la fecha l&iacute;mite de pago es el 5 de junio 2023</p>\n\n<p><strong>Ponemos a tu disposici&oacute;n 2 formas de pago:</strong></p>\n\n<p>*Dep&oacute;sito o transferencia</p>\n\n<p>*Con tarjeta de cr&eacute;dito v&iacute;a PAYPAL en nuestro sistema de inscripci&oacute;n (Ojo, en pago con tarjeta aplica 5% de comisi&oacute;n).</p>\n\n<p><strong>IMPORTANTE:</strong></p>\n\n<p>**Mandar el comprobante de pago a pagos@kincamp.com indicando: nombre completo del participante, escuela y grado.</p>\n\n<p>**En caso de requerir factura se agregar&aacute; el IVA correspondiente y te pedimos nos contactes para indicarte la forma de realizar el pago**</p>|2022-11-08|2023-06-16|t|300000|el colegio|quetzalccm3sec23|||t|8750|t|f|15|15|2023-06-15 12:11:00-06|2022-11-08 13:11:00-06||t||1|0|t
21004|Sierra Nevada Interlomas 4to. y 5to. primaria Feb. 2023|2023-02-28 07:30:00-06|2023-03-02 18:00:00-06|25|166|72|https://kincamp.com/sierranevada|<p>El costo del campamento es de $5,500 pesos (Cinco mil quinientos pesos 00/100MN).</p>\n\n<p><strong>La fecha l&iacute;mite de pago y registro es el 15 de febrero 2023.</strong></p>\n\n<p>1er pago: 31 de enero &ndash; $2,750 pesos</p>\n\n<p>2do pago: 15 de febrero &ndash; $2,750 pesos</p>\n\n<p>&ndash; &ndash; &ndash; &ndash; &ndash;</p>\n\n<p>Ponemos a tu disposici&oacute;n 2 formas de pago:</p>\n\n<p><strong>*Dep&oacute;sito o transferencia</strong></p>\n\n<p><strong>*Con tarjeta de cr&eacute;dito v&iacute;a PAYPAL en nuestro sistema de inscripci&oacute;n (Ojo, en pago con tarjeta aplica 5% de comisi&oacute;n).</strong></p>\n\n<p><strong>IMPORTANTE:</strong></p>\n\n<p>**Mandar el comprobante de pago a pagos@kincamp.com indicando: nombre completo del participante, escuela y grado.</p>\n\n<p>**En caso de requerir factura se agregar&aacute; el IVA correspondiente y te pedimos nos contactes para indicarte la forma de realizar el pago**</p>|2023-01-21|2023-03-22|t|150000|el colegio|quetzalinterlomas4523|||t|5500|f|f|15|15|2023-02-15 22:13:00-06|2023-01-21 22:13:00-06||f||1|0|f
20963|Marymount Prepa Febrero 2023|2023-02-02 07:00:00-06|2023-02-06 17:30:00-06|25|65|72|https://grupo-kin.com/marymount|<p>El costo del campamento es de $11,250 pesos (Once mil doscientos cincuenta pesos 00/100MN).</p>\n\n<p>Las fechas de pago son las siguientes:</p>\n\n<p>Inscripci&oacute;n: 18 de noviembre - $3,750&nbsp;pesos</p>\n\n<p>Pago 2: 15 de diciembre 2022 - $3,750 pesos</p>\n\n<p>Pago 3: 16&nbsp;de enero 2023 - $3,750 pesos</p>\n\n<p><strong>La fecha l&iacute;mite de registro es el 18 de noviembre y la fecha l&iacute;mite de pago es el 15 de enero 2023</strong></p>\n\n<p>*Dep&oacute;sito o transferencia&nbsp;<br />\n<br />\n*Con tarjeta de cr&eacute;dito v&iacute;a PAYPAL en nuestro sistema de inscripci&oacute;n (Ojo, en pago con tarjeta aplica 5% de comisi&oacute;n).<br />\n<br />\nIMPORTANTE:<br />\n<br />\n**Mandar el comprobante de pago a pagos@kincamp.com indicando: nombre completo del participante, escuela y grado. Se deber&aacute; llevar el comprobante a las mam&aacute;s del comit&eacute; en las fechas y horarios establecidos.<br />\n<br />\n**En caso de requerir factura se agregar&aacute; el IVA correspondiente y te pedimos nos contactes para indicarte la forma de realizar el pago** *M&iacute;nimo 30 participantes*</p>|2022-10-28|2023-03-22|t|150000|el colegio|quetzalmarymountprepa23|||t|11250|f|f|15|15|2022-11-18 14:07:00-06|2022-10-28 14:07:00-05||f||1|0|f
21026|Aristos de Metepec 3ro. sec. Junio 2023|2023-06-02 06:00:00-06|2023-06-04 17:00:00-06|25|130|73|https://kincamp.com/aristos|<p>El costo del campamento es de $5,500 pesos (Cinco mil quinientos pesos 00/100MN).</p>\n\n<p>1er pago: 28 de marzo - $1,900 pesos</p>\n\n<p>2do pago: 28 de abril - $1,800 pesos</p>\n\n<p>4to pago: 17 de mayo - $1,800 pesos</p>\n\n<p>La fecha l&iacute;mite de pago y registro es el 17 de mayo 2023</p>\n\n<p>Ponemos a tu disposici&oacute;n 2 formas de pago:</p>\n\n<p>*Dep&oacute;sito o transferencia</p>\n\n<p>*Con tarjeta de cr&eacute;dito v&iacute;a PAYPAL en nuestro sistema de inscripci&oacute;n (Ojo, en pago con tarjeta aplica 5% de comisi&oacute;n).</p>\n\n<p><strong>IMPORTANTE:</strong></p>\n\n<p>**Mandar el comprobante de pago a pagos@kincamp.com indicando: nombre completo del participante, escuela y grado.</p>\n\n<p>**En caso de requerir factura se agregar&aacute; el IVA correspondiente y te pedimos nos contactes para indicarte la forma de realizar el pago**</p>|2023-03-06|2023-05-03|f|300000|el colegio|quetzalaristos23|||f|5500|t|f|15|15|2023-03-29 19:04:00-06|2023-03-06 19:04:00-06||t||1|0|t
20995|Merici 4to. primaria Abril 2023|2023-04-25 05:30:00-06|2023-04-27 17:00:00-06|58|27|73|https://kincamp.com/merici|<p>El costo del campamento es de $6,380 pesos (Seis mil trescientos ochenta pesos 00/100MN). &nbsp;<strong>*Incluye IVA*</strong></p>\n\n<p><strong>La fecha l&iacute;mite de pago y registro es el 23 de enero 2023</strong></p>\n\n<p>Las fechas de pago son las siguientes:</p>\n\n<p>1er. pago &ndash; 23 de enero: $2,380 pesos<br />\n2do. pago &ndash; 20 de febrero: $2,000 pesos<br />\n3er. pago &ndash; 27 de marzo: $2,000 pesos</p>\n\n<p>&ndash; &ndash; &ndash; &ndash; &ndash;</p>\n\n<p><strong>*Dep&oacute;sito o transferencia</strong></p>\n\n<p>*<strong>Puedes pagar directamente en las cajas del colegio sin IVA.</strong></p>\n\n<p>&ndash; Si quieres pagar con tarjeta de cr&eacute;dito m&aacute;ndanos un mail a info@kincamp.com y te enviaremos un bot&oacute;n de paypal. El pago con tarjeta de cr&eacute;dito tiene un 5% de comisi&oacute;n.</p>\n\n<p><strong>IMPORTANTE:&nbsp;</strong><strong>*Debes enviar el comprobante con nombre del participante, grado, colegio y datos fiscales al correo pagos@kincamp.com*</strong></p>|2022-12-25|2023-06-06|t|150000|Calle Palo Alto, esquina con Carretera Federal|quetzalmerici423|||t|6380|f|f|15|15|2023-03-31 23:23:00-06|2022-12-25 23:23:00-06||f||1|0|f
21006|Capacitación Nuevos Kines 2023|2023-01-28 07:00:00-06|2023-01-29 20:00:00-06|25|104|75|||2023-01-23|2023-01-23|t|0|Parque México frente a la Mujer Dormida|Por definir|||t|0|f|f|15|15|2023-01-25 15:28:00-06|2023-01-23 15:28:00-06||t||1|0|t
21009|Nuevo Continente CDMX 2do. primaria Junio 2023|2023-06-15 06:00:00-06|2023-06-17 17:00:00-06|25|176|73|https://kincamp.com/nc|<p>El costo del campamento es de $5,500 pesos (Cinco mil quinientos pesos&nbsp;00/100MN).</p>\n\n<p><strong>La fecha l&iacute;mite de pago y registro es el 2 de mayo 2023</strong></p>\n\n<p>&ndash; &ndash; &ndash; &ndash; &ndash;</p>\n\n<p><strong>Fechas de pago:</strong></p>\n\n<p>1er pago: 20 de febrero &ndash; $1,800 pesos</p>\n\n<p>2do pago: 20 de marzo &ndash; $1,800 pesos</p>\n\n<p>3er pago: 2 de mayo &ndash; $1,900 pesos</p>\n\n<p>Ponemos a tu disposici&oacute;n 2 formas de pago:</p>\n\n<p><strong>*Dep&oacute;sito o transferencia</strong></p>\n\n<p><strong>*Con tarjeta de cr&eacute;dito v&iacute;a PAYPAL en nuestro sistema de inscripci&oacute;n (Ojo, en pago con tarjeta aplica 5% de comisi&oacute;n).</strong></p>\n\n<p><strong>IMPORTANTE:</strong></p>\n\n<p>**Mandar el comprobante de pago a pagos@kincamp.com indicando: nombre completo del participante, escuela y grado.</p>\n\n<p>**En caso de requerir factura se agregar&aacute; el IVA correspondiente y te pedimos nos contactes para indicarte la forma de realizar el pago**</p>|2023-01-25|2023-05-03|f|300000|el colegio|quetzalnc223|||f|5500|t|f|15|15|2023-06-02 19:42:00-06|2023-01-25 20:42:00-06||t||1|0|t
21011|TML 6to. Mayo 2023|2023-05-05 07:30:00-06|2023-05-07 17:00:00-06|58|128|72|https://kincamp.com/tml|<p>El costo del campamento es de $5,900 pesos (Cinco mil novecientos pesos 00/100MN).</p>\n\n<p><strong>La fecha l&iacute;mite de registro es el 20 de febrero y la fecha l&iacute;mite de pago es el 21 de abril 2023</strong></p>\n\n<p>Las fechas de pago son:</p>\n\n<p>1er. pago &ndash; 20 febrero $2,000</p>\n\n<p>2do. pago &ndash; 20 marzo $2,000</p>\n\n<p>3er. pago &ndash; 21 abril $1,900</p>\n\n<p>&ndash; &ndash; &ndash; &ndash; &ndash;</p>\n\n<p>Ponemos a tu disposici&oacute;n 2 formas de pago:</p>\n\n<p><strong>*Dep&oacute;sito o transferencia</strong></p>\n\n<p><strong>*Con tarjeta de cr&eacute;dito v&iacute;a PAYPAL en nuestro sistema de inscripci&oacute;n (Ojo, en pago con tarjeta aplica 5% de comisi&oacute;n).</strong></p>\n\n<p><strong>IMPORTANTE:</strong></p>\n\n<p>**Mandar el comprobante de pago a pagos@kincamp.com indicando: nombre completo del participante, escuela y grado.</p>\n\n<p>**En caso de requerir factura se agregar&aacute; el IVA correspondiente y te pedimos nos contactes para indicarte la forma de realizar el pago**</p>|2023-01-31|2023-05-03|t|300000|el colegio|quetzaltml623|||t|5900|t|f|15|15|2023-04-21 19:12:00-06|2023-01-31 20:12:00-06||t||1|0|t
21032|Team Building SIGNA Abril 2023|2023-04-05 07:00:00-06|2023-04-05 15:00:00-06||119|72|||2023-03-22|2023-03-22|t|150000|-|-|||t|0|f|f|15|15|2023-04-04 09:25:00-06|2023-03-22 10:25:00-06||t||1|0|t
21027|Greengates J2 Mayo 2023|2023-05-02 07:10:00-06|2023-05-04 16:00:00-06|48|22|73|https://kincamp.com/greengates|<p>The price of the camp is $7,150 pesos. Payments are made at school.</p>\n\n<p>Final payment date is Friday 21st April. Registration deadline: April 18, 2023</p>|2023-03-06|2023-05-03|t|300000|el colegio|quetzalgreengatesj223|||t|7150|f|f|15|15|2023-04-18 18:11:00-06|2023-03-06 19:11:00-06||f||1|0|f
21031|Greengates J5 April 2023|2023-04-24 07:10:00-06|2023-04-27 16:00:00-06|32|22|72|https://kincamp.com/greengates|<p>Price of the camp to be confirmed. Payments are made at school.</p>\n\n<p>Payment and registration deadline to be confirmed</p>|2023-03-15|2023-06-07|t|150000|El colegio|quetzalgreengatesj523|||t|10120|f|f|15|15|2023-04-15 12:46:00-06|2023-03-15 13:46:00-06||f||1|0|f
21013|Capacitación Primer Respondiente Febrero 2023|2023-02-11 10:00:00-06|2023-02-11 14:00:00-06|4|104|75|||2023-02-01|2023-02-12|t|0|Oficina Kincampera|masadelante|||t|0|f|f|15|15|2023-02-11 14:00:00-06|2023-02-11 10:00:00-06||t||1|0|t
21028|Piaget 1ro. secundaria Mayo 2023|2023-05-16 05:00:00-06|2023-05-19 16:30:00-06|64|123|73|https://kincamp.com/piaget|<p>La fecha l&iacute;mite de registro es el 28 de marzo 2023</p>\n\n<p>El costo del campamento es de $8,650 pesos y se realiza directamente en el colegio.</p>|2023-03-06|2023-05-12|t|300000|el colegio|quetzalpiaget1sec23|||t|8650|f|f|15|15|2023-03-28 19:48:00-06|2023-03-06 19:48:00-06||f||1|0|f
20969|CCM 6to. primaria Marzo 2023|2023-03-13 06:30:00-06|2023-03-15 17:30:00-06|45|50|72|https://kincamp.com/ccm|<p>El costo del campamento es de $5,750 pesos (Cinco mil setecientos cincuenta pesos 00/100MN).</p>\n\n<p><strong>La fecha l&iacute;mite de registro es el 15 de febrero 2023 y la fecha l&iacute;mite de pago es el 28 de febrero 2023</strong></p>\n\n<p>Las fechas de pago son las siguientes:</p>\n\n<p>Pago 1: 15 de febrero &ndash; $2,750 pesos</p>\n\n<p>Pago 2: 28 de febrero &ndash; $3,000 pesos</p>\n\n<p>Ponemos a tu disposici&oacute;n 2 formas de pago:</p>\n\n<p>*Dep&oacute;sito o transferencia</p>\n\n<p>*Con tarjeta de cr&eacute;dito v&iacute;a PAYPAL en nuestro sistema de inscripci&oacute;n (Ojo, en pago con tarjeta aplica 5% de comisi&oacute;n).</p>\n\n<p><strong>IMPORTANTE:</strong></p>\n\n<p>**Mandar el comprobante de pago a pagos@kincamp.com indicando: nombre completo del participante, escuela y grado.</p>\n\n<p>**En caso de requerir factura se agregar&aacute; el IVA correspondiente y te pedimos nos contactes para indicarte la forma de realizar el pago**</p>|2022-11-08|2023-04-27|t|150000|el colegio|quetzalccm323|||t|5750|f|f|15|15|2023-03-01 13:01:00-06|2022-11-08 13:01:00-06||f||1|0|f
21034|CIMAT Junio 2023|2023-06-30 05:30:00-06|2023-07-02 16:00:00-06|32|76|72|https://kincamp.com/cimat|<p>El costo del campamento es de $6,500 pesos (Seis mil quinientos pesos 00/100 M.N.)</p>\n\n<p>Las fechas de pago son:</p>\n\n<p>Pago 1: 2 de mayo &ndash; $1,625 pesos</p>\n\n<p>Pago 2: 17 de mayo &ndash; $1,625 pesos</p>\n\n<p>Pago 3: 31 de mayo &ndash; $1,625 pesos</p>\n\n<p>Pago 4: 17 de junio &ndash; $1,625 pesos</p>\n\n<p><strong>La fecha l&iacute;mite de registro es el 2 de mayo y la fecha l&iacute;mite de pago es el 17 de junio 2023</strong></p>\n\n<p>Ponemos a tu disposici&oacute;n 2 formas de pago:</p>\n\n<p>*Dep&oacute;sito o transferencia</p>\n\n<p>*Con tarjeta de cr&eacute;dito v&iacute;a PAYPAL en nuestro sistema de inscripci&oacute;n (Ojo, en pago con tarjeta aplica 5% de comisi&oacute;n).</p>\n\n<p><strong>IMPORTANTE:</strong></p>\n\n<p>**Mandar el comprobante de pago a pagos@kincamp.com indicando: nombre completo del participante, escuela y grado.</p>\n\n<p>**En caso de requerir factura se agregar&aacute; el IVA correspondiente y te pedimos nos contactes para indicarte la forma de realizar el pago**</p>|2023-03-22|2023-06-27|t|300000|el colegio|quetzalcimat23|||t|6500|t|f|15|15|2023-06-15 10:02:00-06|2023-03-22 11:02:00-06||t||1|0|t
21016|London Prefirst Julio 2023|2023-07-10 08:00:00-06|2023-07-11 15:00:00-06|34|10|73|https://kincamp.com/london|<p>El costo del camp es de $4,100 pesos y el pago se realiza directamente en el colegio.</p>\n\n<p><strong>Fecha l&iacute;mite de registro: 27 de febrero 2023</strong></p>|2023-02-09|2023-07-06|t|300000|Rancho Diego|quetzallondonprefirst23|||t|4100|f|f|15|15|2023-05-15 17:40:00-06|2023-02-09 18:40:00-06||f||1|0|t
20779|Kobal Senior 2022|2022-07-17 06:30:00-05|2022-07-30 12:00:00-05|45|103|68|https://kobal.camp/sr|<p>Ponemos a tu disposici&oacute;n las siguientes formas de pago:</p>\n\n<p>*Dep&oacute;sito o transferencia a la cuenta:</p>\n\n<p>BBVA BANCOMER<br />\n&Aacute;NGELA PATRICIA &Aacute;VILA ROJAS<br />\nCta <a href="tel:0199909435">0199909435</a> &nbsp;Clabe 012180001999094351</p>\n\n<p>Usa la referencia: {{referencia}}</p>\n\n<p>*Con tarjeta de cr&eacute;dito v&iacute;a PAYPAL en nuestro sistema de inscripci&oacute;n (Ojo, en pago con tarjeta aplica 5% de comisi&oacute;n).</p>\n\n<p><strong>IMPORTANTE:</strong></p>\n\n<p>**Mandar el comprobante de pago a pagos@kincamp.com indicando: nombre completo del participante.</p>\n\n<p>**En caso de requerir factura se agregar&aacute; el IVA correspondiente y te pedimos nos contactes para indicarte la forma de realizar el pago**</p>|2021-07-26|2023-02-08|t|150000|Parque México|aguilakobalsr22|||f|37500|f|f|15|15|2022-08-10 18:00:00-05|2021-07-26 16:36:00-05||f||1|0|f
21024|Sierra Nevada Lomas 6to. primaria Junio 2023|2023-06-21 07:00:00-06|2023-06-23 17:00:00-06|48|164|73|https://kincamp.com/sierranevada|<p>El costo del campamento es de $5,500 pesos (Cinco mil quinientos pesos 00/100MN).</p>\n\n<p><strong>La fecha l&iacute;mite de registro es el 1ro de marzo y la fecha l&iacute;mite de pago es el 5 de junio 2023</strong></p>\n\n<p>&ndash; &ndash; &ndash; &ndash; &ndash;</p>\n\n<p>Las fechas de pago son las siguientes:</p>\n\n<p>Pago 1: 1ro de marzo &ndash; $1,900 pesos</p>\n\n<p>Pago 2: 2 de mayo &ndash; $1,800 pesos</p>\n\n<p>Pago 3: 5 de junio &ndash; $1,800 pesos</p>\n\n<p>Ponemos a tu disposici&oacute;n 2 formas de pago:</p>\n\n<p><strong>*Dep&oacute;sito o transferencia</strong></p>\n\n<p><strong>*Con tarjeta de cr&eacute;dito v&iacute;a PAYPAL en nuestro sistema de inscripci&oacute;n (Ojo, en pago con tarjeta aplica 5% de comisi&oacute;n).</strong></p>\n\n<p><strong>IMPORTANTE:</strong></p>\n\n<p>**Mandar el comprobante de pago a pagos@kincamp.com indicando: nombre completo del participante, escuela y grado.</p>\n\n<p>**En caso de requerir factura se agregar&aacute; el IVA correspondiente y te pedimos nos contactes para indicarte la forma de realizar el pago**</p>|2023-02-17|2023-06-18|t|300000|el colegio|quetzallomas623|||t|5500|t|f|15|15|2023-06-05 14:59:00-06|2023-02-17 15:59:00-06||t||1|0|t
21003|Regina 6to. primaria Yumal Junio 2023|2023-06-02 14:30:00-06|2023-06-04 13:00:00-06|58|15|73|https://kincamp.com/regina|<p>El costo del campamento es de $9,500 pesos (Nueve mil quinientos pesos 00/100MN) por pareja (padre e hija) con transporte inclu&iacute;do.</p>\n\n<p>El costo por&nbsp;hija extra es de $4,500 pesos</p>\n\n<p><strong>La fecha l&iacute;mite de pago y registro es el 16 de mayo 2023</strong></p>\n\n<p>&ndash; &ndash; &ndash; &ndash; &ndash;</p>\n\n<p><strong>Fechas de pago:</strong></p>\n\n<p>1er pago: 15 febrero &ndash; $2,375</p>\n\n<p>2do pago: 15 marzo &ndash; $2,375</p>\n\n<p>3er pago: 17 abril &ndash; $2,375</p>\n\n<p>4to pago: 16 mayo &ndash; $2,375</p>\n\n<p>Ponemos a tu disposici&oacute;n 2 formas de pago:</p>\n\n<p><strong>*Dep&oacute;sito o transferencia</strong></p>\n\n<p><strong>*Con tarjeta de cr&eacute;dito v&iacute;a PAYPAL en nuestro sistema de inscripci&oacute;n (Ojo, en pago con tarjeta aplica 5% de comisi&oacute;n).</strong></p>\n\n<p><strong>IMPORTANTE:</strong></p>\n\n<p>**Mandar el comprobante de pago a pagos@kincamp.com indicando: nombre completo del participante, escuela y grado.</p>\n\n<p>**En caso de requerir factura se agregar&aacute; el IVA correspondiente y te pedimos nos contactes para indicarte la forma de realizar el pago**</p>|2023-01-21|2023-05-03|t|300000|el colegio|quetzalregina623|||t|9500|t|f|15|15|2023-05-16 20:46:00-06|2023-01-21 21:46:00-06||t||1|0|t
21018|Toiras Or Hayajim Febrero 2023|2023-02-22 07:00:00-06|2023-02-23 18:00:00-06||177|72|https://kincamp.com/toiras||2023-02-13|2023-02-13|t|150000|el colegio|quetzaltoiras23|||t|0|f|f|15|15|2023-02-20 19:16:00-06|2023-02-13 19:16:00-06||f||1|0|t
21021|RKG Maguen David 5to. primaria Mayo 2023|2023-05-14 08:00:00-06|2023-05-14 12:00:00-06|65|135|72|||2023-02-14|2023-05-13|t|300000|el colegio|quetzalchmd523|||t|0|f|f|15|15|2023-05-13 19:58:00-06|2023-02-14 20:58:00-06||t||1|0|t
21019|RKG Maguen David 1ro. primaria Abril 2023|2023-04-21 20:00:00-06|2023-04-21 12:00:00-06|65|135|72|||2023-02-14|2023-02-14|t|150000|el colegio|-|||t|0|f|f|15|15|2023-04-20 19:54:00-06|2023-02-14 20:54:00-06||f||1|0|t
21020|RKG Maguen David 3ro. primaria Abril 2023|2023-04-23 08:00:00-06|2023-04-23 12:00:00-06|65|135|72|||2023-02-14|2023-02-14|t|150000|el colegio|-|||t|0|f|f|15|15|2023-04-22 19:58:00-06|2023-02-14 20:58:00-06||f||1|0|t
21023|TAC 2023|2023-02-17 09:39:00-06|2023-02-19 09:39:00-06|70|119|75|||2023-02-17|2023-02-17|t|0|Oficina Kincampera|X confirmar|||t|0|f|f|15|15|2023-02-19 09:39:00-06|2023-02-17 09:39:00-06||t||1|0|t
20981|Humanitree Bloom 3 & 4 - Febrero 2023|2023-02-20 06:30:00-06|2023-02-23 16:45:00-06|67|138|72|https://kincamp.com/humanitree|<p>El costo del campamento es de $9,750 pesos (Nueve mil setecientos cincuenta pesos 00/100 M.N.)</p>\n\n<p><strong>La fecha l&iacute;mite de registro es el 18 de diciembre 2022 y la fecha l&iacute;mite de pago es el 26 de enero 2023</strong></p>\n\n<p>Ponemos a tu disposici&oacute;n las siguientes formas de pago:</p>\n\n<p>*Dep&oacute;sito o transferecncia</p>\n\n<p>*Con tarjeta de cr&eacute;dito v&iacute;a PAYPAL en nuestro sistema de inscripci&oacute;n (Ojo, en pago con tarjeta aplica 5% de comisi&oacute;n).</p>\n\n<p><strong>IMPORTANTE:</strong></p>\n\n<p>**Mandar el comprobante de pago a pagos@kincamp.com indicando: nombre completo del participante, escuela y grado.</p>\n\n<p>**En caso de requerir factura se agregar&aacute; el IVA correspondiente y te pedimos nos contactes para indicarte la forma de realizar el pago**</p>|2022-12-02|2023-03-23|t|150000|el colegio|quetzalhumanitreeb3423|||t|9750|f|f|15|15|2022-12-18 18:00:00-06|2022-12-02 19:54:00-06||f||1|0|f
21029|Piaget 2do. secundaria Mayo 2023|2023-05-15 06:00:00-06|2023-05-18 17:00:00-06|49|123|72|https://kincamp.com/piaget|<p>El costo del campamento es de $10,650 pesos y se realiza directamente en el colegio.</p>\n\n<p>La fecha l&iacute;mite de pago y registro es el 28 de marzo 2023</p>|2023-03-07|2023-05-10|f|300000|el colegio|quetzalpiaget2sec23|||f|10650|f|f|15|15|2023-03-28 14:41:00-06|2023-03-07 14:41:00-06||f||1|0|f
21022|Miraflores Cuernavaca 3ro. sec. Junio 2023|2023-06-27 06:00:00-06|2023-07-01 17:00:00-06|32|14|73|https://kincamp.com/miraflores|<p>El costo del campamento es de $10,850 pesos (Diez mil ochocientos cincuenta pesos 00/100 M.N.)</p>\n\n<p>La fecha l&iacute;mite de registro es el 7 de marzo y la fecha l&iacute;mite de pago es el 15 de junio 2023</p>\n\n<p>1er pago &ndash; 7 de marzo: $2,700 pesos</p>\n\n<p>2do pago &ndash; 18 de abril: $2,700 pesos</p>\n\n<p>3er pago &ndash; 16 de mayo: $2,700 pesos</p>\n\n<p>4to pago &ndash; 15 de junio: $2,750 pesos</p>\n\n<p><strong>Ponemos a tu disposici&oacute;n&nbsp;las siguientes formas de pago:</strong></p>\n\n<p>*Dep&oacute;sito o transferencia</p>\n\n<p>*Con tarjeta de cr&eacute;dito v&iacute;a PAYPAL en nuestro sistema de inscripci&oacute;n (Ojo, en pago con tarjeta aplica 5% de comisi&oacute;n).</p>\n\n<p><strong>IMPORTANTE:</strong></p>\n\n<p>**Mandar el comprobante de pago a pagos@kincamp.com indicando: nombre completo del participante, escuela y grado.</p>\n\n<p>**En caso de requerir factura se agregar&aacute; el IVA correspondiente y te pedimos nos contactes para indicarte la forma de realizar el pago**</p>|2023-02-14|2023-05-23|f|300000|el colegio|quetzalmiraflorescuerna323|||f|10850|f|f|15|15|2023-06-15 20:06:00-06|2023-02-14 21:06:00-06||f||1|0|f
20964|CCM 3ro. primaria Enero 2023|2023-01-18 06:30:00-06|2023-01-20 18:00:00-06|33|50|75|https://kincamp.com/ccm|<p>El costo del campamento es de $5,750 pesos (Cinco mil setecientos cincuenta pesos 00/100MN).</p>\n\n<p><strong>La fecha l&iacute;mite de registro es el 30 de noviembre y la fecha l&iacute;mite de pago es el 4 de enero 2023</strong></p>\n\n<p>&ndash; &ndash; &ndash; &ndash; &ndash;</p>\n\n<p><strong>Fechas de pago:</strong></p>\n\n<p>Pago 1: 30 noviembre 2022 &ndash; $2,875 pesos</p>\n\n<p>Pago 2: 4 enero 2023 &ndash; $2,875 pesos</p>\n\n<p>Ponemos a tu disposici&oacute;n 2 formas de pago:</p>\n\n<p><strong>*Dep&oacute;sito o transferencia</strong></p>\n\n<p><strong>*Con tarjeta de cr&eacute;dito v&iacute;a PAYPAL en nuestro sistema de inscripci&oacute;n (Ojo, en pago con tarjeta aplica 5% de comisi&oacute;n).</strong></p>\n\n<p><strong>IMPORTANTE:</strong></p>\n\n<p>**Mandar el comprobante de pago a pagos@kincamp.com indicando: nombre completo del participante, escuela y grado.</p>\n\n<p>**En caso de requerir factura se agregar&aacute; el IVA correspondiente y te pedimos nos contactes para indicarte la forma de realizar el pago**</p>|2022-11-07|2023-02-24|t|150000|el colegio|quetzalccm323|||t|5750|f|f|15|15|2023-01-04 17:36:00-06|2022-11-07 17:36:00-06||f||1|0|f
21033|Team Building Honda Abril 2023|2023-04-14 07:00:00-06|2023-04-14 15:00:00-06||119|72|||2023-03-22|2023-03-22|t|150000|-|-|||t|0|f|f|15|15|2023-04-14 15:00:00-06|2023-04-14 07:00:00-06||t||1|0|t
21005|Sierra Nevada Lomas 2do. y 3ro. primaria Marzo 2023|2023-03-01 07:30:00-06|2023-03-03 18:00:00-06|58|164|72|https://kincamp.com/sierranevada|<p>El costo del campamento es de $5,500 pesos (Cinco mil quinientos pesos 00/100MN).</p>\n\n<p><strong>La fecha l&iacute;mite de pago y registro es el 17 de febrero 2023</strong></p>\n\n<p>Las fechas de pago son las siguientes:</p>\n\n<p>Pago 1: 1ro. de febrero &ndash; $2,750 pesos</p>\n\n<p>Pago 2: 15 de febrero &ndash; $2,750 pesos</p>\n\n<p>&ndash; &ndash; &ndash; &ndash; &ndash;</p>\n\n<p>Ponemos a tu disposici&oacute;n 2 formas de pago:</p>\n\n<p><strong>*Dep&oacute;sito o transferencia</strong></p>\n\n<p><strong>*Con tarjeta de cr&eacute;dito v&iacute;a PAYPAL en nuestro sistema de inscripci&oacute;n (Ojo, en pago con tarjeta aplica 5% de comisi&oacute;n).</strong></p>\n\n<p><strong>IMPORTANTE:</strong></p>\n\n<p>**Mandar el comprobante de pago a pagos@kincamp.com indicando: nombre completo del participante, escuela y grado.</p>\n\n<p>**En caso de requerir factura se agregar&aacute; el IVA correspondiente y te pedimos nos contactes para indicarte la forma de realizar el pago**</p>|2023-01-21|2023-04-27|t|150000|el colegio|quetzallomas2323|||t|5500|f|f|15|15|2023-03-03 18:00:00-06|2023-03-01 07:00:00-06||f||1|0|f
20987|TCS 6to. primaria Julio 2023|2023-07-03 05:30:00-06|2023-07-05 17:00:00-06|67|48|73|https://kincamp.com/tcs|<p>El costo del campamento es de $8,874 pesos (Ocho mil ochocientos setenta y cuatro pesos 00/100MN).&nbsp;<strong>*Incluye IVA*</strong></p>\n\n<p>Si vendr&aacute;n hermanos al campamento, Kin Camp ofrece un 10% de descuento a cada uno sobre el costo del camp.</p>\n\n<p>La fecha l&iacute;mite de registro es el 17 de abril y la fecha l&iacute;mite de pago es el 17 de junio 2023</p>\n\n<p>Las fechas de pagon son:</p>\n\n<p>1er pago: 17 abril 2023 &ndash; $1,775 pesos<br />\n2do pago: 02 mayo 2023 &ndash; $1,775 pesos<br />\n3er pago: 17 mayo 2023 &ndash; $1,775 pesos<br />\n4to pago: 05 junio 2023 &ndash; $1,775 pesos<br />\n5to pago: 17 junio 2023 &ndash; $1,774 pesos</p>\n\n<p>Formas de pago:</p>\n\n<p>&ndash; Dep&oacute;sito o transferencia</p>\n\n<p>&ndash; Si quieres pagar con tarjeta de cr&eacute;dito m&aacute;ndanos un mail a info@kincamp.com y te enviaremos un bot&oacute;n de paypal. El pago con tarjeta de cr&eacute;dito tiene un 5% de comisi&oacute;n.</p>\n\n<p>IMPORTANTE: *Debes enviar el comprobante con nombre del participante, grado, colegio y datos fiscales al correo pagos@kincamp.com*</p>|2022-12-06|2023-06-29|t|300000|el colegio|quetzaltcs623|||t|8874|t|f|15|15|2023-06-20 22:14:00-06|2022-12-06 23:14:00-06||f||1|0|t
21038|Team Building JUSTO Abril 2023|2023-04-23 07:00:00-06|2023-04-23 11:00:00-06||119|72|||2023-04-14|2023-04-14|t|0|-|-|||t|0|f|f|15|15|2023-04-21 23:56:00-06|2023-04-13 23:56:00-06||t||1|0|t
21037|Team Building Grupo BAL Cooking Together Abril 2023|2023-04-14 07:00:00-06|2023-04-14 15:00:00-06||119|72|||2023-04-14|2023-04-14|t|0|-|-|||t|0|f|f|15|15|2023-04-14 15:00:00-06|2023-04-14 07:00:00-06||t||1|0|t
21036|MDLC 6to. primaria Hikin Junio 2023|2023-06-26 06:30:00-06|2023-06-30 14:30:00-06|64|75|72|https://kincamp.com/mdlc|<p>El costo del campamento es de $9,350 pesos (Nueve mil trescientos cincuenta pesos 00/100MN).</p>\n\n<p><strong>La fecha l&iacute;mite de registro es el 3 de abril y la fecha l&iacute;mite de pago es el 12 de mayo 2023</strong></p>\n\n<p>&ndash; &ndash; &ndash; &ndash; &ndash;</p>\n\n<p><strong>Fechas de pago:</strong></p>\n\n<p>1er pago: 10 abril &ndash; $6,000 pesos<br />\n2do pago: 24 abril &ndash; $1,675 pesos<br />\n3er pago: 12 de Mayo &ndash; $1,675 pesos</p>\n\n<p>&nbsp;</p>\n\n<p>Ponemos a tu disposici&oacute;n 2 formas de pago:</p>\n\n<p><strong>*Dep&oacute;sito o transferencia a la cuenta:</strong></p>\n\n<p>BBVA BANCOMER<br />\n&Aacute;NGELA PATRICIA &Aacute;VILA ROJAS<br />\nCta 0199909435 &nbsp;Clabe 012180001999094351</p>\n\n<p><strong>*Con tarjeta de cr&eacute;dito v&iacute;a PAYPAL en nuestro sistema de inscripci&oacute;n (Ojo, en pago con tarjeta aplica 5% de comisi&oacute;n).</strong></p>\n\n<p><strong>IMPORTANTE:</strong></p>\n\n<p>**Mandar el comprobante de pago a pagos@kincamp.com indicando: nombre completo del participante, escuela y grado.</p>\n\n<p>**En caso de requerir factura se agregar&aacute; el IVA correspondiente y te pedimos nos contactes para indicarte la forma de realizar el pago**</p>|2023-03-31|2023-06-26|t|300000|el colegio|quetzalmdlc623|||t|9350|f|f|15|15|2023-04-12 14:22:00-06|2023-03-31 15:22:00-06||t||1|0|t
21025|American School of Durango 3ro. sec. Mayo 2023|2023-05-02 06:00:00-06|2023-05-05 17:00:00-06|32|132|72|https://kincamp.com/asd|<p>El costo del campamento es de $9,100 pesos (Nueve mil cien pesos 00/100MN).</p>\n\n<p><strong>La fecha l&iacute;mite de registro es el 6 de marzo y la fecha l&iacute;mite de pago es el 18 de abril 2023</strong></p>\n\n<p>&ndash; &ndash; &ndash; &ndash; &ndash;</p>\n\n<p>Las fechas de pago son:</p>\n\n<p>Pago 1: 6 de marzo &ndash; $3,000 pesos</p>\n\n<p>Pago 2: 27 de marzo &ndash; $3,000 pesos</p>\n\n<p>Pago 3: 18 de abril &ndash; $3,100 pesos</p>\n\n<p>Ponemos a tu disposici&oacute;n 2 formas de pago:</p>\n\n<p><strong>*Dep&oacute;sito o transferencia</strong></p>\n\n<p><strong>*Con tarjeta de cr&eacute;dito v&iacute;a PAYPAL en nuestro sistema de inscripci&oacute;n (Ojo, en pago con tarjeta aplica 5% de comisi&oacute;n).</strong></p>\n\n<p><strong>IMPORTANTE:</strong></p>\n\n<p>**Mandar el comprobante de pago a pagos@kincamp.com indicando: nombre completo del participante, escuela y grado.</p>\n\n<p>**En caso de requerir factura se agregar&aacute; el IVA correspondiente y te pedimos nos contactes para indicarte la forma de realizar el pago**</p>|2023-02-20|2023-05-03|t|300000|el colegio|quetzalasd323|||t|9100|t|f|15|15|2023-04-18 22:15:00-06|2023-02-20 23:15:00-06||t||1|0|t
21039|RKG Green Gather Mayo 2023|2023-05-09 06:00:00-06|2023-05-09 17:00:00-06||119|72|||2023-04-19|2023-05-10|t|300000|-|quetzalgreengather23|||t|0|f|f|15|15|2023-05-07 11:06:00-06|2023-04-19 11:06:00-06||t||1|0|t
20983|TCS 2do. primaria Mayo 2023|2023-05-16 05:30:00-06|2023-05-18 16:00:00-06|9|48|72|https://kincamp.com/tcs|<p>El costo del campamento es de $7,830 pesos (Siete mil ochocientos treinta pesos 00/100MN). *Incluye IVA*</p>\n\n<p>Si vendr&aacute;n hermanos al campamento, Kin Camp ofrece un 10% de descuento a cada uno sobre el costo del camp.</p>\n\n<p>Fechas de pago:</p>\n\n<p>Pago 1: 1 de marzo &ndash; $2,610 pesos</p>\n\n<p>Pago 2: 17 abril &ndash; $2,610 pesos</p>\n\n<p>Pago 3: 3 de mayo &ndash; $2,610 pesos</p>\n\n<p>La fecha l&iacute;mite de registro es el 1ro de marzo y la fecha l&iacute;mite de pago es el 3 de mayo 2023</p>\n\n<p><strong>Formas de pago:</strong></p>\n\n<p>&ndash; Dep&oacute;sito o transferencia</p>\n\n<p>&ndash; Si quieres pagar con tarjeta de cr&eacute;dito m&aacute;ndanos un mail a info@kincamp.com y te enviaremos un bot&oacute;n de paypal. El pago con tarjeta de cr&eacute;dito tiene un 5% de comisi&oacute;n.</p>\n\n<p>IMPORTANTE: *Debes enviar el comprobante con nombre del participante, grado, colegio y datos fiscales al correo pagos@kincamp.com*</p>|2022-12-06|2023-05-11|t|300000|el colegio|quetzaltcs223|||t|7830|t|f|15|15|2023-05-01 22:13:00-06|2022-12-06 23:13:00-06||f||1|0|t
21043|Greengates J3 Junio 2023|2023-06-13 06:00:00-06|2023-06-15 17:00:00-06|58|22|73|https://kincamp.com/greengates|<p>Price of the camp is $7,150 pesos. Payments are made at school.</p>\n\n<p>Payment and registration deadline: June 2, 2023</p>|2023-05-02|2023-05-03|t|300000|school|quetzalgreengatesj323|||t|7150|f|f|15|15|2023-06-15 17:00:00-06|2023-06-13 06:00:00-06||t||1|0|t
21040|Eton 4to. PTA Mayo 2023|2023-05-26 05:30:00-06|2023-05-28 16:30:00-06|33|20|72|https://kincamp.com/eton|<p>El costo del campamento es de $7,250 pesos (Siete mil doscientos cincuenta pesos 00/100MN).</p>\n\n<p><strong>Fechas de pago:</strong></p>\n\n<p>Pago 1: 2 de mayo &ndash; $3,625 pesos</p>\n\n<p>Pago 2: 16 de mayo &ndash; $3,625 pesos</p>\n\n<p><strong>La fecha l&iacute;mite de registro es el 2 de mayo y la fecha l&iacute;mite de pago es el 16 de mayo 2023</strong></p>\n\n<p>&ndash; &ndash; &ndash; &ndash;</p>\n\n<p>Ponemos a tu disposici&oacute;n 2 formas de pago:</p>\n\n<p><strong>*Dep&oacute;sito o transferencia a la cuenta:</strong></p>\n\n<p>BBVA BANCOMER<br />\n&Aacute;NGELA PATRICIA &Aacute;VILA ROJAS<br />\nCta 0199909435 &nbsp;Clabe 012180001999094351</p>\n\n<p><strong>*Con tarjeta de cr&eacute;dito v&iacute;a PAYPAL en nuestro sistema de inscripci&oacute;n (Ojo, en pago con tarjeta aplica 5% de comisi&oacute;n).</strong></p>\n\n<p><strong>IMPORTANTE:</strong></p>\n\n<p>**Mandar el comprobante de pago a pagos@kincamp.com indicando: nombre completo del participante, escuela y grado.</p>\n\n<p>**En caso de requerir factura se agregar&aacute; el IVA correspondiente y te pedimos nos contactes para indicarte la forma de realizar el pago**</p>|2023-04-27|2023-05-24|t|300000|el colegio|quetzaleton423|||t|7250|t|f|15|15|2023-05-16 07:50:00-06|2023-04-27 07:50:00-06||t||1|0|t
21042|Sierra Nevada Interlomas 2do y 3ro. primaria Mayo 2023|2023-05-30 06:30:00-06|2023-06-01 17:00:00-06|58|166|73|https://kincamp.com/sierranevada|<h4>El costo del campamento es de $5,500 pesos (Cinco mil quinientos pesos 00/100MN).</h4>\n\n<p>Las fechas de pago son:&nbsp;</p>\n\n<p>Pago 1: 5 de mayo - $2,750 pesos</p>\n\n<p>Pago 2: 19 de mayo - $2,750 pesos</p>\n\n<p><strong>La fecha l&iacute;mite de registro es el 5 de mayo y la fecha l&iacute;mite de pago es el 19 de mayo 2023</strong></p>\n\n<p>- - - - -</p>\n\n<p>Ponemos a tu disposici&oacute;n 2 formas de pago:</p>\n\n<p><strong>*Dep&oacute;sito o transferencia a la cuenta:</strong></p>\n\n<p>BBVA BANCOMER<br />\n&Aacute;NGELA PATRICIA &Aacute;VILA ROJAS<br />\nCta 0199909435 &nbsp;Clabe 012180001999094351</p>\n\n<p><strong>*Con tarjeta de cr&eacute;dito v&iacute;a PAYPAL en nuestro sistema de inscripci&oacute;n (Ojo, en pago con tarjeta aplica 5% de comisi&oacute;n).</strong></p>\n\n<p><strong>IMPORTANTE:</strong></p>\n\n<p>**Mandar el comprobante de pago a pagos@kincamp.com indicando: nombre completo del participante, escuela y grado.</p>\n\n<p>**En caso de requerir factura se agregar&aacute; el IVA correspondiente y te pedimos nos contactes para indicarte la forma de realizar el pago**</p>|2023-05-02|2023-05-30|t|300000|el colegio|quetzalinterlomas2323|||t|5500|f|f|15|15|2023-06-01 10:03:00-06|2023-05-30 06:00:00-06||f||1|0|f
21041|Team Building KARL STORZ Mayo|2023-05-12 07:00:00-06|2023-05-12 15:00:00-06||119|73|||2023-04-28|2023-05-03|t|0|-|-|||t|0|f|f|15|15|2023-05-12 15:00:00-06|2023-05-12 07:00:00-06||t||1|0|t
21017|Teifaros Secundaria 2023|2023-04-28 06:00:00-06|2023-04-30 17:00:00-06|32|111|72|https://kincamp.com/teifaros|<p>El costo del campamento es de $6,800 pesos (Seis mil ochocientos pesos 00/100 M.N.)</p>\n\n<p><strong>La fecha l&iacute;mite de registro es el 14 de febrero y la fecha l&iacute;mite de pago es el 17 de abril 2023</strong></p>\n\n<p>Las fechas de pago son:</p>\n\n<p>Pago 1: 14 de febrero &ndash; $2,200 pesos</p>\n\n<p>Pago 2: 14 de marzo &ndash; $2,300 pesos</p>\n\n<p>Pago 3: 17 abril &ndash; $2,300 pesos</p>\n\n<p>Ponemos a tu disposici&oacute;n 2 formas de pago:</p>\n\n<p>*Dep&oacute;sito o transferencia</p>\n\n<p>*Con tarjeta de cr&eacute;dito v&iacute;a PAYPAL en nuestro sistema de inscripci&oacute;n (Ojo, en pago con tarjeta aplica 5% de comisi&oacute;n).</p>\n\n<p><strong>IMPORTANTE:</strong></p>\n\n<p>**Mandar el comprobante de pago a pagos@kincamp.com indicando: nombre completo del participante, escuela y grado.</p>\n\n<p>**En caso de requerir factura se agregar&aacute; el IVA correspondiente y te pedimos nos contactes para indicarte la forma de realizar el pago**</p>|2023-02-09|2023-06-08|t|150000|el colegio|quetzalteifarossec23|||t|6800|f|f|15|15|2023-04-15 18:35:00-06|2023-02-09 19:35:00-06||f||1|0|f
20958|Livingstone 6to. primaria Julio 2023|2023-07-13 06:00:00-06|2023-07-15 17:00:00-06|25|145|72|https://kincamp.com/livingstone|<p>El costo del campamento es de $5,500 pesos (Cinco mil quinientos&nbsp;pesos&nbsp;00/100MN).</p>\n\n<p><strong>La fecha l&iacute;mite de registro es el 31 de octubre 2022 y la fecha l&iacute;mite de pago es el 2 de junio 2023</strong></p>\n\n<p>&ndash; &ndash; &ndash; &ndash; &ndash;</p>\n\n<p><strong>Fechas de pago:</strong></p>\n\n<p>Pago 1: 31 de octubre &ndash; $500 pesos</p>\n\n<p>Pago 2: 30 de noviembre &ndash; $1,000 pesos</p>\n\n<p>Pago 3: 31 de enero &ndash; $1,000 pesos</p>\n\n<p>Pago 4: 28 de marzo &ndash; $1,000 pesos</p>\n\n<p>Pago 5: 2 de mayo &ndash; $1,000 pesos</p>\n\n<p>Pago 6: 2 de junio &ndash; $1,000 pesos (Fecha l&iacute;mite de pago)</p>\n\n<p>Ponemos a tu disposici&oacute;n 2 formas de pago:</p>\n\n<p><strong>*Dep&oacute;sito o transferencia</strong></p>\n\n<p><strong>*Con tarjeta de cr&eacute;dito v&iacute;a PAYPAL en nuestro sistema de inscripci&oacute;n (Ojo, en pago con tarjeta aplica 5% de comisi&oacute;n).</strong></p>\n\n<p><strong>IMPORTANTE:</strong></p>\n\n<p>**Mandar el comprobante de pago a pagos@kincamp.com indicando: nombre completo del participante, escuela y grado.</p>\n\n<p>**En caso de requerir factura se agregar&aacute; el IVA correspondiente y te pedimos nos contactes para indicarte la forma de realizar el pago**</p>|2022-10-13|2023-06-26|t|300000|el colegio|quetzallivingstone623|||t|5500|t|f|15|15|2022-10-31 09:57:00-06|2022-10-13 09:57:00-05||t||1|0|t
20968|CCM 5to. primaria Junio 2023|2023-06-21 06:00:00-06|2023-06-23 17:00:00-06|25|50|72|https://kincamp.com/ccm|<p>El costo del campamento es de $5,750 pesos (Cinco mil setecientos cincuenta pesos 00/100 M.N.)</p>\n\n<p><strong>Las fechas de pago son:&nbsp;</strong></p>\n\n<p>1er pago: 30 de abril &ndash; $1,900 pesos</p>\n\n<p>2do pago: 17 de mayo &ndash; $1,900 pesos</p>\n\n<p>3er pago: 5 de junio &ndash; $1,950 pesos</p>\n\n<p><strong>La fecha l&iacute;mite de registro es el 30 de abril y la fecha l&iacute;mite de pago es el 5 de junio 2023</strong></p>\n\n<p>Ponemos a tu disposici&oacute;n&nbsp;las siguientes formas de pago:</p>\n\n<p>*Dep&oacute;sito o transferencia&nbsp;</p>\n\n<p>*Con tarjeta de cr&eacute;dito v&iacute;a PAYPAL en nuestro sistema de inscripci&oacute;n (Ojo, en pago con tarjeta aplica 5% de comisi&oacute;n).</p>\n\n<p><strong>IMPORTANTE:</strong></p>\n\n<p>**Mandar el comprobante de pago a pagos@kincamp.com indicando: nombre completo del participante, escuela y grado.</p>\n\n<p>**En caso de requerir factura se agregar&aacute; el IVA correspondiente y te pedimos nos contactes para indicarte la forma de realizar el pago**</p>|2022-11-08|2023-05-03|t|300000|el colegio|quetzalccm523|||t|5750|t|f|15|15|2023-06-15 11:54:00-06|2022-11-08 12:54:00-06||t||1|0|t
20961|Hellen Keller 6to. primaria Mayo 2023|2023-05-04 06:00:00-06|2023-05-08 17:00:00-06|25|108|72|https://kincamp.com/hellenkeller|<p>El costo del campamento es de $9,200 pesos (Nueve mil doscientos pesos 00/100MN).</p>\n\n<p><strong>La fecha l&iacute;mite de registro es el 15 de noviembre 2022 y la fecha l&iacute;mite de pago es el 17 de abril 2023</strong></p>\n\n<p>Las fechas de pago son las siguientes:</p>\n\n<p>1ra fecha de pago: 15 de noviembre &ndash; $1,500 pesos (inscripci&oacute;n)</p>\n\n<p>2da fecha de pago: 15 Diciembre &ndash; $1,500 pesos</p>\n\n<p>3ra fecha de pago: 16 de Enero &ndash; $1,500 pesos</p>\n\n<p>4ta fecha de pago: 15 de Febrero &ndash; $1,500 pesos</p>\n\n<p>5to fecha pago: 15 Marzo &ndash; $1,600 pesos</p>\n\n<p>6ta fecha pago: 17 abril &ndash; $1,600 pesos</p>\n\n<p><strong>Ponemos a tu disposici&oacute;n 2 formas de pago:</strong></p>\n\n<p>*Dep&oacute;sito o transferencia</p>\n\n<p>*Con tarjeta de cr&eacute;dito v&iacute;a PAYPAL en nuestro sistema de inscripci&oacute;n (Ojo, en pago con tarjeta aplica 5% de comisi&oacute;n).</p>\n\n<p><strong>IMPORTANTE:</strong></p>\n\n<p>**Mandar el comprobante de pago a pagos@kincamp.com indicando: nombre completo del participante, escuela y grado.</p>\n\n<p>**En caso de requerir factura se agregar&aacute; el IVA correspondiente y te pedimos nos contactes para indicarte la forma de realizar el pago**</p>|2022-10-25|2023-05-03|t|300000|el colegio|quetzalhellenkeller623|||t|9200|t|f|15|15|2023-04-17 10:32:00-06|2022-10-25 11:32:00-05||t||1|0|t
20971|Colegio Cuernavaca 3ro. sec. Mayo 2023|2023-05-12 06:00:00-06|2023-05-15 17:00:00-06|25|137|72|https://kincamp.com/ccuernavaca|<p>El costo del campamento es de $6,400 pesos (Seis mil cuatrocientos pesos 00/100MN).</p>\n\n<p><strong>La fecha l&iacute;mite de registro es el 30 de noviembre 2022 y la fecha l&iacute;mite de pago es el 28 de abril 2023.</strong></p>\n\n<p>Fechas de pago:</p>\n\n<p>1er fecha de pago: 30 de noviembre &ndash; $1,100 pesos (Fecha de inscripci&oacute;n, cupo m&iacute;nimo 30 campers)</p>\n\n<p>2da fecha de pago: 15 diciembre &ndash; $1,100 pesos</p>\n\n<p>3er fecha de pago: 31 enero &ndash; $1,100 pesos</p>\n\n<p>4ta fecha de pago: 28 febrero &ndash; $1,100 pesos</p>\n\n<p>5ta fecha de pago: 31 marzo &ndash; $1,000 pesos</p>\n\n<p>6ta fecha de pago &ndash; 28 abril &ndash; $1,000 pesos (fecha l&iacute;mite de pago)</p>\n\n<p>&ndash; &ndash; &ndash; &ndash; &ndash;</p>\n\n<p>Ponemos a tu disposici&oacute;n 2 formas de pago:</p>\n\n<p><strong>*Dep&oacute;sito o transferencia </strong></p>\n\n<p><strong>*Con tarjeta de cr&eacute;dito v&iacute;a PAYPAL en nuestro sistema de inscripci&oacute;n (Ojo, en pago con tarjeta aplica 5% de comisi&oacute;n).</strong></p>\n\n<p><strong>IMPORTANTE:</strong></p>\n\n<p>**Mandar el comprobante de pago a pagos@kincamp.com indicando: nombre completo del participante, escuela y grado.</p>\n\n<p>**En caso de requerir factura se agregar&aacute; el IVA correspondiente y te pedimos nos contactes para indicarte la forma de realizar el pago**</p>|2022-11-08|2023-05-09|t|300000|el colegio|quetzalccuernavacasec23|||t|6400|t|f|15|15|2023-04-28 12:31:00-06|2022-11-08 13:31:00-06||t||1|0|t
20990|Modern American School - Yumal, Mayo 2023|2023-05-13 08:00:00-06|2023-05-14 15:00:00-06|33|174|72|https://kincamp.com/mas|<p>El costo del campamento es de:</p>\n\n<p>&ndash; Estancia en campamento con tienda de acampar propia: $5,600 pesos ($2,800 pesos por persona)</p>\n\n<p>&ndash; Estancia en habitaci&oacute;n con capacidad de 4 a 8 personas: $7,800 pesos ($3,900 pesos por persona)</p>\n\n<p><strong>*No incluye transporte*</strong></p>\n\n<p><strong>La fecha l&iacute;mite de registro es el 15 de marzo 2023 y la fecha l&iacute;mite de registro es el 28 de abril 2023</strong></p>\n\n<p>&ndash; &ndash; &ndash; &ndash; &ndash;</p>\n\n<p>Ponemos a tu disposici&oacute;n 2 formas de pago:</p>\n\n<p><strong>*Dep&oacute;sito o transferencia</strong></p>\n\n<p><strong>*Con tarjeta de cr&eacute;dito v&iacute;a PAYPAL en nuestro sistema de inscripci&oacute;n (Ojo, en pago con tarjeta aplica 5% de comisi&oacute;n).</strong></p>\n\n<p><strong>IMPORTANTE:</strong></p>\n\n<p>**Mandar el comprobante de pago a pagos@kincamp.com indicando: nombre completo del participante, escuela y grado.</p>\n\n<p>**En caso de requerir factura se agregar&aacute; el IVA correspondiente y te pedimos nos contactes para indicarte la forma de realizar el pago**</p>|2022-12-15|2023-05-09|t|300000|Rancho Los Leones: https://goo.gl/maps/3K35oJJVQswA8fSMA|quetzalmas23|||t|5600|t|f|15|15|2023-02-10 10:58:00-06|2022-12-15 10:58:00-06||t||1|0|t
21044|RKG Anglo Americano Lomas Bachillerato Mayo 2023|2023-05-26 06:00:00-06|2023-05-26 17:00:00-06|65|119|73|https://kincamp.com||2023-05-09|2023-05-09|t|0|-|-|||t|0|f|f|15|15|2023-05-25 18:24:00-06|2023-05-09 18:24:00-06||t||1|0|t
21045|RKG Anglo Americano Lomas 3ro. sec. Junio 2023|2023-06-02 18:28:00-06|2023-06-02 18:28:00-06|65|119|73|https://kincamp.com||2023-05-09|2023-05-09|t|0|-|-|||t|0|f|f|15|15|2023-06-01 18:28:00-06|2023-05-09 18:28:00-06||t||1|0|t
21046|RKG Anglo Americano Lomas 6to. primaria Junio 2023|2023-06-29 18:28:00-06|2023-06-29 18:28:00-06|65|119|73|https://kincamp.com||2023-05-09|2023-05-09|t|0|-|-|||t|0|f|f|15|15|2023-06-28 18:28:00-06|2023-05-09 18:28:00-06||t||1|0|t
21047|Sierra Nevada Interlomas 6to. primaria Junio 2023|2023-06-21 07:00:00-06|2023-06-23 17:00:00-06|48|166|73|https://kincamp.com/sierranevada|<p>El costo del campamento es de $5,500 pesos (Cinco mil quinientos pesos 00/100MN).</p>\n\n<p><strong>La fecha l&iacute;mite de registro es el 5 de junio 2023 y la fecha l&iacute;mite de pago es el 15 de junio 2023</strong></p>\n\n<p>&ndash; &ndash; &ndash; &ndash; &ndash;</p>\n\n<p>Ponemos a tu disposici&oacute;n 2 formas de pago:</p>\n\n<p><strong>*Dep&oacute;sito o transferencia a la cuenta:</strong></p>\n\n<p>BBVA BANCOMER<br />\n&Aacute;NGELA PATRICIA &Aacute;VILA ROJAS<br />\nCta 0199909435 &nbsp;Clabe 012180001999094351</p>\n\n<p><strong>*Con tarjeta de cr&eacute;dito v&iacute;a PAYPAL en nuestro sistema de inscripci&oacute;n (Ojo, en pago con tarjeta aplica 5% de comisi&oacute;n).</strong></p>\n\n<p><strong>IMPORTANTE:</strong></p>\n\n<p>**Mandar el comprobante de pago a pagos@kincamp.com indicando: nombre completo del participante, escuela y grado.</p>\n\n<p>**En caso de requerir factura se agregar&aacute; el IVA correspondiente y te pedimos nos contactes para indicarte la forma de realizar el pago**</p>|2023-05-11|2023-06-18|t|300000|el colegio|quetzalinterlomas623|||t|5500|t|f|15|15|2023-06-15 12:35:00-06|2023-05-11 12:35:00-06||t||1|0|t
20936|Buena Tierra 6to. primaria Mayo 2023|2023-05-18 06:30:00-06|2023-05-21 17:00:00-06|25|109|72|https://kincamp.com/cbt|<p>El costo del campamento es de $7,200 pesos (Siete mil doscientos pesos 00/100MN).</p>\n\n<p><strong>La fecha l&iacute;mite de registro es el 17 de octubre 2022 y la fecha l&iacute;mite de pago es el 4&nbsp;de mayo 2023</strong></p>\n\n<p>&ndash; &ndash; &ndash; &ndash; &ndash;</p>\n\n<p><strong>Fechas de pago:</strong></p>\n\n<p>Pago 1 (inscripci&oacute;n): 17 octubre &ndash; $1,100 pesos</p>\n\n<p>Pago 2: 16 noviembre &ndash; $1,100 pesos</p>\n\n<p>Pago 3: 16 enero &ndash; $1,000 pesos</p>\n\n<p>Pago 4 16 febrero &ndash; $1,000 pesos</p>\n\n<p>Pago 5: 16 marzo &ndash; $1,000 pesos</p>\n\n<p>Pago 6: 17 abril &ndash; $1,000 pesos</p>\n\n<p>Pago 7 (finiqiuto): 4 de mayo &ndash; $1,000 pesos</p>\n\n<p>Ponemos a tu disposici&oacute;n 2 formas de pago:</p>\n\n<p><strong>*Dep&oacute;sito o transferencia</strong></p>\n\n<p><strong>*Con tarjeta de cr&eacute;dito v&iacute;a PAYPAL en nuestro sistema de inscripci&oacute;n (Ojo, en pago con tarjeta aplica 5% de comisi&oacute;n).</strong></p>\n\n<p><strong>IMPORTANTE:</strong></p>\n\n<p>**Mandar el comprobante de pago a pagos@kincamp.com indicando: nombre completo del participante, escuela y grado.</p>\n\n<p>**En caso de requerir factura se agregar&aacute; el IVA correspondiente y te pedimos nos contactes para indicarte la forma de realizar el pago**</p>|2022-10-03|2023-05-17|t|300000|el colegio|quetzalcbt623|||t|7200|t|f|15|15|2022-10-17 23:40:00-05|2022-10-03 23:40:00-05||t||1|0|t
21049|Team Building PROSA Junio 2023|2023-06-09 07:00:00-06|2023-06-09 16:00:00-06||119|73|||2023-05-19|2023-05-19|t|0|-|-|||t|0|f|f|15|15|2023-06-08 20:04:00-06|2023-05-19 20:04:00-06||t||1|0|t
21050|Día de la Familia Stryker Junio 2023|2023-06-17 07:00:00-06|2023-06-17 14:00:00-06||119|73|||2023-05-19|2023-05-19|t|0|-|-|||t|0|f|f|15|15|2023-06-16 20:05:00-06|2023-05-19 20:05:00-06||t||1|0|t
21048|Team Building INVEX Junio 2023|2023-06-23 15:00:00-06|2023-06-23 18:00:00-06||119|73|||2023-05-19|2023-05-30|t|0|-|-|||t|0|f|f|15|15|2023-06-22 20:03:00-06|2023-05-19 20:03:00-06||t||1|0|t
21014|Tomás Moro Maguey 6to. primaria Mayo 2023|2023-05-29 05:00:00-06|2023-05-31 17:00:00-06|25|66|72|https://kincamp.com/tmm|<p>El costo del campamento es de $5,775 (Cinco mil setecientos setenta y cinco pesos 00/100 M.N.)</p>\n\n<p><strong>La fecha l&iacute;mite de registro es el 15 de febrero 2023 y la fecha l&iacute;mite de pago es el 16 de mayo 2023.</strong></p>\n\n<p>Las fechas de pago son:</p>\n\n<p>1er pago: 15 febrero 2023 - $1,500 pesos<br />\n2do pago: 15 marzo 2023 -&nbsp;$1,500 pesos<br />\n3er pago: 17 abril 202 -&nbsp;$1,500 pesos<br />\n4to pago: 16 mayo 2023 -&nbsp;$1,275 pesos</p>\n\n<p>&ndash; &ndash; &ndash; &ndash; &ndash;</p>\n\n<p>Ponemos a tu disposici&oacute;n 2 formas de pago:</p>\n\n<p><strong>*Dep&oacute;sito o transferencia </strong></p>\n\n<p><strong>*Con tarjeta de cr&eacute;dito v&iacute;a PAYPAL en nuestro sistema de inscripci&oacute;n (Ojo, en pago con tarjeta aplica 5% de comisi&oacute;n).</strong></p>\n\n<p><strong>IMPORTANTE:</strong></p>\n\n<p>**Mandar el comprobante de pago a pagos@kincamp.com indicando: nombre completo del participante, escuela y grado.</p>\n\n<p>**En caso de requerir factura se agregar&aacute; el IVA correspondiente y te pedimos nos contactes para indicarte la forma de realizar el pago**</p>|2023-02-02|2023-05-25|t|300000|el colegio|quetzaltomasmoro623|||t|5775|t|f|15|15|2023-05-31 17:00:00-06|2023-05-29 06:00:00-06||t||1|0|t
21051|Wandú SEEd AIP 6to. primaria Octubre 2023|2023-10-04 07:00:00-06|2023-10-06 13:30:00-06|71|178|74||<p>Fecha l&iacute;mite de pago: 15 de septiembre</p>\n\n<p>Fecha limite de inscripci&oacute;n: 15 de junio</p>\n\n<p>Los pagos se realizan a trav&eacute;s de la app de TIP-TAP</p>\n\n<p>Precio de contado 252 US</p>\n\n<p>Pago a plazos: 4 pagos de 65 US<br />\n<br />\n1er Pago 15 de Julio: 65 USD<br />\n2do Pago 15 Agosto 65 USD<br />\n3er Pago: 30 Agosto 65 USD<br />\n4to Pago: 15 Septiembre 65 USD<br />\n&nbsp;</p>\n\n<p>TODOS LOS PRECIOS EN USD.</p>|2023-05-31|2023-06-08|t|10000|-|wanduAIP|||t|252|f|f|15|15|2023-06-15 20:21:00-06|2023-05-31 20:21:00-06||f||2|0|f
21007|Tomás Moro Maguey 4to. y 5to. primaria Mayo 2023|2023-05-29 05:00:00-06|2023-05-30 17:00:00-06|25|66|72|https://kincamp.com/tmm|<p>El costo del campamento es&nbsp;de $3,990 (Tres mil novecientos noventa pesos 00/100 M.N.)</p>\n\n<p><strong>La fecha l&iacute;mite de registro es el 15 de febrero 2023 y la fecha l&iacute;mite de pago es el 16 de mayo 2023.</strong></p>\n\n<p>Las fechas de pago son:</p>\n\n<p>1er pago: 15 febrero 2023 -&nbsp;$1,000 pesos&nbsp;<br />\n2do pago: 15 marzo 2023 -&nbsp;$1,000 pesos&nbsp;<br />\n3er pago: 17 abril 2023 - $1,000 pesos&nbsp;<br />\n4to pago: 16 mayo 2023 - $990 pesos&nbsp;</p>\n\n<p>&ndash; &ndash; &ndash; &ndash; &ndash;</p>\n\n<p>Ponemos a tu disposici&oacute;n 2 formas de pago:</p>\n\n<p><strong>*Dep&oacute;sito o transferencia </strong></p>\n\n<p><strong>*Con tarjeta de cr&eacute;dito v&iacute;a PAYPAL en nuestro sistema de inscripci&oacute;n (Ojo, en pago con tarjeta aplica 5% de comisi&oacute;n).</strong></p>\n\n<p><strong>IMPORTANTE:</strong></p>\n\n<p>**Mandar el comprobante de pago a pagos@kincamp.com indicando: nombre completo del participante, escuela y grado.</p>\n\n<p>**En caso de requerir factura se agregar&aacute; el IVA correspondiente y te pedimos nos contactes para indicarte la forma de realizar el pago**</p>|2023-01-25|2023-06-05|t|300000|el colegio|quetzaltomasmoro4523|||t|3990|f|f|15|15|2023-05-15 09:09:00-06|2023-01-25 10:09:00-06||f||1|0|f
20934|Buena Tierra 3ro. sec. Junio 2023|2023-06-08 06:00:00-06|2023-06-11 17:00:00-06|25|109|73|https://kincamp.com/cbt|<p>El costo del campamento es de $7,200 pesos (Siete mil doscientos pesos 00/100MN).</p>\n\n<p><strong>La fecha l&iacute;mite de registro es el 14 de octubre 2022 y la fecha l&iacute;mite de pago es el 17 de mayo 2023</strong></p>\n\n<p>Las fechas de pago son las siguientes:</p>\n\n<p>Pago 1: 14 octubre &ndash; $1,100 pesos</p>\n\n<p>Pago 2: 17 noviembre &ndash; $1,000 pesos</p>\n\n<p>Pago 3: 17 enero &ndash; $1,000 pesos</p>\n\n<p>Pago 4: 17 febrero &ndash; $1,000 pesos</p>\n\n<p>Pago 5: 17 marzo &ndash; $1,000 pesos</p>\n\n<p>Pago 6: 17 abril &ndash; $1,000 pesos</p>\n\n<p>Pago 7: 17 mayo &ndash; $1,000 pesos</p>\n\n<p>Ponemos a tu disposici&oacute;n las siguientes formas de pago:</p>\n\n<p>*Dep&oacute;sito o transferencia&nbsp;</p>\n\n<p>*Con tarjeta de cr&eacute;dito v&iacute;a PAYPAL en nuestro sistema de inscripci&oacute;n (Ojo, en pago con tarjeta aplica 5% de comisi&oacute;n).</p>\n\n<p><strong>IMPORTANTE:</strong></p>\n\n<p>**Mandar el comprobante de pago a pagos@kincamp.com indicando: nombre completo del participante, escuela y grado.</p>\n\n<p>**En caso de requerir factura se agregar&aacute; el IVA correspondiente y te pedimos nos contactes para indicarte la forma de realizar el pago**</p>|2022-09-29|2023-06-07|t|300000|el colegio|quetzalcbt323|||t|7200|t|t|15|15|2022-10-14 12:14:00-05|2022-09-29 12:14:00-05||t||1|0|t
21015|TCS 3ro. secundaria. Junio 2023|2023-06-13 05:15:00-06|2023-06-16 17:00:00-06|32|48|73|https://kincamp.com/tcs||2023-02-08|2023-06-10|t|300000|el colegio|quetzaltcs3sec23|||t|8990|t|f|15|15|2023-05-16 15:25:00-06|2023-02-08 16:25:00-06|<p>El costo del campamento es de $8,990* pesos (Ocho mil novecientos noventa pesos 00/100MN)&nbsp;<strong>*Incluye IVA*</strong></p>\n\n<p>Si vendr&aacute;n hermanos al campamento, Kin Camp ofrece un 10% de descuento a cada uno sobre el costo del camp.</p>\n\n<p>Fechas de pago:</p>\n\n<p>Pago 1: 16 de marzo &ndash; $3,000&nbsp; pesos</p>\n\n<p>Pago 2: 17 de abril &ndash; $3,000 pesos</p>\n\n<p>Pago 3: 16 de mayo &ndash; $2,990 pesos</p>\n\n<p><strong>La fecha l&iacute;mite de registro es el 16 de marzo y la fecha l&iacute;mite de pago es el 16 de mayo 2023</strong></p>\n\n<p>&ndash; Dep&oacute;sito o transferencia</p>\n\n<p>&ndash; Si quieres pagar con tarjeta de cr&eacute;dito m&aacute;ndanos un mail a info@kincamp.com y te enviaremos un bot&oacute;n de paypal. El pago con tarjeta de cr&eacute;dito tiene un 5% de comisi&oacute;n.</p>\n\n<p><strong>IMPORTANTE:&nbsp;</strong><strong>*Debes enviar el comprobante con nombre del participante, grado, colegio y datos fiscales al correo pagos@kincamp.com*</strong></p>|f||1|0|t
21055|Wandú Oxford International School 10mo grado Septiembre 2023|2023-09-26 06:00:00-06|2023-09-28 17:00:00-06||179|73||<p>TODOS LOS PRECIOS EN USD</p>|2023-06-13|2023-06-27|t|10000|-|quetzaloxford1023|||t|273|f|f|15|15|2023-09-28 17:00:00-06|2023-09-26 06:00:00-06||f||2|0|f
21053|Wandú Oxford International School 12vo grado Septiembre 2023|2023-09-06 06:00:00-06|2023-09-08 17:00:00-06||179|73||<p>PRECIOS EN USD</p>|2023-06-13|2023-06-27|t|10000|-|quetzaloxford1223|||t|273|f|f|15|15|2023-09-08 17:00:00-06|2023-09-06 06:00:00-06||f||2|0|f
21054|Wandú Oxford International School 11vo grado Septiembre 2023|2023-09-13 06:00:00-06|2023-09-15 17:00:00-06||179|73||<p>PRECIOS EN USD</p>|2023-06-13|2023-06-27|t|10000|-|quetzaloxford1123|||t|273|f|f|15|15|2023-09-15 17:00:00-06|2023-09-13 06:00:00-06||f||2|0|f
21052|Canadian Village Camp MX July 2023|2023-07-09 08:00:00-06|2023-07-22 16:00:00-06|32|103|73|https://canadianvillage.mx/general-info|<p>El precio es de <strong>$2,600 d&oacute;lares *</strong> o su equivalente en pesos seg&uacute;n al tipo de cambio del d&iacute;a.</p>\n\n<p>Luggage Kit:&nbsp; + 150&nbsp;d&oacute;lares Obligatorio&nbsp;</p>\n\n<p>*Se usar&aacute; la equivalencia en pesos seg&uacute;n el tipo de cambio del d&iacute;a.&nbsp;</p>|2023-06-12|2023-07-06|t|300000|Parque México|quetzalcvc23|||t|2600|f|f|15|15|2023-07-22 16:00:00-06|2023-07-09 07:00:00-06||f||2|0|t
21010|Nuevo Continente CDMX 4to. primaria Junio 2023|2023-06-15 06:00:00-06|2023-06-17 16:00:00-06|25|176|73|https://kincamp.com/nc|<p>El costo del campamento es de $5,500 pesos (Cinco mil quinientos pesos 00/100MN).</p>\n\n<p>1er pago: 20 de marzo &ndash; $2,750 pesos</p>\n\n<p>2do pago: 2 de mayo &ndash; $2,750 pesos</p>\n\n<p><strong>La fecha l&iacute;mite de registro es el 20 de febrero y la fecha l&iacute;mite de pago es el 2 de mayo 2023</strong></p>\n\n<p>&ndash; &ndash; &ndash; &ndash; &ndash;</p>\n\n<p>Ponemos a tu disposici&oacute;n 2 formas de pago:</p>\n\n<p><strong>*Dep&oacute;sito o transferencia a la cuenta:</strong></p>\n\n<p>BBVA BANCOMER<br />\n&Aacute;NGELA PATRICIA &Aacute;VILA ROJAS<br />\nCta <a href="tel:0199909435">0199909435</a> &nbsp;Clabe 012180001999094351</p>\n\n<p><strong>*Con tarjeta de cr&eacute;dito v&iacute;a PAYPAL en nuestro sistema de inscripci&oacute;n (Ojo, en pago con tarjeta aplica 5% de comisi&oacute;n).</strong></p>\n\n<p><strong>IMPORTANTE:</strong></p>\n\n<p>**Mandar el comprobante de pago a pagos@kincamp.com indicando: nombre completo del participante, escuela y grado.</p>\n\n<p>**En caso de requerir factura se agregar&aacute; el IVA correspondiente y te pedimos nos contactes para indicarte la forma de realizar el pago**</p>|2023-01-25|2023-06-15|t|300000|el colegio|quetzalnc423|||t|5500|t|f|15|15|2023-05-02 19:55:00-06|2023-01-25 20:55:00-06||t||1|0|t
21008|Centro Educativo Jean Piaget 3ro. sec. Junio 2023|2023-06-26 05:30:00-06|2023-06-28 17:00:00-06|67|175|73|https://kincamp.com/cejp|<p>El costo del campamento es de $6,500 pesos (Seis mil quinientos pesos 00/100 M.N.)</p>\n\n<p><strong>La fecha l&iacute;mite de pago y registro es el 12 de junio 2023</strong></p>\n\n<p>&ndash; &ndash; &ndash; &ndash; &ndash;</p>\n\n<p><strong>Fechas de pago:</strong></p>\n\n<p>1er pago: 17 de febrero &ndash; $1,300 pesos</p>\n\n<p>2do. pago: 17 de marzo &ndash; $1,300 pesos</p>\n\n<p>3er. pago: 18 de abril &ndash; $1,300 pesos</p>\n\n<p>4to. pago: 18 Mayo &ndash; $1,300 pesos</p>\n\n<p>5to. pago: 12 junio &ndash; $1,300 pesos</p>\n\n<p>Ponemos a tu disposici&oacute;n 2 formas de pago:</p>\n\n<p><strong>*Dep&oacute;sito o transferencia</strong></p>\n\n<p><strong>*Con tarjeta de cr&eacute;dito v&iacute;a PAYPAL en nuestro sistema de inscripci&oacute;n (Ojo, en pago con tarjeta aplica 5% de comisi&oacute;n).</strong></p>\n\n<p><strong>IMPORTANTE:</strong></p>\n\n<p>**Mandar el comprobante de pago a pagos@kincamp.com indicando: nombre completo del participante, escuela y grado.</p>\n\n<p>**En caso de requerir factura se agregar&aacute; el IVA correspondiente y te pedimos nos contactes para indicarte la forma de realizar el pago**</p>|2023-01-25|2023-06-22|t|300000|el colegio|quetzalcejp323|||t|6500|t|f|15|15|2023-06-12 17:00:00-06|2023-01-25 16:42:00-06||t||1|0|t
20973|Hamilton 6to. primaria Junio 2023|2023-07-03 06:00:00-06|2023-07-06 17:00:00-06|25|54|73|https://kincamp.com/hamilton|<p>El costo del campamento es de $7,000 pesos (Siete mil pesos 00/100MN).</p>\n\n<p>La fecha l&iacute;mite de registro es el 30 de noviembre y la fecha l&iacute;mite de pago es el 15 de mayo 2023</p>\n\n<p>Fechas de pago:</p>\n\n<p>Fecha de inscripci&oacute;n del 11 al 30 de noviembre</p>\n\n<p>1er pago: 30 noviembre &ndash; $1,000 pesos</p>\n\n<p>2do pago: 15 diciembre &ndash; $1,000 pesos</p>\n\n<p>3er pago:16 enero &ndash; $1,000 pesos</p>\n\n<p>4to pago: 15 febrero &ndash; $1,000 pesos</p>\n\n<p>5to pago: 15 marzo &ndash; $1,000 pesos</p>\n\n<p>6to pago: 17 de abril &ndash; $1,000 pesos</p>\n\n<p>7mo pago: 15 mayo &ndash; $1,000 pesos</p>\n\n<p>&ndash; &ndash; &ndash; &ndash; &ndash;</p>\n\n<p>*Dep&oacute;sito o transferencia</p>\n\n<p>*Con tarjeta de cr&eacute;dito v&iacute;a PAYPAL en nuestro sistema de inscripci&oacute;n (Ojo, en pago con tarjeta aplica 5% de comisi&oacute;n).</p>\n\n<p><strong>IMPORTANTE:</strong></p>\n\n<p>**Mandar el comprobante de pago a pagos@kincamp.com indicando: nombre completo del participante, escuela y grado.</p>\n\n<p>**En caso de requerir factura se agregar&aacute; el IVA correspondiente y te pedimos nos contactes para indicarte la forma de realizar el pago**</p>|2022-11-10|2023-06-29|t|300000|el colegio|quetzalhamilton623|||t|7000|t|f|15|15|2023-05-15 12:30:00-06|2022-11-10 13:30:00-06||t||1|0|t
20906|Hamilton 3ro. Sec. Julio 2023|2023-07-05 05:00:00-06|2023-07-08 17:00:00-06|48|54|72|https://kincamp.com/hamilton|<p>El costo del campamento es de $7,000 pesos (Siete mil pesos 00/100MN).</p>\n\n<p>La fecha l&iacute;mite de pago y registro es el 15 de junio 2023</p>\n\n<p>&ndash; &ndash; &ndash; &ndash; &ndash;</p>\n\n<p>Fechas de pago:</p>\n\n<p>1er pago: 17 de octubre 2022 &ndash; $1,000 pesos</p>\n\n<p>2do pago: 15 de noviembre 2022 &ndash; $1,000 pesos</p>\n\n<p>3er pago:15 de febrero 2023 &ndash; $1,000 pesos</p>\n\n<p>4to pago:&nbsp;15 de marzo 2023 &ndash; $1,000 pesos</p>\n\n<p>5to pago: 17 de abril 2023 &ndash; $1,000 pesos</p>\n\n<p>6to pago:&nbsp;15 de mayo 2023 &ndash; $1,000 pesos</p>\n\n<p>7mo pago: 15 de junio 2023 &ndash; $1,000 pesos</p>\n\n<p>*Dep&oacute;sito o transferencia a la cuenta:</p>\n\n<p>BBVA BANCOMER<br />\n&Aacute;NGELA PATRICIA &Aacute;VILA ROJAS<br />\nCta 0199909435 &nbsp;Clabe 012180001999094351</p>\n\n<p>*Con tarjeta de cr&eacute;dito v&iacute;a PAYPAL en nuestro sistema de inscripci&oacute;n (Ojo, en pago con tarjeta aplica 5% de comisi&oacute;n).</p>\n\n<p>IMPORTANTE:</p>\n\n<p>**Mandar el comprobante de pago a pagos@kincamp.com indicando: nombre completo del participante, escuela y grado.</p>\n\n<p>**En caso de requerir factura se agregar&aacute; el IVA correspondiente y te pedimos nos contactes para indicarte la forma de realizar el pago.</p>|2022-09-12|2023-07-02|t|300000|el colegio|quetzalhamilton323|||t|7000|t|t|15|15|2022-07-15 23:24:00-05|2022-09-12 23:24:00-05||t||1|0|t
